epoch,time,train/box_loss,train/seg_loss,train/cls_loss,train/dfl_loss,metrics/precision(B),metrics/recall(B),metrics/mAP50(B),metrics/mAP50-95(B),metrics/precision(M),metrics/recall(M),metrics/mAP50(M),metrics/mAP50-95(M),val/box_loss,val/seg_loss,val/cls_loss,val/dfl_loss,lr/pg0,lr/pg1,lr/pg2
1,17.5682,1.93879,3.50587,6.25391,1.69726,0.06044,0.03,0.0118,0.00894,0.06085,0.03,0.0117,0.00684,2.30674,3.92978,6.89596,2.08519,0.0006,0.0006,0.0006
2,22.027,1.76554,3.22296,5.26571,1.5729,0.10282,0.13556,0.08384,0.04981,0.11818,0.12167,0.08243,0.04862,1.54341,2.9942,4.58973,1.41247,0.00129987,0.00129987,0.00129987
3,26.5964,1.39377,2.55251,3.27675,1.30875,0.127,0.34588,0.15084,0.09639,0.1259,0.33199,0.14251,0.08382,1.3358,2.5067,3.54868,1.30839,0.0019996,0.0019996,0.0019996
4,31.105,1.34114,2.37178,2.66682,1.25597,0.42907,0.31041,0.17578,0.10493,0.42037,0.33521,0.16861,0.10188,1.31019,2.3334,2.82998,1.23274,0.0026992,0.0026992,0.0026992
5,35.5964,1.18119,2.16269,2.22148,1.17162,0.52875,0.30323,0.26288,0.14854,0.52399,0.30323,0.26482,0.1326,1.24733,2.25014,2.66383,1.17778,0.00339865,0.00339865,0.00339865
6,40.0534,1.1614,1.98235,2.0577,1.09838,0.28701,0.38786,0.29034,0.16343,0.28727,0.39563,0.29955,0.1532,1.26065,2.12068,2.68067,1.15075,0.00409797,0.00409797,0.00409797
7,44.5461,1.12104,1.95292,1.88918,1.08264,0.26382,0.3473,0.20587,0.10105,0.21077,0.39393,0.21131,0.09905,1.37861,2.13534,2.77481,1.22548,0.00479715,0.00479715,0.00479715
8,48.9564,1.20415,2.0701,1.91441,1.13321,0.48233,0.31175,0.2429,0.13168,0.48012,0.30667,0.24818,0.11567,1.31529,2.11084,6.12875,1.20619,0.00549619,0.00549619,0.00549619
9,53.3859,1.0708,1.83694,1.94867,1.0808,0.2277,0.56467,0.27841,0.14899,0.23181,0.52211,0.27455,0.13614,1.26432,2.30739,4.0429,1.15564,0.00619509,0.00619509,0.00619509
10,57.7808,1.19562,2.03471,1.78866,1.10089,0.26018,0.50067,0.25183,0.12377,0.29968,0.482,0.26669,0.10031,1.58069,2.79267,2.29073,1.28382,0.00689385,0.00689385,0.00689385
11,62.1836,1.18591,2.06813,1.69124,1.06479,0.35411,0.42401,0.29017,0.14448,0.32579,0.39446,0.25784,0.10208,1.3887,2.65009,3.00534,1.17173,0.00759248,0.00759248,0.00759248
12,66.609,1.08896,1.8507,1.7781,1.06555,0.4596,0.47135,0.25213,0.13214,0.42942,0.44479,0.21847,0.09774,1.41672,2.69312,2.77676,1.22753,0.00829096,0.00829096,0.00829096
13,71.015,1.14076,1.76569,1.65258,1.07659,0.19305,0.47275,0.24354,0.12714,0.18281,0.45097,0.2164,0.09934,1.38496,2.65957,4.48617,1.2565,0.00898931,0.00898931,0.00898931
14,75.4576,1.19063,1.86926,1.66707,1.06122,0.1867,0.37821,0.17761,0.09698,0.19529,0.35983,0.19607,0.10175,1.52855,2.44266,3.02467,1.2551,0.00968752,0.00968752,0.00968752
15,79.9006,1.18232,1.86796,1.66578,1.07692,0.30554,0.36995,0.26895,0.14629,0.29329,0.36432,0.25463,0.12849,1.46606,2.38803,2.69083,1.24742,0.00998614,0.00998614,0.00998614
16,84.3197,1.18084,1.95277,1.49987,1.04667,0.22996,0.33032,0.20776,0.11324,0.23348,0.33551,0.20805,0.11744,1.56485,2.312,2.90553,1.31939,0.00998515,0.00998515,0.00998515
17,88.76,1.22215,2.24698,1.46693,1.06976,0.32439,0.38036,0.25238,0.14655,0.33232,0.37382,0.244,0.10098,1.51696,2.91475,2.92709,1.28088,0.00998416,0.00998416,0.00998416
18,93.1855,1.26649,1.98435,1.41874,1.07879,0.36448,0.3589,0.30275,0.15769,0.36448,0.3589,0.30158,0.13224,1.50675,2.34712,2.39276,1.27876,0.00998317,0.00998317,0.00998317
19,97.5844,1.24479,1.88792,1.414,1.0777,0.55388,0.31613,0.26158,0.1333,0.55528,0.30149,0.2559,0.12319,1.50371,2.33579,2.70157,1.25053,0.00998218,0.00998218,0.00998218
20,102.044,1.14362,1.84243,1.339,1.0413,0.37297,0.42455,0.33298,0.17985,0.35483,0.43454,0.31241,0.14266,1.4564,2.46207,3.1702,1.24077,0.00998119,0.00998119,0.00998119
21,106.505,1.13589,1.7603,1.32321,1.0545,0.32171,0.3411,0.27505,0.14812,0.23924,0.38275,0.26683,0.12391,1.54837,2.70209,3.02573,1.32406,0.0099802,0.0099802,0.0099802
22,110.938,1.12356,1.75106,1.30146,1.04301,0.46167,0.35321,0.24802,0.14424,0.45901,0.36015,0.23326,0.10565,1.49456,2.93055,2.53793,1.2869,0.00997921,0.00997921,0.00997921
23,115.427,1.0997,1.76044,1.37822,1.03096,0.25942,0.33394,0.23322,0.14686,0.25834,0.32914,0.23179,0.1247,1.4002,2.76082,4.57035,1.19428,0.00997822,0.00997822,0.00997822
24,119.887,0.98724,1.62692,1.1577,0.99426,0.46678,0.37431,0.27009,0.15062,0.39055,0.42363,0.2841,0.12841,1.42453,2.7767,3.08782,1.22904,0.00997723,0.00997723,0.00997723
25,124.384,1.08013,1.64442,1.22746,1.00737,0.27713,0.34632,0.27625,0.156,0.27742,0.34031,0.27547,0.14335,1.51607,2.46857,4.96153,1.2353,0.00997624,0.00997624,0.00997624
26,128.88,1.09366,1.86005,1.12579,1.00654,0.18438,0.31542,0.19662,0.11231,0.2166,0.35625,0.19258,0.10629,1.49199,2.45098,4.81341,1.25429,0.00997525,0.00997525,0.00997525
27,133.359,1.10363,1.8826,1.10788,1.02633,0.26256,0.47691,0.26994,0.14642,0.26713,0.46732,0.25951,0.13338,1.49292,2.75877,2.40217,1.31893,0.00997426,0.00997426,0.00997426
28,137.868,1.02307,1.70472,1.02627,0.99911,0.26097,0.42051,0.27506,0.14904,0.25849,0.448,0.26317,0.13645,1.53349,2.63557,4.29922,1.28628,0.00997327,0.00997327,0.00997327
29,142.322,1.04593,1.70916,1.0799,0.97389,0.55395,0.29561,0.28047,0.15735,0.56455,0.27947,0.26788,0.12841,1.48684,3.15544,2.47767,1.31129,0.00997228,0.00997228,0.00997228
30,146.801,1.0154,1.57259,1.00283,0.98851,0.35768,0.40632,0.30306,0.16772,0.33764,0.43327,0.29848,0.1488,1.56816,2.64867,2.87273,1.31947,0.00997129,0.00997129,0.00997129
31,151.246,1.01723,1.6393,0.99259,0.98188,0.38843,0.33731,0.30194,0.16927,0.3812,0.33032,0.28318,0.13002,1.53178,2.7502,3.28,1.34599,0.0099703,0.0099703,0.0099703
32,155.707,1.03356,1.61809,1.0108,1.01739,0.36557,0.42485,0.32125,0.17728,0.34249,0.40087,0.28188,0.14173,1.55015,2.71447,2.75094,1.36313,0.00996931,0.00996931,0.00996931
33,160.14,0.9753,1.49887,0.88895,0.99841,0.29718,0.52367,0.32663,0.18233,0.26162,0.56362,0.31477,0.16353,1.56934,2.61716,3.0873,1.34406,0.00996832,0.00996832,0.00996832
34,164.63,1.03322,1.63224,0.91988,1.00458,0.39161,0.44547,0.3247,0.17825,0.38237,0.45241,0.31585,0.16393,1.63912,2.42411,2.59159,1.41377,0.00996733,0.00996733,0.00996733
35,169.11,1.03216,1.57275,0.92896,0.98927,0.31769,0.48823,0.33573,0.19035,0.32465,0.49149,0.32675,0.18564,1.48547,2.45722,3.06346,1.29066,0.00996634,0.00996634,0.00996634
36,173.583,0.94367,1.52215,0.83891,0.96622,0.53218,0.50603,0.35891,0.20917,0.52036,0.48438,0.34982,0.19811,1.34824,2.40386,2.12345,1.2277,0.00996535,0.00996535,0.00996535
37,178.06,0.98126,1.49748,0.89236,1.01066,0.47323,0.48551,0.42698,0.2374,0.41357,0.48357,0.41067,0.22173,1.42607,2.43812,2.27254,1.29397,0.00996436,0.00996436,0.00996436
38,182.52,1.02299,1.5457,0.88851,0.99592,0.35898,0.43753,0.31952,0.17165,0.35598,0.43511,0.31008,0.1604,1.51439,2.59272,2.10025,1.34204,0.00996337,0.00996337,0.00996337
39,186.977,0.99854,1.54366,0.89145,1.01679,0.35772,0.50612,0.36085,0.19739,0.31343,0.47779,0.33911,0.1748,1.42196,2.64528,2.35631,1.29229,0.00996238,0.00996238,0.00996238
40,191.422,1.00075,1.7219,0.88263,1.0113,0.37842,0.53765,0.38207,0.19789,0.34396,0.51787,0.3371,0.17225,1.36912,2.46581,2.90537,1.25769,0.00996139,0.00996139,0.00996139
41,195.864,1.0132,1.52472,0.90313,0.98748,0.43694,0.42288,0.32924,0.17279,0.4187,0.39227,0.2874,0.15399,1.40238,2.73336,2.29143,1.26398,0.0099604,0.0099604,0.0099604
42,200.311,0.89844,1.44389,0.81536,0.97399,0.44202,0.39479,0.36256,0.19461,0.37475,0.473,0.35078,0.17631,1.36105,2.41507,2.32076,1.26369,0.00995941,0.00995941,0.00995941
43,204.767,1.00887,1.62295,0.89365,1.01075,0.45064,0.46273,0.42844,0.21747,0.46428,0.40171,0.40697,0.19345,1.35522,2.3757,2.67936,1.2796,0.00995842,0.00995842,0.00995842
44,209.236,0.96977,1.47133,0.82892,0.99137,0.43957,0.40618,0.39213,0.2068,0.43957,0.40618,0.38355,0.19408,1.34709,2.31909,2.31542,1.25171,0.00995743,0.00995743,0.00995743
45,213.665,0.91714,1.43774,0.81411,0.99189,0.36365,0.44853,0.34364,0.18487,0.36406,0.46637,0.34145,0.18705,1.37422,2.32147,2.22752,1.24461,0.00995644,0.00995644,0.00995644
46,218.115,0.92937,1.37255,0.81543,0.94427,0.42763,0.46468,0.35745,0.20051,0.43368,0.47774,0.35597,0.19706,1.36293,2.42758,2.33391,1.27206,0.00995545,0.00995545,0.00995545
47,222.593,0.97455,1.48666,0.82629,1.00037,0.34083,0.40704,0.27912,0.15051,0.5453,0.33519,0.27559,0.15363,1.41821,2.56237,2.50354,1.29732,0.00995446,0.00995446,0.00995446
48,227.065,0.91471,1.40645,0.92014,0.95397,0.51084,0.35703,0.31496,0.18044,0.5156,0.36133,0.30858,0.17575,1.42722,2.41592,2.22541,1.28231,0.00995347,0.00995347,0.00995347
49,231.532,0.91102,1.36455,0.82945,0.9403,0.45032,0.40919,0.36054,0.19253,0.39296,0.44588,0.3428,0.1799,1.41781,2.35924,2.49293,1.24967,0.00995248,0.00995248,0.00995248
50,235.961,0.92806,1.28074,0.76307,0.95874,0.47831,0.35589,0.40364,0.21544,0.47933,0.3563,0.39159,0.2014,1.49661,2.4602,1.9844,1.28311,0.00995149,0.00995149,0.00995149
51,240.429,0.97086,1.50564,0.81163,0.97727,0.57918,0.45674,0.45847,0.26306,0.42099,0.5584,0.42619,0.22299,1.44134,2.37346,2.10376,1.31653,0.0099505,0.0099505,0.0099505
52,244.961,0.91182,1.39819,0.73923,0.98416,0.49811,0.47653,0.44167,0.23844,0.50822,0.48959,0.43939,0.24106,1.46316,2.55589,2.10833,1.30528,0.00994951,0.00994951,0.00994951
53,249.426,0.93989,1.4114,0.74838,0.98881,0.45128,0.50517,0.41906,0.21053,0.42206,0.48396,0.41345,0.20289,1.53257,2.29002,1.84186,1.3623,0.00994852,0.00994852,0.00994852
54,253.881,0.85514,1.29321,0.70168,0.93931,0.38668,0.45349,0.35703,0.1738,0.43714,0.4398,0.35542,0.17815,1.54726,2.43175,2.32952,1.34179,0.00994753,0.00994753,0.00994753
55,258.32,0.90851,1.35843,0.78215,0.96047,0.34258,0.43049,0.29927,0.1637,0.35205,0.43676,0.31364,0.16316,1.54425,2.35562,2.43986,1.35527,0.00994654,0.00994654,0.00994654
56,262.798,0.91886,1.45452,0.80867,0.94887,0.42114,0.41987,0.35159,0.19402,0.33381,0.49099,0.34229,0.16874,1.48048,2.5651,2.19067,1.34758,0.00994555,0.00994555,0.00994555
57,267.233,0.84583,1.35664,0.71131,0.93515,0.33264,0.45312,0.31246,0.17066,0.3194,0.45426,0.31599,0.15246,1.39466,2.61391,2.13474,1.28586,0.00994456,0.00994456,0.00994456
58,271.684,0.90599,1.40697,0.74913,0.96633,0.30217,0.51172,0.30683,0.17115,0.31127,0.49926,0.3294,0.16834,1.37188,2.58992,2.30899,1.31133,0.00994357,0.00994357,0.00994357
59,276.143,0.87736,1.31439,0.73708,0.94185,0.36624,0.47331,0.31935,0.18141,0.38063,0.41886,0.31904,0.15876,1.41176,2.68531,2.0988,1.31947,0.00994258,0.00994258,0.00994258
60,280.676,0.84817,1.30527,0.6844,0.91585,0.40546,0.52916,0.35655,0.19975,0.38316,0.50752,0.34693,0.1702,1.35833,2.71472,2.15442,1.27195,0.00994159,0.00994159,0.00994159
61,285.113,0.92645,1.47974,0.72837,0.95132,0.39931,0.45964,0.34943,0.19666,0.40436,0.47155,0.35672,0.18979,1.35324,2.6163,2.32555,1.26736,0.0099406,0.0099406,0.0099406
62,289.572,0.84209,1.33252,0.66085,0.9335,0.44991,0.50992,0.39238,0.22771,0.45576,0.51992,0.39938,0.23507,1.35813,2.55503,2.20923,1.25343,0.00993961,0.00993961,0.00993961
63,294.043,0.92564,1.37258,0.70278,0.94979,0.44628,0.4607,0.37081,0.22517,0.49513,0.44276,0.37179,0.20418,1.39006,2.52859,2.33457,1.23606,0.00993862,0.00993862,0.00993862
64,298.493,0.89142,1.17283,0.68486,0.94254,0.45076,0.50338,0.36926,0.20802,0.42322,0.49642,0.36104,0.19927,1.40736,2.46478,2.68903,1.27379,0.00993763,0.00993763,0.00993763
65,302.987,0.87365,1.38464,0.67899,0.91811,0.47469,0.55503,0.39226,0.22476,0.42944,0.52502,0.35955,0.19641,1.33158,2.38642,2.11143,1.23759,0.00993664,0.00993664,0.00993664
66,307.477,0.86236,1.27476,0.63939,0.92726,0.43179,0.53992,0.40256,0.23234,0.39603,0.51567,0.38128,0.20028,1.37105,2.42632,1.89712,1.26546,0.00993565,0.00993565,0.00993565
67,311.923,0.85862,1.31798,0.73125,0.93153,0.43011,0.53335,0.42572,0.23769,0.40685,0.52677,0.40188,0.21421,1.43159,2.43334,1.89817,1.33122,0.00993466,0.00993466,0.00993466
68,316.394,0.78907,1.29045,0.67072,0.92539,0.39714,0.43007,0.34383,0.19538,0.48092,0.35796,0.32737,0.17822,1.39786,2.56893,2.22614,1.28612,0.00993367,0.00993367,0.00993367
69,320.91,0.82353,1.31653,0.84782,0.90969,0.44427,0.52677,0.40433,0.23237,0.43015,0.51767,0.4052,0.2069,1.3487,2.56945,2.40624,1.2609,0.00993268,0.00993268,0.00993268
70,325.377,0.78761,1.27811,0.66921,0.92846,0.40299,0.53498,0.37711,0.2104,0.34244,0.50666,0.35433,0.19736,1.40685,2.71816,2.33935,1.29056,0.00993169,0.00993169,0.00993169
71,329.832,0.82657,1.26693,0.71153,0.93652,0.35302,0.47024,0.30996,0.17504,0.35559,0.43351,0.30402,0.17429,1.48973,2.63414,2.37991,1.33486,0.0099307,0.0099307,0.0099307
72,334.353,0.85501,1.32727,0.68389,0.93424,0.42275,0.4126,0.32551,0.1735,0.34338,0.45782,0.30473,0.15688,1.47548,2.72198,2.75045,1.29648,0.00992971,0.00992971,0.00992971
73,338.831,0.85768,1.29127,0.67013,0.91202,0.37174,0.48408,0.32056,0.17057,0.36822,0.47818,0.31938,0.17176,1.52594,2.73971,2.79021,1.33599,0.00992872,0.00992872,0.00992872
74,343.291,0.81828,1.34374,0.65571,0.92685,0.35018,0.40889,0.3035,0.16629,0.34398,0.40338,0.29051,0.15944,1.51886,2.70478,2.91015,1.32897,0.00992773,0.00992773,0.00992773
75,347.741,0.81366,1.20272,0.65717,0.93958,0.35534,0.45128,0.34328,0.18013,0.3591,0.45823,0.34697,0.19384,1.47293,2.45439,2.68164,1.30289,0.00992674,0.00992674,0.00992674
76,352.224,0.81689,1.29366,0.65022,0.92853,0.39589,0.4146,0.35835,0.20435,0.32311,0.51695,0.36733,0.20088,1.45854,2.40987,2.12512,1.30408,0.00992575,0.00992575,0.00992575
77,356.662,0.79254,1.2196,0.65017,0.91844,0.39582,0.47181,0.34881,0.19841,0.39589,0.4674,0.36061,0.17626,1.40095,2.44757,2.13576,1.29738,0.00992476,0.00992476,0.00992476
78,361.163,0.79488,1.20664,0.62165,0.91126,0.36996,0.38579,0.33946,0.17687,0.4474,0.31207,0.31878,0.15939,1.49989,2.45776,2.24783,1.36023,0.00992377,0.00992377,0.00992377
79,365.657,0.79062,1.17728,0.61562,0.90136,0.3453,0.44612,0.34552,0.20025,0.46594,0.33094,0.34939,0.17423,1.45859,2.35634,2.32094,1.32961,0.00992278,0.00992278,0.00992278
80,370.152,0.80364,1.22038,0.62376,0.91204,0.55113,0.35829,0.34877,0.19609,0.57633,0.35445,0.35608,0.18159,1.38814,2.28645,2.2792,1.28341,0.00992179,0.00992179,0.00992179
81,374.642,0.80658,1.15835,0.6018,0.91495,0.42348,0.39955,0.34857,0.18706,0.42396,0.4021,0.35066,0.20263,1.44098,2.22223,2.25847,1.28974,0.0099208,0.0099208,0.0099208
82,379.144,0.78302,1.18511,0.60774,0.93737,0.39086,0.48457,0.37249,0.21123,0.39123,0.45494,0.35336,0.18541,1.3547,2.31727,2.42131,1.21675,0.00991981,0.00991981,0.00991981
83,383.615,0.75083,1.08447,0.58917,0.91759,0.39212,0.52966,0.42262,0.24458,0.36877,0.50977,0.39655,0.20422,1.36313,2.45357,2.16567,1.2472,0.00991882,0.00991882,0.00991882
84,388.115,0.77469,1.19187,0.6021,0.91411,0.475,0.44013,0.38952,0.22537,0.47469,0.44229,0.39537,0.20708,1.39689,2.43083,2.13348,1.24254,0.00991783,0.00991783,0.00991783
85,392.57,0.81883,1.19375,0.59562,0.91883,0.47782,0.43493,0.39193,0.21192,0.41265,0.45578,0.37213,0.19413,1.40657,2.506,2.1639,1.26005,0.00991684,0.00991684,0.00991684
86,397.025,0.7961,1.174,0.6104,0.93291,0.4657,0.46948,0.40961,0.23322,0.47142,0.4709,0.39136,0.20165,1.35125,2.36694,2.35834,1.24792,0.00991585,0.00991585,0.00991585
87,401.506,0.78371,1.22774,0.61051,0.91338,0.44086,0.41769,0.35546,0.19954,0.40573,0.44513,0.33782,0.17087,1.36095,2.46722,2.20701,1.26383,0.00991486,0.00991486,0.00991486
88,406.006,0.797,1.19407,0.62592,0.91129,0.52369,0.41804,0.38511,0.21598,0.51448,0.41561,0.37623,0.18669,1.43199,2.45137,2.28707,1.31586,0.00991387,0.00991387,0.00991387
89,410.464,0.84168,1.26589,0.68276,0.92895,0.55335,0.42384,0.41418,0.23898,0.55696,0.42667,0.41854,0.21383,1.37141,2.37745,2.13781,1.28139,0.00991288,0.00991288,0.00991288
90,414.947,0.768,1.17768,0.59863,0.92293,0.42303,0.49528,0.38876,0.22766,0.41674,0.49325,0.39665,0.2233,1.44311,2.4141,2.29883,1.33651,0.00991189,0.00991189,0.00991189
91,419.402,0.79437,1.15442,0.64889,0.90925,0.44228,0.46596,0.3586,0.21255,0.51866,0.41096,0.35624,0.19649,1.41137,2.52759,2.6877,1.29025,0.0099109,0.0099109,0.0099109
92,423.928,0.78105,1.25813,0.62235,0.90333,0.52501,0.3462,0.35338,0.21529,0.54476,0.35355,0.35604,0.19316,1.34298,2.46254,2.44831,1.25507,0.00990991,0.00990991,0.00990991
93,428.397,0.78748,1.233,0.61767,0.91385,0.42626,0.42103,0.3821,0.21869,0.44374,0.43337,0.38379,0.20095,1.33158,2.43851,2.45081,1.26561,0.00990892,0.00990892,0.00990892
94,432.875,0.74983,1.24196,0.56333,0.90309,0.394,0.51839,0.39007,0.21997,0.50963,0.3826,0.3799,0.18518,1.38417,2.44101,2.32358,1.2824,0.00990793,0.00990793,0.00990793
95,437.383,0.75817,1.14143,0.57173,0.9127,0.43148,0.40612,0.38443,0.21007,0.51989,0.32749,0.37025,0.19128,1.40721,2.35493,2.40891,1.30307,0.00990694,0.00990694,0.00990694
96,441.906,0.84417,1.2549,0.66827,0.94033,0.486,0.36625,0.36104,0.21281,0.4823,0.36495,0.35782,0.18663,1.32387,2.28754,2.51164,1.24671,0.00990595,0.00990595,0.00990595
97,446.397,0.75777,1.19588,0.59351,0.91506,0.5081,0.43684,0.43935,0.24448,0.42481,0.50862,0.44037,0.25595,1.38341,2.29016,2.26105,1.27887,0.00990496,0.00990496,0.00990496
98,450.917,0.72922,1.14194,0.55332,0.88529,0.54378,0.4367,0.43653,0.24892,0.54378,0.4367,0.44079,0.26268,1.34564,2.37686,2.36785,1.24718,0.00990397,0.00990397,0.00990397
99,455.441,0.77123,1.16053,0.58756,0.91675,0.56452,0.42991,0.41878,0.24088,0.5644,0.43952,0.42219,0.25187,1.32339,2.35482,2.19297,1.23496,0.00990298,0.00990298,0.00990298
100,459.948,0.74555,1.20894,0.57014,0.8938,0.41934,0.5143,0.39779,0.22816,0.4263,0.49506,0.39367,0.24048,1.45679,2.44381,2.36143,1.29204,0.00990199,0.00990199,0.00990199
101,464.444,0.75823,1.14823,0.61632,0.90491,0.53558,0.33162,0.3872,0.23814,0.54498,0.34077,0.40126,0.20267,1.40647,2.52338,2.71519,1.28148,0.009901,0.009901,0.009901
102,468.948,0.73782,1.0413,0.56702,0.8967,0.56746,0.41879,0.39571,0.236,0.56746,0.41879,0.39035,0.21295,1.37955,2.31802,2.44804,1.26389,0.00990001,0.00990001,0.00990001
103,473.443,0.76114,1.12359,0.59902,0.92177,0.6069,0.44983,0.47411,0.27906,0.59537,0.43502,0.45595,0.24303,1.35746,2.26749,1.94664,1.26324,0.00989902,0.00989902,0.00989902
104,477.956,0.76352,1.14146,0.58303,0.90838,0.57288,0.43091,0.43443,0.26424,0.45448,0.47066,0.41593,0.23184,1.36015,2.31513,2.08379,1.29955,0.00989803,0.00989803,0.00989803
105,482.441,0.81508,1.31231,0.62241,0.92546,0.55401,0.39676,0.38168,0.21959,0.55346,0.38856,0.37596,0.21156,1.44541,2.4918,2.31703,1.34807,0.00989704,0.00989704,0.00989704
106,486.947,0.74924,1.22424,0.57275,0.90287,0.52377,0.41556,0.44288,0.26745,0.54814,0.43462,0.44751,0.24013,1.41915,2.4183,2.0339,1.32239,0.00989605,0.00989605,0.00989605
107,491.48,0.74707,1.09872,0.57698,0.88786,0.3987,0.53308,0.443,0.2625,0.42784,0.49321,0.45318,0.24676,1.46518,2.48391,2.03551,1.35911,0.00989506,0.00989506,0.00989506
108,496.016,0.7769,1.11845,0.56486,0.89106,0.44684,0.46914,0.43065,0.26954,0.44002,0.47395,0.43249,0.24731,1.3726,2.41295,2.35062,1.29608,0.00989407,0.00989407,0.00989407
109,500.52,0.70767,1.13673,0.55656,0.88866,0.4842,0.48734,0.43447,0.26888,0.4842,0.48734,0.42481,0.24525,1.36411,2.41811,2.19798,1.29806,0.00989308,0.00989308,0.00989308
110,505.056,0.75728,1.0782,0.6036,0.90952,0.5396,0.41539,0.39701,0.24808,0.54403,0.41523,0.39712,0.21084,1.41342,2.3955,2.42086,1.36336,0.00989209,0.00989209,0.00989209
111,509.558,0.81547,1.24559,0.60172,0.93295,0.50022,0.40266,0.40237,0.2421,0.49495,0.40266,0.37609,0.20704,1.40664,2.50255,2.45413,1.32756,0.0098911,0.0098911,0.0098911
112,514.094,0.72623,1.16105,0.58214,0.90583,0.49187,0.3774,0.36901,0.23288,0.4839,0.35823,0.3712,0.20356,1.39729,2.50295,2.48038,1.32907,0.00989011,0.00989011,0.00989011
113,518.594,0.76363,1.16522,0.65134,0.90893,0.48817,0.36785,0.40585,0.23627,0.48217,0.37546,0.39984,0.21289,1.42601,2.57871,2.34016,1.37765,0.00988912,0.00988912,0.00988912
114,523.137,0.73039,1.04885,0.58915,0.8934,0.51363,0.36453,0.36081,0.20281,0.52235,0.37446,0.36227,0.1986,1.50468,2.66155,3.03792,1.41539,0.00988813,0.00988813,0.00988813
115,527.628,0.71988,1.05613,0.54431,0.89439,0.45879,0.39497,0.37543,0.22027,0.36983,0.38598,0.35699,0.19561,1.49462,2.66616,2.92986,1.41681,0.00988714,0.00988714,0.00988714
116,532.173,0.73407,1.10623,0.57202,0.89786,0.49059,0.41272,0.37629,0.2268,0.47199,0.40843,0.38467,0.20583,1.41246,2.49743,2.67573,1.36231,0.00988615,0.00988615,0.00988615
117,536.624,0.70963,1.00629,0.53926,0.88794,0.45892,0.4374,0.37213,0.2197,0.48794,0.39386,0.36845,0.18395,1.3941,2.48388,2.77979,1.33022,0.00988516,0.00988516,0.00988516
118,541.128,0.74004,1.06173,0.56008,0.90146,0.56482,0.40777,0.35695,0.20035,0.56438,0.4242,0.36033,0.18802,1.39537,2.45559,2.64588,1.2803,0.00988417,0.00988417,0.00988417
119,545.663,0.78307,1.13292,0.60209,0.89745,0.42834,0.46213,0.38091,0.21619,0.49367,0.34129,0.36361,0.18264,1.46911,2.60244,2.58378,1.36543,0.00988318,0.00988318,0.00988318
120,550.185,0.73582,1.10759,0.5774,0.89742,0.42071,0.49175,0.41236,0.22778,0.4168,0.48014,0.38794,0.20324,1.46948,2.43098,2.3564,1.34302,0.00988219,0.00988219,0.00988219
121,554.666,0.71595,1.11358,0.54331,0.90542,0.44533,0.46685,0.39812,0.2303,0.51437,0.41593,0.37844,0.20949,1.39674,2.46588,2.56102,1.32882,0.0098812,0.0098812,0.0098812
122,559.181,0.7342,1.12223,0.55807,0.90444,0.47774,0.41048,0.40368,0.24908,0.44616,0.41171,0.38854,0.21402,1.40882,2.51536,2.6592,1.29487,0.00988021,0.00988021,0.00988021
123,563.682,0.72813,1.13887,0.55152,0.9061,0.38433,0.47147,0.37411,0.21926,0.3904,0.45596,0.34573,0.18754,1.58184,2.62062,2.55851,1.40661,0.00987922,0.00987922,0.00987922
124,568.222,0.72257,1.07928,0.54435,0.88053,0.47543,0.43682,0.3954,0.22108,0.39409,0.44811,0.37389,0.1836,1.462,2.70602,2.51285,1.3169,0.00987823,0.00987823,0.00987823
125,572.729,0.71512,1.08962,0.55009,0.90572,0.50558,0.46516,0.42133,0.24571,0.49152,0.44848,0.40573,0.21467,1.42248,2.58398,2.303,1.32788,0.00987724,0.00987724,0.00987724
126,577.234,0.7251,1.08161,0.54341,0.88821,0.46346,0.44754,0.42605,0.264,0.46346,0.44754,0.42113,0.25289,1.39545,2.58382,2.35423,1.31434,0.00987625,0.00987625,0.00987625
127,581.763,0.74522,1.16258,0.57213,0.8934,0.5027,0.43418,0.41876,0.25655,0.47208,0.44023,0.4063,0.24026,1.35338,2.47699,2.37404,1.25534,0.00987526,0.00987526,0.00987526
128,586.316,0.7204,1.10587,0.5666,0.89497,0.47101,0.37523,0.38835,0.22704,0.45301,0.34882,0.36199,0.20243,1.35651,2.39875,2.42589,1.23349,0.00987427,0.00987427,0.00987427
129,590.842,0.80272,1.16339,0.6304,0.93002,0.53327,0.36762,0.38767,0.24009,0.53327,0.36762,0.38486,0.22687,1.38629,2.45381,2.35581,1.26407,0.00987328,0.00987328,0.00987328
130,595.408,0.73168,1.12093,0.55617,0.90622,0.40892,0.47462,0.37408,0.2137,0.39234,0.43715,0.35186,0.18433,1.38943,2.36435,2.40282,1.25979,0.00987229,0.00987229,0.00987229
131,599.924,0.7249,1.09262,0.53831,0.90396,0.41282,0.39685,0.34005,0.20261,0.39849,0.41144,0.34435,0.17842,1.42968,2.43509,2.55871,1.32268,0.0098713,0.0098713,0.0098713
132,604.457,0.74492,1.11849,0.57409,0.90399,0.46955,0.39149,0.3401,0.20277,0.45013,0.38198,0.33147,0.16756,1.56268,2.46873,2.63656,1.41738,0.00987031,0.00987031,0.00987031
133,608.969,0.70891,0.99675,0.52888,0.88493,0.42436,0.40884,0.34577,0.19616,0.40381,0.39668,0.32933,0.16166,1.49872,2.51206,2.65065,1.40225,0.00986932,0.00986932,0.00986932
134,613.494,0.68194,1.04053,0.56511,0.89095,0.51696,0.37419,0.37786,0.21054,0.43612,0.37701,0.35431,0.17707,1.45705,2.51675,2.95541,1.36058,0.00986833,0.00986833,0.00986833
135,618.004,0.70233,1.0114,0.54229,0.8997,0.41275,0.37452,0.35879,0.21119,0.40487,0.36972,0.34904,0.18324,1.44841,2.36779,2.6841,1.37309,0.00986734,0.00986734,0.00986734
136,622.569,0.71035,1.03541,0.53889,0.88043,0.63889,0.35292,0.37318,0.22738,0.65926,0.3628,0.36487,0.19984,1.41307,2.47591,2.40929,1.34466,0.00986635,0.00986635,0.00986635
137,627.061,0.70654,1.05013,0.52832,0.87827,0.57387,0.35495,0.36259,0.22513,0.56699,0.35014,0.35766,0.19432,1.34678,2.42327,2.30202,1.28785,0.00986536,0.00986536,0.00986536
138,631.591,0.70088,1.06891,0.56907,0.89773,0.53497,0.40347,0.35096,0.21166,0.48468,0.38612,0.33044,0.18473,1.3387,2.49036,2.14781,1.28973,0.00986437,0.00986437,0.00986437
139,636.136,0.69305,1.05801,0.53351,0.88425,0.44212,0.39715,0.31098,0.17952,0.3458,0.40423,0.28883,0.17003,1.46084,2.50758,2.39225,1.33589,0.00986338,0.00986338,0.00986338
140,640.718,0.70207,1.04046,0.52127,0.89104,0.42326,0.41938,0.37195,0.21053,0.37769,0.45377,0.35487,0.20439,1.38751,2.61183,2.54416,1.24922,0.00986239,0.00986239,0.00986239
141,645.241,0.70853,1.0404,0.55737,0.89619,0.48299,0.41734,0.41043,0.24565,0.46839,0.39871,0.38559,0.20222,1.38809,2.58378,2.43584,1.26449,0.0098614,0.0098614,0.0098614
142,649.764,0.69758,1.03629,0.525,0.88309,0.46941,0.46649,0.37543,0.22573,0.45345,0.45425,0.36263,0.19036,1.47795,2.59093,2.56722,1.30416,0.00986041,0.00986041,0.00986041
143,654.297,0.67641,1.05183,0.51646,0.88217,0.42591,0.50922,0.38651,0.24026,0.41506,0.48922,0.37441,0.20604,1.41337,2.5267,2.28884,1.3077,0.00985942,0.00985942,0.00985942
144,658.852,0.66382,1.02095,0.50895,0.87142,0.52649,0.43566,0.41586,0.25094,0.49297,0.40938,0.38991,0.21576,1.45437,2.4224,2.46974,1.35846,0.00985843,0.00985843,0.00985843
145,663.375,0.67726,1.04569,0.53468,0.87416,0.47558,0.48419,0.39844,0.24101,0.46945,0.4645,0.38809,0.20444,1.41074,2.50344,2.27777,1.33272,0.00985744,0.00985744,0.00985744
146,667.892,0.69778,1.07965,0.5217,0.87289,0.54678,0.35114,0.38535,0.22695,0.56289,0.34779,0.37313,0.20144,1.52257,2.62673,2.33223,1.35221,0.00985645,0.00985645,0.00985645
147,672.427,0.69811,1.0652,0.51976,0.88633,0.54421,0.39605,0.42534,0.25239,0.51847,0.37959,0.39914,0.21698,1.50777,2.57266,2.18224,1.37173,0.00985546,0.00985546,0.00985546
148,677.01,0.67637,1.0127,0.52381,0.886,0.50205,0.46991,0.43833,0.26152,0.48023,0.44893,0.41188,0.21237,1.49701,2.66505,1.97967,1.36691,0.00985447,0.00985447,0.00985447
149,681.542,0.69302,1.04179,0.52609,0.90051,0.45611,0.42301,0.3834,0.24086,0.49439,0.42347,0.38797,0.21854,1.42467,2.59981,2.18038,1.28537,0.00985348,0.00985348,0.00985348
150,686.106,0.68515,1.15834,0.53808,0.87895,0.43006,0.47147,0.40211,0.25897,0.46164,0.42858,0.3987,0.22641,1.36664,2.40083,2.0991,1.25878,0.00985249,0.00985249,0.00985249
151,690.637,0.65454,1.04566,0.47038,0.87433,0.42514,0.453,0.38856,0.25457,0.44464,0.45924,0.39066,0.23203,1.34063,2.48263,2.22153,1.23881,0.0098515,0.0098515,0.0098515
152,695.183,0.69801,1.06008,0.5161,0.87555,0.54663,0.3973,0.44411,0.29034,0.51167,0.39019,0.42874,0.25964,1.32465,2.50268,2.14167,1.25023,0.00985051,0.00985051,0.00985051
153,699.759,0.67988,0.9728,0.51878,0.87481,0.46736,0.51034,0.46261,0.30017,0.45486,0.49278,0.44362,0.25074,1.26835,2.41662,2.17908,1.22151,0.00984952,0.00984952,0.00984952
154,704.337,0.70762,1.021,0.50407,0.88492,0.57658,0.46325,0.45103,0.29409,0.52228,0.42378,0.41856,0.24374,1.365,2.49072,2.16931,1.265,0.00984853,0.00984853,0.00984853
155,708.921,0.68214,1.03585,0.51343,0.8884,0.48693,0.50556,0.43197,0.26592,0.49108,0.43725,0.41267,0.22611,1.4031,2.5661,2.32928,1.29364,0.00984754,0.00984754,0.00984754
156,713.455,0.6731,0.97999,0.51333,0.86643,0.60443,0.4878,0.46746,0.28396,0.58784,0.47326,0.44169,0.22551,1.39765,2.54915,2.0649,1.26949,0.00984655,0.00984655,0.00984655
157,717.999,0.6473,0.95859,0.49562,0.87535,0.49279,0.49387,0.43649,0.27763,0.51919,0.50817,0.44701,0.25993,1.41809,2.53979,2.0672,1.29281,0.00984556,0.00984556,0.00984556
158,722.529,0.65855,0.96331,0.49113,0.86499,0.66028,0.36122,0.45438,0.27866,0.54982,0.40083,0.44165,0.24695,1.38772,2.53238,2.15658,1.2728,0.00984457,0.00984457,0.00984457
159,727.076,0.66433,1.00164,0.50733,0.88476,0.52013,0.49095,0.42962,0.25381,0.52098,0.50692,0.43423,0.22771,1.41193,2.56572,2.10535,1.30238,0.00984358,0.00984358,0.00984358
160,731.618,0.66286,0.98107,0.48732,0.88327,0.47775,0.43947,0.41288,0.25773,0.49621,0.44939,0.41381,0.22273,1.32043,2.60244,2.1046,1.25578,0.00984259,0.00984259,0.00984259
161,736.163,0.70924,1.11347,0.54942,0.9109,0.56766,0.41452,0.40311,0.24039,0.56696,0.43036,0.41518,0.20956,1.3685,2.65028,2.07707,1.29927,0.0098416,0.0098416,0.0098416
162,740.701,0.71109,1.03587,0.5347,0.87407,0.55728,0.46688,0.43106,0.24165,0.54727,0.44623,0.42361,0.22425,1.43635,2.64332,2.15689,1.31612,0.00984061,0.00984061,0.00984061
163,745.237,0.70099,0.98165,0.55371,0.88214,0.50462,0.47189,0.36836,0.21516,0.48233,0.47454,0.3651,0.20147,1.41592,2.6283,2.31164,1.33224,0.00983962,0.00983962,0.00983962
164,749.835,0.66589,1.03027,0.49667,0.88112,0.47431,0.41023,0.34999,0.21831,0.44774,0.4121,0.35142,0.21039,1.40809,2.41171,2.41681,1.30102,0.00983863,0.00983863,0.00983863
165,754.355,0.66338,1.03327,0.51156,0.87465,0.5005,0.42117,0.36618,0.23517,0.54135,0.42228,0.3786,0.21061,1.4012,2.4166,2.31923,1.31406,0.00983764,0.00983764,0.00983764
166,758.903,0.66151,1.04026,0.52832,0.87628,0.46702,0.40415,0.37531,0.24237,0.47389,0.40315,0.37529,0.21725,1.38902,2.38754,2.28216,1.32844,0.00983665,0.00983665,0.00983665
167,763.445,0.67502,1.08302,0.53805,0.88492,0.50124,0.41573,0.35142,0.22757,0.44785,0.39838,0.3361,0.18984,1.31427,2.3618,2.15871,1.27667,0.00983566,0.00983566,0.00983566
168,768.03,0.6672,0.96739,0.51014,0.87802,0.36526,0.48783,0.35594,0.23049,0.37382,0.4697,0.35117,0.19595,1.30219,2.43685,2.13817,1.27798,0.00983467,0.00983467,0.00983467
169,772.534,0.67522,0.94725,0.49111,0.8658,0.41261,0.43663,0.34821,0.22627,0.4029,0.42082,0.34295,0.18857,1.31641,2.46711,2.13186,1.2725,0.00983368,0.00983368,0.00983368
170,777.065,0.63928,0.92411,0.49765,0.88413,0.44104,0.46685,0.38218,0.2204,0.42566,0.44363,0.35919,0.1848,1.35998,2.41898,2.1078,1.28531,0.00983269,0.00983269,0.00983269
171,781.61,0.69008,0.96156,0.51401,0.89741,0.46851,0.48231,0.39198,0.23255,0.45963,0.40459,0.34356,0.19579,1.36052,2.48417,2.24946,1.28775,0.0098317,0.0098317,0.0098317
172,786.136,0.67412,0.98632,0.50552,0.89593,0.44381,0.48651,0.40995,0.24758,0.42102,0.4452,0.36971,0.22004,1.3661,2.49429,2.26698,1.28529,0.00983071,0.00983071,0.00983071
173,790.669,0.65924,0.9427,0.50029,0.87361,0.43074,0.47561,0.4019,0.257,0.49068,0.40563,0.37987,0.22349,1.36173,2.48094,2.2277,1.29837,0.00982972,0.00982972,0.00982972
174,795.186,0.65422,0.98066,0.49592,0.86756,0.55525,0.41978,0.44018,0.2775,0.51566,0.39349,0.40108,0.23205,1.34527,2.53758,2.40074,1.27523,0.00982873,0.00982873,0.00982873
175,799.728,0.64847,0.98709,0.48473,0.88668,0.58648,0.34617,0.41717,0.25711,0.57854,0.34136,0.40275,0.23996,1.40599,2.57932,2.58945,1.2901,0.00982774,0.00982774,0.00982774
176,804.267,0.68464,0.96402,0.50652,0.89229,0.56133,0.35552,0.39995,0.24313,0.56133,0.35552,0.38926,0.21932,1.42024,2.40908,2.41842,1.31585,0.00982675,0.00982675,0.00982675
177,808.768,0.70573,1.0679,0.54168,0.87011,0.45679,0.36686,0.40005,0.23278,0.47642,0.37684,0.40568,0.20884,1.44126,2.3029,2.41941,1.30632,0.00982576,0.00982576,0.00982576
178,813.318,0.68016,0.95384,0.52291,0.86794,0.40579,0.34685,0.33031,0.19738,0.37678,0.40027,0.3507,0.18318,1.42971,2.33224,2.82854,1.3256,0.00982477,0.00982477,0.00982477
179,817.881,0.66503,1.01689,0.49,0.87198,0.49671,0.32505,0.34573,0.21736,0.48719,0.35409,0.36757,0.19267,1.39083,2.43956,2.86944,1.30577,0.00982378,0.00982378,0.00982378
180,822.418,0.68369,1.00402,0.51611,0.89205,0.5652,0.3556,0.38453,0.24722,0.56722,0.35822,0.39587,0.21322,1.36684,2.37403,2.7812,1.29277,0.00982279,0.00982279,0.00982279
181,826.925,0.64942,0.98168,0.49557,0.87076,0.55075,0.35972,0.38907,0.24872,0.51049,0.40565,0.39755,0.2242,1.39106,2.40433,2.52478,1.30367,0.0098218,0.0098218,0.0098218
182,831.477,0.68253,0.98032,0.50081,0.87263,0.46254,0.37919,0.37979,0.23683,0.46342,0.39226,0.37415,0.21231,1.39161,2.38739,2.46964,1.27813,0.00982081,0.00982081,0.00982081
183,836.016,0.62868,0.96639,0.48556,0.86653,0.39594,0.43233,0.40694,0.25739,0.39537,0.45082,0.39712,0.22856,1.43902,2.53763,2.63461,1.32225,0.00981982,0.00981982,0.00981982
184,840.543,0.68633,0.99165,0.51456,0.87283,0.52212,0.36783,0.3984,0.24351,0.52765,0.37721,0.40999,0.23939,1.43406,2.48667,2.67019,1.30697,0.00981883,0.00981883,0.00981883
185,845.051,0.63535,0.92898,0.49236,0.86876,0.50698,0.35768,0.37918,0.24277,0.49433,0.35768,0.38165,0.22921,1.37982,2.46038,2.62104,1.28512,0.00981784,0.00981784,0.00981784
186,849.56,0.62997,0.93488,0.50557,0.8705,0.44183,0.37883,0.35746,0.22394,0.44545,0.38038,0.35134,0.20482,1.50254,2.60588,2.54101,1.34063,0.00981685,0.00981685,0.00981685
187,854.107,0.64437,0.95226,0.466,0.86679,0.4592,0.38335,0.37799,0.22545,0.43497,0.36546,0.36044,0.19656,1.53678,2.67692,2.61946,1.38767,0.00981586,0.00981586,0.00981586
188,858.659,0.62798,1.0041,0.46535,0.88486,0.55037,0.30792,0.36873,0.23982,0.50484,0.29056,0.35282,0.20858,1.55434,2.67418,3.12612,1.37151,0.00981487,0.00981487,0.00981487
189,863.194,0.64032,1.02458,0.50036,0.87979,0.47036,0.3601,0.34917,0.20954,0.45976,0.3501,0.33767,0.20476,1.54645,2.7297,2.95463,1.31758,0.00981388,0.00981388,0.00981388
190,867.752,0.61981,0.92128,0.47562,0.86426,0.43433,0.33871,0.3597,0.22315,0.43629,0.34379,0.35331,0.20838,1.55104,2.78449,2.98997,1.33974,0.00981289,0.00981289,0.00981289
191,872.316,0.64153,0.93579,0.48928,0.86736,0.5263,0.35537,0.37934,0.2337,0.53318,0.33713,0.37128,0.22382,1.50548,2.80428,2.80671,1.3258,0.0098119,0.0098119,0.0098119
192,876.905,0.63429,0.94986,0.44991,0.87796,0.3846,0.45029,0.35943,0.21815,0.46921,0.36347,0.3551,0.20836,1.41912,2.67824,2.62529,1.33,0.00981091,0.00981091,0.00981091
193,881.435,0.65239,0.93087,0.51308,0.86968,0.42515,0.47534,0.38926,0.23103,0.40736,0.46654,0.3821,0.2098,1.44749,2.701,2.58203,1.31968,0.00980992,0.00980992,0.00980992
194,885.987,0.61304,0.92097,0.46621,0.87062,0.47389,0.45773,0.41048,0.23969,0.47149,0.46812,0.41916,0.23151,1.49838,2.55577,2.5358,1.40194,0.00980893,0.00980893,0.00980893
195,890.511,0.65674,0.99748,0.49484,0.8798,0.46698,0.48158,0.3804,0.21501,0.44669,0.47461,0.37932,0.214,1.53624,2.50539,2.36706,1.41744,0.00980794,0.00980794,0.00980794
196,895.104,0.64961,0.93095,0.50407,0.87365,0.41161,0.50721,0.36438,0.21385,0.45004,0.43291,0.3554,0.20727,1.44957,2.44722,2.62375,1.38948,0.00980695,0.00980695,0.00980695
197,899.617,0.63749,0.9607,0.51543,0.87635,0.43772,0.47089,0.35588,0.20929,0.43306,0.46172,0.34715,0.19732,1.48966,2.50546,3.04972,1.37697,0.00980596,0.00980596,0.00980596
198,904.179,0.61983,0.93926,0.47763,0.87096,0.45272,0.46151,0.40339,0.24717,0.4264,0.44168,0.38329,0.21317,1.45276,2.52728,2.8264,1.36792,0.00980497,0.00980497,0.00980497
199,908.731,0.62098,0.93429,0.48553,0.8669,0.41843,0.48465,0.38236,0.24378,0.42186,0.48981,0.39438,0.22248,1.37781,2.55403,2.6244,1.32519,0.00980398,0.00980398,0.00980398
200,913.271,0.61739,0.99649,0.48313,0.88439,0.50116,0.37107,0.3583,0.22957,0.48914,0.38458,0.36943,0.22477,1.40539,2.60692,2.81784,1.33486,0.00980299,0.00980299,0.00980299
201,917.823,0.64832,0.96789,0.4726,0.87227,0.46017,0.40625,0.38513,0.24963,0.4675,0.41106,0.38729,0.2126,1.35275,2.44965,2.70103,1.32353,0.009802,0.009802,0.009802
202,922.405,0.65753,0.99559,0.47736,0.86295,0.46165,0.47143,0.4027,0.25187,0.4593,0.46395,0.40957,0.22252,1.34369,2.58568,2.44758,1.32304,0.00980101,0.00980101,0.00980101
203,926.939,0.63353,0.97113,0.46979,0.86123,0.42843,0.44334,0.38152,0.23162,0.428,0.43209,0.36915,0.20979,1.39199,2.7286,2.59384,1.40674,0.00980002,0.00980002,0.00980002
204,931.511,0.64574,0.96209,0.47391,0.87695,0.38499,0.37505,0.33272,0.20314,0.38816,0.37819,0.31773,0.18816,1.49421,2.72874,3.18044,1.4834,0.00979903,0.00979903,0.00979903
205,936.048,0.66424,0.91868,0.48691,0.86167,0.39873,0.36326,0.33719,0.196,0.42002,0.36201,0.31644,0.18938,1.56997,2.76343,3.25961,1.50376,0.00979804,0.00979804,0.00979804
206,940.589,0.64727,0.95197,0.49248,0.87209,0.43687,0.38788,0.34456,0.2081,0.43502,0.39308,0.339,0.18319,1.54208,2.69476,2.92831,1.4346,0.00979705,0.00979705,0.00979705
207,945.154,0.62772,1.03982,0.4833,0.8772,0.47054,0.49821,0.36961,0.23104,0.4855,0.50064,0.38447,0.21111,1.32577,2.5538,2.4949,1.29886,0.00979606,0.00979606,0.00979606
208,949.684,0.67383,0.93467,0.50014,0.88666,0.37217,0.5001,0.38265,0.25373,0.43062,0.44894,0.37764,0.2178,1.3318,2.5891,2.58924,1.33154,0.00979507,0.00979507,0.00979507
209,954.182,0.61445,0.88164,0.49358,0.86473,0.40525,0.48509,0.4095,0.25193,0.41145,0.43739,0.37957,0.21466,1.37004,2.52428,2.78469,1.35281,0.00979408,0.00979408,0.00979408
210,958.728,0.61302,0.93672,0.47043,0.8587,0.46441,0.43207,0.40258,0.25371,0.47947,0.44558,0.41526,0.21902,1.40512,2.39277,2.54694,1.36435,0.00979309,0.00979309,0.00979309
211,963.295,0.64266,0.96414,0.48996,0.88004,0.48483,0.36447,0.38982,0.24551,0.54409,0.33933,0.38274,0.2159,1.40288,2.40359,2.69926,1.33577,0.0097921,0.0097921,0.0097921
212,967.852,0.62902,0.95021,0.4679,0.86409,0.54401,0.39804,0.4021,0.24951,0.52086,0.39747,0.40012,0.23515,1.44994,2.41164,2.78023,1.37724,0.00979111,0.00979111,0.00979111
213,972.394,0.62899,0.89704,0.47887,0.86094,0.55987,0.44424,0.41135,0.25003,0.54387,0.42495,0.39196,0.23034,1.44286,2.38811,2.84693,1.34104,0.00979012,0.00979012,0.00979012
214,976.967,0.60914,0.92818,0.46096,0.86272,0.55201,0.40918,0.38889,0.24417,0.52727,0.40146,0.386,0.23183,1.41576,2.42373,2.75107,1.31836,0.00978913,0.00978913,0.00978913
215,981.495,0.64492,0.89494,0.48287,0.86933,0.47485,0.44087,0.37965,0.23652,0.50122,0.4709,0.39487,0.22714,1.47896,2.45193,2.83291,1.3735,0.00978814,0.00978814,0.00978814
216,986.069,0.59095,0.87286,0.44158,0.86347,0.37257,0.41327,0.338,0.21828,0.41948,0.43489,0.36164,0.20056,1.42519,2.43595,2.80075,1.35024,0.00978715,0.00978715,0.00978715
217,990.596,0.61141,0.91466,0.46715,0.87162,0.46302,0.43907,0.35885,0.22057,0.48239,0.46164,0.37161,0.20349,1.43831,2.35791,2.74726,1.36145,0.00978616,0.00978616,0.00978616
218,995.118,0.64203,0.91588,0.47437,0.87638,0.48051,0.38762,0.35523,0.21632,0.41018,0.39574,0.351,0.19388,1.47032,2.34811,2.65346,1.40269,0.00978517,0.00978517,0.00978517
219,999.631,0.62607,0.96643,0.50284,0.87007,0.44,0.38215,0.36325,0.22745,0.45831,0.38936,0.37691,0.21414,1.38424,2.38438,2.5046,1.3384,0.00978418,0.00978418,0.00978418
220,1004.2,0.61084,0.92682,0.48096,0.85448,0.3783,0.39009,0.30895,0.1883,0.41212,0.4045,0.33555,0.18452,1.46661,2.41018,2.53535,1.4156,0.00978319,0.00978319,0.00978319
221,1008.79,0.66346,0.96635,0.49214,0.87283,0.43041,0.45396,0.33658,0.18547,0.43143,0.44828,0.34328,0.16408,1.48484,2.43192,2.35711,1.43554,0.0097822,0.0097822,0.0097822
222,1013.33,0.63378,0.97142,0.48812,0.85621,0.41065,0.4625,0.36563,0.23412,0.43911,0.46985,0.38121,0.20402,1.342,2.28722,2.18562,1.32287,0.00978121,0.00978121,0.00978121
223,1017.91,0.66097,1.05815,0.51897,0.88108,0.49996,0.44233,0.3996,0.2451,0.47687,0.42693,0.3793,0.19638,1.35821,2.38736,2.15206,1.33634,0.00978022,0.00978022,0.00978022
224,1022.48,0.60985,0.94952,0.45248,0.85464,0.47333,0.3925,0.3868,0.24361,0.49096,0.40391,0.38636,0.21663,1.34282,2.42823,2.49168,1.29495,0.00977923,0.00977923,0.00977923
225,1026.99,0.61372,1.01179,0.47001,0.85566,0.46624,0.40633,0.38776,0.23935,0.42321,0.38452,0.37426,0.21617,1.33276,2.41902,2.70235,1.28971,0.00977824,0.00977824,0.00977824
226,1031.52,0.64494,0.92359,0.48492,0.86571,0.4876,0.40863,0.40313,0.25945,0.47376,0.39509,0.39514,0.24,1.34933,2.62165,2.72158,1.26116,0.00977725,0.00977725,0.00977725
227,1036.07,0.63434,0.97802,0.47666,0.86761,0.48647,0.37753,0.40067,0.25844,0.48008,0.35675,0.39697,0.2306,1.32141,2.56453,2.69087,1.26845,0.00977626,0.00977626,0.00977626
228,1040.63,0.62351,0.91704,0.48033,0.86072,0.47685,0.37804,0.41144,0.27085,0.45567,0.40249,0.4174,0.24512,1.33139,2.50123,2.89552,1.2943,0.00977527,0.00977527,0.00977527
229,1045.14,0.60159,0.87519,0.45,0.85093,0.50557,0.38782,0.42245,0.27217,0.42404,0.39529,0.39919,0.22649,1.29756,2.42941,2.88714,1.30356,0.00977428,0.00977428,0.00977428
230,1049.68,0.6103,0.93021,0.47114,0.85898,0.44083,0.40388,0.40308,0.2533,0.40138,0.37018,0.36504,0.20929,1.35915,2.46642,2.82539,1.35307,0.00977329,0.00977329,0.00977329
231,1054.22,0.62165,0.91327,0.4498,0.87014,0.43142,0.43706,0.40863,0.25098,0.46622,0.38493,0.38812,0.22334,1.36852,2.41812,2.68636,1.34694,0.0097723,0.0097723,0.0097723
232,1058.78,0.58918,0.91092,0.44922,0.86305,0.48518,0.42425,0.41132,0.26071,0.55818,0.3417,0.40113,0.23585,1.29521,2.37934,2.60115,1.30693,0.00977131,0.00977131,0.00977131
233,1063.3,0.64935,0.9432,0.49021,0.86153,0.48988,0.43275,0.41878,0.24966,0.4489,0.41026,0.39758,0.2326,1.37438,2.34913,2.63253,1.33166,0.00977032,0.00977032,0.00977032
234,1067.85,0.63778,0.92358,0.47558,0.84624,0.47598,0.38123,0.37497,0.22989,0.45489,0.40103,0.38053,0.22641,1.45449,2.42553,2.84949,1.38621,0.00976933,0.00976933,0.00976933
235,1072.42,0.63004,0.90691,0.46416,0.86915,0.46211,0.45496,0.43688,0.27337,0.43813,0.46181,0.41977,0.25626,1.49172,2.40513,2.83444,1.38125,0.00976834,0.00976834,0.00976834
236,1077.02,0.62094,0.94296,0.46209,0.85279,0.55217,0.43249,0.45236,0.26919,0.53832,0.41074,0.44631,0.27554,1.54147,2.51072,2.91446,1.40108,0.00976735,0.00976735,0.00976735
237,1081.54,0.63265,0.92974,0.46858,0.87666,0.506,0.45986,0.46046,0.28537,0.55886,0.39867,0.4499,0.26524,1.53176,2.5519,2.84262,1.41116,0.00976636,0.00976636,0.00976636
238,1086.11,0.58526,0.82532,0.44725,0.86175,0.50491,0.46417,0.446,0.26749,0.4715,0.43718,0.4231,0.22791,1.5231,2.45096,2.58299,1.40678,0.00976537,0.00976537,0.00976537
239,1090.7,0.6307,0.9128,0.44425,0.86259,0.45273,0.50417,0.44798,0.27498,0.43771,0.49173,0.43472,0.24129,1.49171,2.40528,2.49299,1.38612,0.00976438,0.00976438,0.00976438
240,1095.25,0.60752,0.92018,0.44874,0.85974,0.45351,0.48523,0.40739,0.23816,0.42371,0.45554,0.39169,0.20819,1.48303,2.47126,2.44494,1.34314,0.00976339,0.00976339,0.00976339
241,1099.81,0.60467,0.86142,0.45628,0.86804,0.43703,0.45481,0.39265,0.23633,0.40808,0.43251,0.36746,0.21375,1.49454,2.47871,2.28175,1.33805,0.0097624,0.0097624,0.0097624
242,1104.36,0.60249,0.92616,0.4493,0.86009,0.53295,0.44173,0.42655,0.26382,0.49162,0.41178,0.42953,0.23805,1.46736,2.44082,2.12751,1.34228,0.00976141,0.00976141,0.00976141
243,1108.89,0.61133,0.94222,0.45823,0.8605,0.54957,0.43538,0.45279,0.27617,0.55626,0.445,0.44557,0.24308,1.45682,2.4431,2.31591,1.3373,0.00976042,0.00976042,0.00976042
244,1113.43,0.57534,0.85161,0.44887,0.86014,0.54317,0.42462,0.41253,0.25098,0.53775,0.43688,0.40675,0.22687,1.41101,2.44786,2.43618,1.33176,0.00975943,0.00975943,0.00975943
245,1117.96,0.60503,0.93861,0.47388,0.85883,0.51325,0.475,0.38691,0.23738,0.51046,0.46726,0.37783,0.20837,1.41351,2.47943,2.47539,1.33766,0.00975844,0.00975844,0.00975844
246,1122.5,0.58905,0.86465,0.44718,0.86051,0.43025,0.53046,0.40119,0.25144,0.47904,0.47073,0.39591,0.22958,1.3477,2.38246,2.47924,1.27526,0.00975745,0.00975745,0.00975745
247,1127.04,0.62441,0.91403,0.46169,0.85859,0.40873,0.46702,0.40371,0.2558,0.41296,0.47102,0.39628,0.2315,1.35607,2.37139,2.50929,1.27649,0.00975646,0.00975646,0.00975646
248,1131.62,0.6125,0.91124,0.44792,0.86447,0.45904,0.47456,0.43168,0.26503,0.44476,0.46347,0.41221,0.24621,1.41026,2.3702,2.50733,1.34643,0.00975547,0.00975547,0.00975547
249,1136.17,0.59184,0.85937,0.4446,0.85725,0.45592,0.39345,0.40835,0.26737,0.46829,0.40826,0.41176,0.24358,1.37942,2.36597,2.51009,1.32034,0.00975448,0.00975448,0.00975448
250,1140.76,0.61672,0.87346,0.46344,0.85856,0.41688,0.45288,0.41991,0.26284,0.38656,0.43334,0.40016,0.2218,1.41684,2.38663,2.60765,1.34849,0.00975349,0.00975349,0.00975349
251,1145.3,0.60958,0.90358,0.45572,0.86693,0.67753,0.31163,0.39525,0.25213,0.57869,0.28466,0.3546,0.20117,1.48165,2.5643,2.88484,1.41123,0.0097525,0.0097525,0.0097525
252,1149.87,0.6202,0.90996,0.47735,0.87349,0.58678,0.33338,0.39378,0.25112,0.373,0.36646,0.36484,0.21272,1.45337,2.44175,2.70658,1.37037,0.00975151,0.00975151,0.00975151
253,1154.41,0.58876,0.8283,0.4567,0.86145,0.45287,0.35956,0.37282,0.24508,0.41254,0.3374,0.34966,0.22052,1.4218,2.39917,2.68257,1.34205,0.00975052,0.00975052,0.00975052
254,1158.98,0.66659,0.9644,0.52301,0.8766,0.40745,0.34742,0.36287,0.23556,0.38923,0.34526,0.34405,0.20615,1.33982,2.40281,2.71369,1.28429,0.00974953,0.00974953,0.00974953
255,1163.49,0.63297,0.90094,0.4836,0.8685,0.46683,0.39775,0.36258,0.2133,0.44124,0.39039,0.34123,0.18417,1.35385,2.51364,2.39489,1.30681,0.00974854,0.00974854,0.00974854
256,1168.08,0.5973,0.89549,0.44434,0.86153,0.50189,0.33314,0.32499,0.19918,0.54394,0.3669,0.34375,0.18399,1.33318,2.49582,2.44028,1.26923,0.00974755,0.00974755,0.00974755
257,1172.64,0.60343,0.8768,0.46501,0.85043,0.39776,0.41602,0.31865,0.19409,0.38613,0.39828,0.30316,0.16316,1.39281,2.52162,2.71466,1.3088,0.00974656,0.00974656,0.00974656
258,1177.21,0.59214,0.8924,0.439,0.8636,0.48871,0.36612,0.3536,0.21072,0.44947,0.42365,0.36041,0.18629,1.36897,2.44663,2.30273,1.32524,0.00974557,0.00974557,0.00974557
259,1181.75,0.58779,0.88186,0.43906,0.86012,0.42379,0.35172,0.29505,0.17257,0.44632,0.35653,0.29635,0.15568,1.44387,2.46798,2.78165,1.36503,0.00974458,0.00974458,0.00974458
260,1186.33,0.63038,0.90853,0.45258,0.88703,0.42004,0.44491,0.32235,0.19149,0.40777,0.43784,0.3304,0.17457,1.41564,2.36203,2.51576,1.34815,0.00974359,0.00974359,0.00974359
261,1190.89,0.60963,0.91871,0.45189,0.86315,0.40733,0.41644,0.34812,0.20292,0.4691,0.43238,0.36832,0.19826,1.41907,2.35289,2.58921,1.33368,0.0097426,0.0097426,0.0097426
262,1195.47,0.58523,0.86822,0.43842,0.84696,0.39346,0.41775,0.38236,0.24021,0.43626,0.44471,0.3934,0.22737,1.37045,2.39198,2.45397,1.30379,0.00974161,0.00974161,0.00974161
263,1200.03,0.59231,0.85023,0.45565,0.85367,0.40374,0.4108,0.38214,0.24435,0.4443,0.35689,0.37605,0.22091,1.37457,2.43331,2.46953,1.31531,0.00974062,0.00974062,0.00974062
264,1204.62,0.61243,0.93995,0.4757,0.87267,0.41742,0.43019,0.37845,0.24705,0.44706,0.43694,0.38598,0.22448,1.35674,2.47554,2.54874,1.30987,0.00973963,0.00973963,0.00973963
265,1209.17,0.60111,0.84405,0.43359,0.84696,0.49501,0.35265,0.37035,0.24049,0.48565,0.37668,0.36477,0.21263,1.36473,2.55987,2.58237,1.30276,0.00973864,0.00973864,0.00973864
266,1213.72,0.62465,0.87719,0.4567,0.85494,0.4538,0.40497,0.37298,0.23972,0.43055,0.39763,0.36114,0.21286,1.3596,2.68797,2.59822,1.27642,0.00973765,0.00973765,0.00973765
267,1218.28,0.57822,0.85388,0.43734,0.85248,0.50519,0.39307,0.38063,0.24791,0.50384,0.39526,0.36841,0.22186,1.34406,2.71002,2.57493,1.26006,0.00973666,0.00973666,0.00973666
268,1222.86,0.58821,0.85153,0.44631,0.84568,0.47986,0.38286,0.41203,0.2657,0.48606,0.39009,0.41113,0.24484,1.30087,2.62988,2.52481,1.26029,0.00973567,0.00973567,0.00973567
269,1227.38,0.52743,0.79152,0.4024,0.84481,0.56035,0.37618,0.44615,0.2808,0.5409,0.37931,0.41543,0.2406,1.29345,2.53927,2.51526,1.24923,0.00973468,0.00973468,0.00973468
270,1231.94,0.58035,0.85955,0.46145,0.86632,0.48518,0.40311,0.42422,0.26076,0.40263,0.45226,0.40647,0.22472,1.34933,2.53049,2.5119,1.29084,0.00973369,0.00973369,0.00973369
271,1236.49,0.5788,0.90643,0.42512,0.85903,0.41019,0.43379,0.3964,0.24785,0.44966,0.40458,0.39827,0.23472,1.35436,2.55264,2.45176,1.3128,0.0097327,0.0097327,0.0097327
272,1241.06,0.59508,0.86219,0.42745,0.86534,0.48912,0.37322,0.41752,0.26297,0.48757,0.42935,0.43358,0.24041,1.34889,2.50381,2.22575,1.31327,0.00973171,0.00973171,0.00973171
273,1245.63,0.57349,0.85177,0.42053,0.84441,0.48004,0.43391,0.43492,0.26229,0.48543,0.44345,0.4283,0.24516,1.36592,2.56858,2.22787,1.31232,0.00973072,0.00973072,0.00973072
274,1250.19,0.60598,0.86453,0.47417,0.86956,0.42609,0.44929,0.39772,0.25612,0.45483,0.4641,0.41811,0.23966,1.3245,2.63875,2.15811,1.29598,0.00972973,0.00972973,0.00972973
275,1254.75,0.579,0.86252,0.43944,0.84352,0.45693,0.39848,0.37387,0.23486,0.47177,0.40583,0.37659,0.22758,1.37853,2.73264,2.48533,1.34002,0.00972874,0.00972874,0.00972874
276,1259.35,0.57231,0.86593,0.42249,0.84973,0.42821,0.3804,0.33299,0.20419,0.41136,0.35817,0.31929,0.18557,1.33478,2.58007,2.75043,1.30278,0.00972775,0.00972775,0.00972775
277,1263.89,0.5607,0.85968,0.42027,0.8403,0.5206,0.32427,0.34928,0.21241,0.4635,0.29009,0.31699,0.18552,1.38257,2.57082,2.74391,1.32267,0.00972676,0.00972676,0.00972676
278,1268.45,0.57259,0.81361,0.42007,0.85455,0.54935,0.32917,0.33754,0.20005,0.50221,0.30036,0.30396,0.17104,1.38442,2.6271,2.7176,1.34416,0.00972577,0.00972577,0.00972577
279,1273,0.57673,0.84868,0.45574,0.85613,0.65949,0.30745,0.34335,0.20992,0.56736,0.27797,0.30579,0.17281,1.4015,2.6506,2.77523,1.34743,0.00972478,0.00972478,0.00972478
280,1277.57,0.59342,0.82295,0.45062,0.85851,0.50885,0.36765,0.35033,0.21983,0.43695,0.32253,0.30175,0.1731,1.37548,2.69881,2.93302,1.33108,0.00972379,0.00972379,0.00972379
281,1282.11,0.57735,0.89033,0.42678,0.85251,0.37732,0.42752,0.35107,0.22449,0.35926,0.41798,0.33535,0.19333,1.36043,2.79624,2.87053,1.32468,0.0097228,0.0097228,0.0097228
282,1286.65,0.56472,0.88838,0.42547,0.84917,0.47942,0.41155,0.38055,0.24442,0.47527,0.39412,0.36707,0.21359,1.33054,2.68807,2.79968,1.32331,0.00972181,0.00972181,0.00972181
283,1291.23,0.56632,0.85542,0.4176,0.8447,0.51899,0.42493,0.40528,0.25051,0.50131,0.42277,0.37791,0.21141,1.34322,2.6457,2.67078,1.32221,0.00972082,0.00972082,0.00972082
284,1295.79,0.60228,0.86974,0.43243,0.86397,0.4746,0.41952,0.38957,0.24889,0.43233,0.40485,0.3632,0.19653,1.31301,2.534,2.52626,1.31295,0.00971983,0.00971983,0.00971983
285,1300.35,0.55647,0.85796,0.41686,0.85985,0.5124,0.36144,0.3772,0.24028,0.52224,0.36399,0.37162,0.20759,1.32486,2.54157,2.46179,1.33809,0.00971884,0.00971884,0.00971884
286,1304.95,0.56988,0.80399,0.42086,0.85086,0.46387,0.40947,0.38868,0.24457,0.48768,0.3803,0.37074,0.21891,1.35882,2.61799,2.45304,1.32425,0.00971785,0.00971785,0.00971785
287,1309.53,0.5969,0.86873,0.46106,0.85409,0.54513,0.37091,0.41073,0.25626,0.54513,0.37091,0.40262,0.22244,1.34022,2.62038,2.39202,1.3128,0.00971686,0.00971686,0.00971686
288,1314.12,0.57882,0.84759,0.4481,0.84788,0.49492,0.40848,0.42294,0.26637,0.53109,0.36781,0.40088,0.23678,1.34778,2.73014,2.52427,1.30089,0.00971587,0.00971587,0.00971587
289,1318.71,0.59102,0.81861,0.46033,0.86078,0.46623,0.41701,0.41952,0.26168,0.47161,0.39174,0.39438,0.21932,1.34136,2.74192,2.58312,1.29458,0.00971488,0.00971488,0.00971488
290,1323.26,0.54892,0.78486,0.43256,0.84167,0.47623,0.44562,0.42264,0.28453,0.59502,0.34427,0.42112,0.25025,1.38436,2.73433,2.90285,1.31544,0.00971389,0.00971389,0.00971389
291,1327.82,0.56465,0.85084,0.41983,0.84415,0.4705,0.48125,0.44367,0.29367,0.4844,0.44813,0.42298,0.24655,1.25901,2.60718,2.7502,1.22845,0.0097129,0.0097129,0.0097129
292,1332.42,0.57348,0.79896,0.43414,0.86077,0.54701,0.4036,0.43755,0.2913,0.49721,0.36698,0.40379,0.24598,1.30065,2.55817,2.61775,1.24464,0.00971191,0.00971191,0.00971191
293,1336.94,0.59849,0.79699,0.45219,0.87106,0.45013,0.47735,0.43732,0.29616,0.46774,0.4413,0.44308,0.24899,1.25757,2.5592,2.48137,1.21627,0.00971092,0.00971092,0.00971092
294,1341.49,0.55214,0.85787,0.41896,0.85136,0.46266,0.42146,0.40542,0.26284,0.44389,0.42456,0.3928,0.22414,1.31607,2.71013,2.65301,1.2704,0.00970993,0.00970993,0.00970993
295,1346.09,0.57699,0.90545,0.43672,0.84807,0.50583,0.38973,0.42209,0.27517,0.4932,0.36691,0.39894,0.22192,1.30164,2.71728,2.52958,1.25798,0.00970894,0.00970894,0.00970894
296,1350.67,0.58751,0.83983,0.42834,0.85882,0.38963,0.45224,0.40783,0.26008,0.43809,0.38944,0.37911,0.21446,1.27947,2.72971,2.58621,1.24913,0.00970795,0.00970795,0.00970795
297,1355.2,0.58895,0.80087,0.42926,0.86687,0.38433,0.45705,0.39164,0.25649,0.38152,0.45967,0.37682,0.21317,1.33048,2.70283,2.6556,1.30093,0.00970696,0.00970696,0.00970696
298,1359.76,0.56911,0.8192,0.43887,0.84595,0.40419,0.42247,0.38428,0.23951,0.4053,0.38889,0.3563,0.19617,1.3971,2.71366,2.83876,1.37599,0.00970597,0.00970597,0.00970597
299,1364.35,0.59057,0.81814,0.44051,0.86057,0.47683,0.39332,0.41355,0.25615,0.44871,0.36597,0.3752,0.20876,1.38236,2.72755,2.81079,1.34242,0.00970498,0.00970498,0.00970498
300,1368.96,0.57178,0.80116,0.43279,0.84784,0.41899,0.39142,0.38844,0.24688,0.37929,0.36671,0.35216,0.20199,1.39905,2.60523,2.8396,1.37083,0.00970399,0.00970399,0.00970399
301,1373.52,0.55401,0.86146,0.43215,0.84833,0.38697,0.39805,0.39356,0.24043,0.34176,0.36983,0.35713,0.21597,1.46037,2.64828,2.92065,1.38315,0.009703,0.009703,0.009703
302,1378.08,0.6023,0.81859,0.44199,0.86701,0.45835,0.44961,0.41507,0.24531,0.42863,0.44453,0.39542,0.23224,1.43021,2.58318,2.44007,1.3612,0.00970201,0.00970201,0.00970201
303,1382.63,0.58336,0.84975,0.4377,0.8651,0.47535,0.43322,0.43747,0.27501,0.44518,0.43875,0.42061,0.23787,1.34383,2.56068,2.28731,1.27489,0.00970102,0.00970102,0.00970102
304,1387.22,0.58183,0.92515,0.44599,0.85622,0.43828,0.48402,0.40692,0.24385,0.43131,0.46459,0.41845,0.21934,1.39304,2.67201,2.46807,1.30918,0.00970003,0.00970003,0.00970003
305,1391.74,0.56605,0.86243,0.42812,0.85591,0.4592,0.45076,0.4081,0.24804,0.4067,0.43511,0.38322,0.22554,1.42969,2.65338,2.5148,1.32399,0.00969904,0.00969904,0.00969904
306,1396.33,0.59066,0.91302,0.43563,0.87456,0.44154,0.42408,0.41801,0.25074,0.38695,0.4691,0.39867,0.23943,1.4003,2.60579,2.29322,1.32314,0.00969805,0.00969805,0.00969805
307,1400.91,0.55656,0.83786,0.43374,0.8463,0.36495,0.40168,0.36999,0.22228,0.32729,0.38092,0.34944,0.21119,1.3991,2.6342,2.64382,1.3343,0.00969706,0.00969706,0.00969706
308,1405.47,0.58028,0.88348,0.43478,0.86338,0.519,0.35328,0.41251,0.24778,0.3679,0.44864,0.39251,0.24116,1.40542,2.57907,2.44993,1.37458,0.00969607,0.00969607,0.00969607
309,1409.99,0.57373,0.80079,0.44144,0.85336,0.45469,0.41912,0.41202,0.25773,0.42312,0.3879,0.38954,0.24225,1.39252,2.60569,2.51293,1.37136,0.00969508,0.00969508,0.00969508
310,1414.54,0.62474,0.8646,0.45787,0.85292,0.40774,0.43771,0.37897,0.22241,0.37642,0.42153,0.36493,0.21079,1.42849,2.66657,2.54709,1.40918,0.00969409,0.00969409,0.00969409
311,1419.11,0.52613,0.79202,0.40445,0.85109,0.46148,0.42187,0.38188,0.23941,0.42286,0.39452,0.36492,0.21242,1.40029,2.65477,2.7989,1.37855,0.0096931,0.0096931,0.0096931
312,1423.69,0.58993,0.86056,0.4311,0.85882,0.48839,0.43982,0.38061,0.2361,0.60277,0.378,0.39335,0.21155,1.41361,2.67982,2.69435,1.38707,0.00969211,0.00969211,0.00969211
313,1428.25,0.55273,0.82745,0.40547,0.84843,0.52524,0.43083,0.39501,0.23573,0.50728,0.4131,0.39479,0.20936,1.45975,2.65223,2.55695,1.38685,0.00969112,0.00969112,0.00969112
314,1432.83,0.57607,0.81857,0.44061,0.84952,0.56768,0.41292,0.39553,0.24713,0.52769,0.39426,0.40325,0.21837,1.35265,2.70743,2.45737,1.31742,0.00969013,0.00969013,0.00969013
315,1437.41,0.55415,0.83965,0.43147,0.85897,0.61471,0.3564,0.39694,0.24252,0.60643,0.33071,0.38083,0.21623,1.31914,2.70626,2.68263,1.31743,0.00968914,0.00968914,0.00968914
316,1442.01,0.57158,0.82499,0.42218,0.84789,0.57709,0.35619,0.41715,0.24721,0.52818,0.32124,0.38039,0.2071,1.38076,2.8333,2.8364,1.33618,0.00968815,0.00968815,0.00968815
317,1446.62,0.55058,0.81805,0.40897,0.84114,0.48258,0.3846,0.41338,0.26212,0.45734,0.38206,0.39748,0.24014,1.33386,2.66959,2.75485,1.3152,0.00968716,0.00968716,0.00968716
318,1451.19,0.53993,0.84548,0.41067,0.85027,0.41988,0.35446,0.34944,0.20812,0.39315,0.34333,0.33304,0.19956,1.45642,2.85231,3.19803,1.37004,0.00968617,0.00968617,0.00968617
319,1455.78,0.5399,0.80118,0.40686,0.84374,0.50735,0.40072,0.40476,0.24061,0.49027,0.39345,0.37524,0.2172,1.34658,2.71036,2.71566,1.31759,0.00968518,0.00968518,0.00968518
320,1460.36,0.55406,0.86314,0.42227,0.85168,0.53002,0.44141,0.43064,0.25857,0.492,0.45227,0.41393,0.23188,1.2758,2.66937,2.46721,1.28951,0.00968419,0.00968419,0.00968419
321,1464.93,0.5895,0.84526,0.43268,0.86637,0.5042,0.4279,0.40132,0.23034,0.46286,0.40165,0.3661,0.19715,1.30949,2.64613,2.50744,1.30953,0.0096832,0.0096832,0.0096832
322,1469.51,0.57133,0.81125,0.41439,0.84226,0.53322,0.41016,0.4032,0.2377,0.53468,0.37417,0.37033,0.19895,1.31416,2.64606,2.46797,1.31618,0.00968221,0.00968221,0.00968221
323,1474.09,0.55412,0.77539,0.41433,0.84216,0.47961,0.43942,0.40557,0.24621,0.40707,0.40372,0.36106,0.2033,1.30428,2.63231,2.72048,1.31744,0.00968122,0.00968122,0.00968122
324,1478.66,0.57478,0.84493,0.4359,0.8448,0.52496,0.41651,0.38781,0.24391,0.42525,0.42884,0.35674,0.20228,1.27914,2.55297,2.84818,1.27974,0.00968023,0.00968023,0.00968023
325,1483.21,0.5563,0.78311,0.4058,0.8438,0.53881,0.3817,0.39526,0.24842,0.41096,0.39828,0.35841,0.20046,1.3047,2.57154,2.99201,1.28508,0.00967924,0.00967924,0.00967924
326,1487.77,0.54096,0.79163,0.41518,0.84765,0.56588,0.36954,0.41023,0.26202,0.48561,0.33484,0.36103,0.20528,1.33647,2.6402,3.21888,1.30098,0.00967825,0.00967825,0.00967825
327,1492.36,0.55879,0.82915,0.4072,0.83773,0.56425,0.34657,0.41022,0.25742,0.48466,0.32491,0.36892,0.21347,1.35241,2.73216,3.40176,1.29875,0.00967726,0.00967726,0.00967726
328,1496.92,0.54271,0.80699,0.39735,0.84818,0.54125,0.38223,0.42988,0.27126,0.58055,0.30977,0.37593,0.23113,1.37522,2.66165,3.169,1.30698,0.00967627,0.00967627,0.00967627
329,1501.48,0.56673,0.85879,0.40452,0.85399,0.55469,0.39702,0.44121,0.27421,0.49389,0.3614,0.38532,0.23226,1.35467,2.59783,3.02614,1.31144,0.00967528,0.00967528,0.00967528
330,1506.03,0.54104,0.86048,0.39908,0.85698,0.47249,0.41822,0.40719,0.25568,0.46528,0.3778,0.37709,0.21377,1.40807,2.68761,3.02323,1.34341,0.00967429,0.00967429,0.00967429
331,1510.59,0.56299,0.81844,0.41314,0.84085,0.55162,0.36798,0.41156,0.26039,0.55835,0.37104,0.40127,0.23236,1.39174,2.57466,3.11855,1.32175,0.0096733,0.0096733,0.0096733
332,1515.15,0.53239,0.78229,0.38215,0.84403,0.57002,0.37659,0.42495,0.28071,0.48605,0.3681,0.38021,0.23295,1.398,2.5531,3.16101,1.33021,0.00967231,0.00967231,0.00967231
333,1519.71,0.55583,0.79224,0.41829,0.86099,0.57405,0.40084,0.43147,0.28483,0.51997,0.37275,0.38938,0.24222,1.40189,2.53159,3.03212,1.34534,0.00967132,0.00967132,0.00967132
334,1524.28,0.52689,0.80874,0.41452,0.84184,0.54412,0.43688,0.43681,0.27379,0.48028,0.42126,0.40694,0.24114,1.40929,2.59829,3.09371,1.36825,0.00967033,0.00967033,0.00967033
335,1528.83,0.57954,0.8592,0.4447,0.85865,0.52798,0.44903,0.42486,0.25925,0.48015,0.42921,0.39716,0.23928,1.46699,2.74207,2.86768,1.40577,0.00966934,0.00966934,0.00966934
336,1533.4,0.56507,0.80421,0.42561,0.85254,0.5219,0.44485,0.44857,0.26963,0.45882,0.4086,0.39731,0.22097,1.49011,2.8411,2.75494,1.4171,0.00966835,0.00966835,0.00966835
337,1537.97,0.55286,0.84482,0.41284,0.85112,0.49449,0.43299,0.44745,0.27221,0.48505,0.35836,0.41619,0.24154,1.48294,2.81015,2.87117,1.44997,0.00966736,0.00966736,0.00966736
338,1542.54,0.53614,0.80377,0.4036,0.86095,0.54858,0.40168,0.43134,0.25839,0.4757,0.39697,0.40986,0.23944,1.46076,2.69809,2.85094,1.41239,0.00966637,0.00966637,0.00966637
339,1547.11,0.56046,0.81353,0.42863,0.85063,0.53011,0.44051,0.42807,0.24502,0.46625,0.39083,0.37723,0.22452,1.47968,2.66661,2.80155,1.46198,0.00966538,0.00966538,0.00966538
340,1551.69,0.53894,0.7607,0.4078,0.84948,0.49003,0.3987,0.42201,0.25385,0.44003,0.4563,0.4018,0.2237,1.4151,2.70314,2.63778,1.40763,0.00966439,0.00966439,0.00966439
341,1556.25,0.55753,0.80794,0.4069,0.84517,0.5311,0.4565,0.44226,0.27348,0.46529,0.41861,0.39499,0.23789,1.41269,2.65657,2.62626,1.39535,0.0096634,0.0096634,0.0096634
342,1560.84,0.52854,0.77869,0.40554,0.8362,0.55799,0.44104,0.42431,0.26154,0.47176,0.43966,0.37684,0.23045,1.43379,2.64564,2.45936,1.35632,0.00966241,0.00966241,0.00966241
343,1565.39,0.52179,0.79329,0.40039,0.84189,0.52114,0.45264,0.405,0.25648,0.50485,0.45483,0.38345,0.22573,1.37876,2.65519,2.66437,1.34852,0.00966142,0.00966142,0.00966142
344,1569.98,0.55605,0.78314,0.40957,0.85045,0.502,0.46239,0.43636,0.27428,0.48354,0.42801,0.38934,0.23581,1.37024,2.60669,2.68001,1.33464,0.00966043,0.00966043,0.00966043
345,1574.54,0.54479,0.76169,0.40393,0.83657,0.48829,0.44039,0.43328,0.27271,0.51152,0.40895,0.40587,0.24074,1.381,2.6549,2.6672,1.32922,0.00965944,0.00965944,0.00965944
346,1579.12,0.54095,0.78189,0.4025,0.84041,0.51685,0.41395,0.42499,0.26533,0.45173,0.391,0.37848,0.22046,1.44124,2.72001,2.73451,1.38734,0.00965845,0.00965845,0.00965845
347,1583.71,0.55386,0.85435,0.41793,0.83952,0.49663,0.40928,0.43257,0.25391,0.45703,0.37848,0.39339,0.22557,1.4746,2.72604,2.82744,1.43768,0.00965746,0.00965746,0.00965746
348,1588.3,0.54797,0.79975,0.4245,0.8512,0.49002,0.40725,0.38757,0.22716,0.44002,0.37085,0.35839,0.20653,1.43392,2.72983,2.93048,1.40741,0.00965647,0.00965647,0.00965647
349,1592.85,0.53324,0.7267,0.44465,0.85103,0.45366,0.45099,0.4454,0.2653,0.42162,0.41442,0.40055,0.22223,1.3843,2.66272,2.83753,1.35693,0.00965548,0.00965548,0.00965548
350,1597.44,0.53904,0.79469,0.42194,0.84546,0.53379,0.4158,0.42392,0.24576,0.49827,0.3804,0.39025,0.20366,1.44662,2.71405,2.91607,1.39715,0.00965449,0.00965449,0.00965449
351,1602.04,0.55102,0.86443,0.41968,0.8702,0.57107,0.37152,0.41719,0.24622,0.44643,0.38731,0.37996,0.21848,1.35334,2.77484,2.77044,1.34291,0.0096535,0.0096535,0.0096535
352,1606.61,0.54183,0.78015,0.41703,0.84768,0.4816,0.43045,0.40945,0.24596,0.43222,0.39387,0.37725,0.21153,1.33263,2.73563,2.69397,1.31742,0.00965251,0.00965251,0.00965251
353,1611.18,0.56174,0.84477,0.41626,0.84418,0.47015,0.40399,0.40951,0.25204,0.46533,0.38891,0.39702,0.22529,1.38771,2.63957,2.81529,1.35342,0.00965152,0.00965152,0.00965152
354,1615.7,0.55075,0.82887,0.4174,0.84925,0.46286,0.39839,0.39809,0.24998,0.48126,0.37338,0.38982,0.23345,1.38737,2.59357,3.01346,1.35859,0.00965053,0.00965053,0.00965053
355,1620.26,0.57083,0.80296,0.42113,0.84904,0.52719,0.36031,0.40337,0.24521,0.55397,0.34712,0.39314,0.23753,1.44886,2.77531,3.03716,1.39901,0.00964954,0.00964954,0.00964954
356,1624.86,0.54762,0.80102,0.42857,0.84699,0.41508,0.46057,0.38471,0.2395,0.4063,0.45267,0.37042,0.21388,1.38455,2.72024,2.85973,1.36405,0.00964855,0.00964855,0.00964855
357,1629.44,0.52002,0.76778,0.4002,0.83396,0.52217,0.3887,0.40876,0.25525,0.50794,0.37389,0.38168,0.21824,1.37394,2.69064,2.80765,1.3481,0.00964756,0.00964756,0.00964756
358,1634.02,0.53534,0.8075,0.4004,0.83567,0.40996,0.46991,0.44471,0.27035,0.50524,0.37737,0.40363,0.22886,1.38668,2.78078,2.6289,1.36851,0.00964657,0.00964657,0.00964657
359,1638.59,0.54489,0.85994,0.40191,0.84468,0.4931,0.32848,0.36713,0.23527,0.33736,0.36157,0.33623,0.2042,1.41238,2.72661,3.04452,1.33862,0.00964558,0.00964558,0.00964558
360,1643.22,0.53038,0.77399,0.39262,0.85003,0.48359,0.40914,0.4132,0.26594,0.55933,0.33358,0.37708,0.21957,1.37089,2.72076,2.75486,1.32591,0.00964459,0.00964459,0.00964459
361,1647.77,0.52431,0.82664,0.38734,0.83881,0.63933,0.37334,0.41806,0.25822,0.44436,0.38822,0.37333,0.22062,1.35188,2.78326,2.71999,1.29638,0.0096436,0.0096436,0.0096436
362,1652.34,0.56099,0.79897,0.41997,0.84116,0.63775,0.34877,0.42763,0.26935,0.39114,0.44623,0.39149,0.22945,1.342,2.70659,2.6215,1.28546,0.00964261,0.00964261,0.00964261
363,1656.88,0.51873,0.74737,0.41629,0.82542,0.59053,0.3788,0.43711,0.27789,0.61762,0.33969,0.41591,0.23156,1.38087,2.74168,2.50229,1.31882,0.00964162,0.00964162,0.00964162
364,1661.47,0.53191,0.83119,0.40367,0.83492,0.56865,0.40965,0.42523,0.26296,0.51833,0.38282,0.39481,0.22312,1.36482,2.65984,2.53845,1.30678,0.00964063,0.00964063,0.00964063
365,1666.02,0.53297,0.78676,0.41369,0.84734,0.47116,0.48566,0.42655,0.25858,0.40224,0.47013,0.38429,0.22271,1.35369,2.60834,2.57833,1.2849,0.00963964,0.00963964,0.00963964
366,1670.59,0.54426,0.7869,0.41977,0.8371,0.59761,0.38012,0.40667,0.25317,0.60385,0.35664,0.38772,0.22644,1.33914,2.60461,2.51586,1.26584,0.00963865,0.00963865,0.00963865
367,1675.16,0.5206,0.76011,0.39925,0.841,0.52268,0.41589,0.42341,0.26343,0.45703,0.37389,0.38257,0.21845,1.31656,2.5895,2.34344,1.27206,0.00963766,0.00963766,0.00963766
368,1679.71,0.52307,0.73401,0.39852,0.84671,0.45804,0.43638,0.39719,0.25035,0.40362,0.41227,0.37254,0.22476,1.3047,2.47667,2.24435,1.28408,0.00963667,0.00963667,0.00963667
369,1684.23,0.57904,0.82497,0.44082,0.85046,0.58787,0.41377,0.41158,0.2602,0.52816,0.40463,0.39541,0.2467,1.2611,2.43737,2.06249,1.24226,0.00963568,0.00963568,0.00963568
370,1688.79,0.51509,0.80668,0.39595,0.84881,0.53029,0.43901,0.40621,0.25961,0.49441,0.41685,0.38613,0.24598,1.27728,2.34412,2.09338,1.25853,0.00963469,0.00963469,0.00963469
371,1693.42,0.54508,0.8027,0.40353,0.83676,0.4496,0.48213,0.41435,0.25888,0.41897,0.451,0.39836,0.25059,1.29425,2.38221,2.14418,1.26174,0.0096337,0.0096337,0.0096337
372,1698.03,0.52056,0.8196,0.41132,0.84107,0.56718,0.44367,0.42082,0.27054,0.47985,0.43703,0.4007,0.25264,1.2665,2.49447,2.24861,1.25238,0.00963271,0.00963271,0.00963271
373,1702.64,0.53832,0.89506,0.40347,0.8338,0.49691,0.44984,0.41189,0.2636,0.45145,0.41249,0.39189,0.22814,1.28252,2.53307,2.29108,1.26017,0.00963172,0.00963172,0.00963172
374,1707.21,0.5668,0.82145,0.4242,0.85323,0.57582,0.43072,0.41152,0.25664,0.52732,0.39228,0.37261,0.21975,1.31027,2.58288,2.28027,1.27299,0.00963073,0.00963073,0.00963073
375,1711.81,0.5545,0.82085,0.42488,0.84982,0.58791,0.39429,0.41543,0.26571,0.50437,0.35556,0.38187,0.21741,1.32339,2.57871,2.42793,1.28596,0.00962974,0.00962974,0.00962974
376,1716.42,0.54357,0.8194,0.40232,0.84082,0.46098,0.44074,0.40582,0.25047,0.43811,0.41466,0.37932,0.21284,1.32339,2.68887,2.51925,1.31815,0.00962875,0.00962875,0.00962875
377,1720.98,0.53201,0.79388,0.40106,0.83804,0.52428,0.45698,0.43204,0.27943,0.48234,0.42723,0.3915,0.24277,1.28002,2.64374,2.40715,1.30714,0.00962776,0.00962776,0.00962776
378,1725.57,0.53707,0.78588,0.39764,0.85586,0.57762,0.44112,0.45881,0.29994,0.44633,0.43806,0.41482,0.24888,1.27011,2.57099,2.29528,1.3065,0.00962677,0.00962677,0.00962677
379,1730.17,0.51062,0.78616,0.38475,0.83433,0.50335,0.44768,0.43083,0.28349,0.43374,0.40603,0.38037,0.2362,1.30254,2.6293,2.3561,1.3424,0.00962578,0.00962578,0.00962578
380,1734.79,0.52451,0.78026,0.38448,0.85882,0.46163,0.42409,0.40398,0.26622,0.43124,0.39791,0.36993,0.22951,1.3372,2.60603,2.61591,1.36409,0.00962479,0.00962479,0.00962479
381,1739.35,0.52261,0.77666,0.38373,0.84304,0.45895,0.40121,0.39417,0.25496,0.42336,0.40455,0.36264,0.21785,1.3322,2.56782,2.47931,1.35703,0.0096238,0.0096238,0.0096238
382,1743.96,0.5349,0.76216,0.41783,0.84228,0.4471,0.40886,0.39107,0.25078,0.41404,0.40201,0.37085,0.22609,1.34588,2.54581,2.56627,1.35718,0.00962281,0.00962281,0.00962281
383,1748.55,0.52927,0.78025,0.41261,0.85081,0.46112,0.36521,0.36797,0.23112,0.47093,0.37975,0.35819,0.20452,1.39987,2.63911,2.55016,1.35768,0.00962182,0.00962182,0.00962182
384,1753.16,0.53593,0.85059,0.38982,0.83446,0.48325,0.34606,0.3439,0.22745,0.45203,0.35965,0.34167,0.2052,1.43045,2.65168,2.57074,1.38726,0.00962083,0.00962083,0.00962083
385,1757.71,0.55231,0.77438,0.38672,0.84305,0.48826,0.33504,0.35963,0.22622,0.49542,0.32093,0.35927,0.208,1.4555,2.6579,2.61514,1.39777,0.00961984,0.00961984,0.00961984
386,1762.28,0.50555,0.78981,0.38854,0.84201,0.40953,0.36215,0.37496,0.24564,0.40467,0.35696,0.37571,0.22239,1.43987,2.67894,2.59593,1.40763,0.00961885,0.00961885,0.00961885
387,1766.87,0.56489,0.80728,0.42517,0.84908,0.45699,0.39645,0.41102,0.27389,0.44647,0.38645,0.39537,0.24865,1.39622,2.6351,2.42212,1.37619,0.00961786,0.00961786,0.00961786
388,1771.47,0.55019,0.81799,0.41052,0.84953,0.50992,0.39375,0.40228,0.25662,0.51064,0.3792,0.38652,0.24186,1.40395,2.72837,2.46513,1.3656,0.00961687,0.00961687,0.00961687
389,1776.05,0.49683,0.74165,0.37491,0.84487,0.46409,0.41761,0.40562,0.25839,0.47426,0.41084,0.38468,0.2299,1.38522,2.78994,2.4471,1.35744,0.00961588,0.00961588,0.00961588
390,1780.67,0.52526,0.76665,0.39333,0.83518,0.52298,0.34746,0.40789,0.26062,0.51616,0.3501,0.39437,0.24006,1.38386,2.79341,2.58179,1.33777,0.00961489,0.00961489,0.00961489
391,1785.25,0.53629,0.78536,0.40068,0.84565,0.43759,0.40817,0.40755,0.26501,0.42256,0.40949,0.38821,0.21824,1.38033,2.8665,2.57482,1.30854,0.0096139,0.0096139,0.0096139
392,1789.86,0.53847,0.80391,0.40143,0.84238,0.45828,0.41111,0.40573,0.26224,0.45325,0.39337,0.3928,0.22491,1.34208,2.93739,2.6608,1.2888,0.00961291,0.00961291,0.00961291
393,1794.45,0.53281,0.73215,0.39351,0.84639,0.47332,0.39844,0.41536,0.26944,0.57277,0.33499,0.40375,0.2281,1.34729,2.79974,2.65031,1.27039,0.00961192,0.00961192,0.00961192
394,1799.07,0.54269,0.76421,0.39333,0.84663,0.45807,0.40591,0.39933,0.26534,0.43621,0.38551,0.38929,0.22202,1.34663,2.70401,2.61786,1.28705,0.00961093,0.00961093,0.00961093
395,1803.68,0.55743,0.7975,0.41222,0.83544,0.50926,0.37996,0.4083,0.26706,0.4886,0.37281,0.39856,0.23823,1.35896,2.6764,2.56899,1.31822,0.00960994,0.00960994,0.00960994
396,1808.31,0.52062,0.76619,0.42201,0.84971,0.44165,0.41178,0.39963,0.26335,0.43425,0.3967,0.38857,0.23619,1.34345,2.62582,2.77849,1.33614,0.00960895,0.00960895,0.00960895
397,1812.9,0.51815,0.72792,0.38291,0.83919,0.45853,0.38865,0.40018,0.26242,0.44236,0.38076,0.38865,0.24638,1.38089,2.68542,2.74332,1.35496,0.00960796,0.00960796,0.00960796
398,1817.49,0.52948,0.76525,0.38333,0.84983,0.41848,0.40044,0.38988,0.24869,0.40191,0.39573,0.37159,0.23516,1.37492,2.6554,2.77865,1.35393,0.00960697,0.00960697,0.00960697
399,1822.06,0.51072,0.73544,0.39031,0.84225,0.45971,0.40461,0.40966,0.26398,0.42861,0.41243,0.38228,0.23747,1.36497,2.56685,2.62182,1.34906,0.00960598,0.00960598,0.00960598
400,1826.63,0.51289,0.73153,0.37891,0.83922,0.52239,0.3857,0.41436,0.27898,0.43763,0.39517,0.38713,0.23629,1.31266,2.5469,2.62181,1.30222,0.00960499,0.00960499,0.00960499
401,1831.2,0.49696,0.73336,0.39022,0.84417,0.49644,0.42171,0.42504,0.2821,0.46158,0.39701,0.39998,0.23197,1.31323,2.57638,2.55696,1.2867,0.009604,0.009604,0.009604
402,1835.76,0.51434,0.7911,0.39426,0.84922,0.46644,0.43717,0.41487,0.27465,0.39528,0.41512,0.38084,0.22193,1.37462,2.63831,2.4454,1.32501,0.00960301,0.00960301,0.00960301
403,1840.38,0.54041,0.90396,0.41743,0.85593,0.49795,0.41901,0.40373,0.26433,0.42835,0.4607,0.39206,0.22237,1.40435,2.73456,2.60441,1.38541,0.00960202,0.00960202,0.00960202
404,1844.98,0.48193,0.81558,0.381,0.83924,0.4571,0.45018,0.42236,0.2795,0.41351,0.43163,0.40306,0.24335,1.38279,2.66913,2.58493,1.32673,0.00960103,0.00960103,0.00960103
405,1849.53,0.51528,0.73727,0.39085,0.83482,0.4339,0.44151,0.41555,0.27724,0.4339,0.44151,0.39904,0.23704,1.32799,2.59705,2.6791,1.30548,0.00960004,0.00960004,0.00960004
406,1854.14,0.55912,0.80105,0.42363,0.84359,0.46137,0.44018,0.40108,0.26303,0.46137,0.44018,0.40081,0.23506,1.27766,2.65847,2.79878,1.27424,0.00959905,0.00959905,0.00959905
407,1858.71,0.53911,0.75536,0.40348,0.84142,0.48273,0.41325,0.38536,0.25541,0.46547,0.40626,0.38007,0.23682,1.26066,2.70137,2.9025,1.27047,0.00959806,0.00959806,0.00959806
408,1863.34,0.50952,0.74022,0.39046,0.83932,0.60995,0.34274,0.38702,0.25666,0.5648,0.32541,0.36269,0.23205,1.33014,2.77355,3.10491,1.30998,0.00959707,0.00959707,0.00959707
409,1867.93,0.5361,0.76759,0.4116,0.84507,0.59636,0.35401,0.39872,0.27302,0.52798,0.34569,0.38187,0.23651,1.29349,2.70823,3.06163,1.28072,0.00959608,0.00959608,0.00959608
410,1872.56,0.5048,0.80645,0.37183,0.84317,0.47729,0.3761,0.40442,0.26866,0.4401,0.36834,0.38968,0.24026,1.30043,2.69312,3.07392,1.27707,0.00959509,0.00959509,0.00959509
411,1877.16,0.50369,0.74698,0.36919,0.83263,0.61493,0.35661,0.39818,0.26776,0.53118,0.33496,0.38188,0.23267,1.30159,2.63786,3.09263,1.27383,0.0095941,0.0095941,0.0095941
412,1881.77,0.50833,0.70229,0.37659,0.83706,0.54547,0.38305,0.39455,0.25304,0.46874,0.35378,0.36535,0.22766,1.32863,2.59013,3.1851,1.29594,0.00959311,0.00959311,0.00959311
413,1886.32,0.54432,0.71654,0.4014,0.83842,0.5463,0.35486,0.39449,0.25662,0.53346,0.36757,0.38873,0.24745,1.34847,2.64906,3.0494,1.31059,0.00959212,0.00959212,0.00959212
414,1890.95,0.49979,0.75046,0.37573,0.84117,0.53729,0.41482,0.40129,0.25211,0.47852,0.38831,0.37379,0.23942,1.37447,2.63123,2.89442,1.33306,0.00959113,0.00959113,0.00959113
415,1895.51,0.46306,0.76508,0.34914,0.84066,0.51439,0.36969,0.38224,0.24292,0.44079,0.34056,0.3526,0.22229,1.40176,2.7368,2.82318,1.32318,0.00959014,0.00959014,0.00959014
416,1900.12,0.49312,0.76745,0.37622,0.83635,0.46193,0.4045,0.364,0.22357,0.40634,0.34354,0.32467,0.19089,1.50703,2.76559,2.9062,1.36829,0.00958915,0.00958915,0.00958915
417,1904.69,0.51614,0.77627,0.39513,0.84547,0.45635,0.37765,0.38006,0.23924,0.41887,0.34556,0.34784,0.20416,1.46888,2.70334,2.9702,1.35323,0.00958816,0.00958816,0.00958816
418,1909.27,0.47893,0.76,0.37508,0.83873,0.4098,0.48368,0.39758,0.2482,0.37447,0.41341,0.35644,0.21857,1.38448,2.6017,2.68243,1.32699,0.00958717,0.00958717,0.00958717
419,1913.88,0.56744,0.88683,0.42219,0.85668,0.46727,0.46518,0.38665,0.2342,0.39824,0.41096,0.32626,0.19406,1.41489,2.54013,2.57214,1.34419,0.00958618,0.00958618,0.00958618
420,1918.48,0.50908,0.81351,0.39716,0.85068,0.46216,0.41258,0.36303,0.2182,0.40612,0.39927,0.33243,0.19571,1.38014,2.49361,2.83921,1.34788,0.00958519,0.00958519,0.00958519
421,1923.07,0.49628,0.72889,0.37042,0.83154,0.41875,0.4422,0.34685,0.2146,0.39722,0.42296,0.32909,0.19705,1.38549,2.48376,2.83276,1.35257,0.0095842,0.0095842,0.0095842
422,1927.67,0.50002,0.757,0.38305,0.84327,0.40623,0.3745,0.34296,0.21807,0.3947,0.35773,0.30918,0.1871,1.38321,2.57784,2.85543,1.34088,0.00958321,0.00958321,0.00958321
423,1932.28,0.48801,0.72628,0.38229,0.828,0.42321,0.37876,0.35037,0.23296,0.42813,0.36619,0.33194,0.19365,1.36147,2.73119,2.71556,1.3176,0.00958222,0.00958222,0.00958222
424,1936.88,0.51873,0.74792,0.40079,0.83448,0.42407,0.39103,0.35941,0.23081,0.56357,0.31883,0.34151,0.19427,1.35759,2.74451,2.74069,1.31852,0.00958123,0.00958123,0.00958123
425,1941.48,0.5013,0.72376,0.37528,0.82353,0.43894,0.42772,0.36558,0.23229,0.40725,0.41436,0.34371,0.19932,1.33951,2.74101,2.7216,1.31224,0.00958024,0.00958024,0.00958024
426,1946.05,0.53036,0.75183,0.40928,0.84863,0.4238,0.43628,0.36785,0.22973,0.40078,0.42177,0.34973,0.19993,1.34415,2.69471,2.75572,1.30744,0.00957925,0.00957925,0.00957925
427,1950.66,0.48657,0.71711,0.38356,0.84077,0.43836,0.40788,0.39313,0.25516,0.48201,0.36616,0.38112,0.21819,1.36107,2.69533,2.71389,1.32435,0.00957826,0.00957826,0.00957826
428,1955.29,0.48538,0.73665,0.36137,0.83917,0.52589,0.35624,0.37854,0.23973,0.54923,0.32843,0.35654,0.20364,1.37464,2.64922,2.91075,1.34299,0.00957727,0.00957727,0.00957727
429,1959.89,0.52352,0.70176,0.40805,0.83297,0.58033,0.35499,0.39411,0.24079,0.54751,0.33499,0.36599,0.22028,1.38281,2.69827,2.78746,1.366,0.00957628,0.00957628,0.00957628
430,1964.5,0.51013,0.78978,0.38321,0.83691,0.55032,0.34966,0.40007,0.24473,0.53802,0.33209,0.37804,0.21193,1.39004,2.67404,2.61871,1.40168,0.00957529,0.00957529,0.00957529
431,1969.1,0.48312,0.7441,0.3729,0.83647,0.55097,0.36738,0.39892,0.23551,0.54318,0.35845,0.38224,0.21029,1.39094,2.73069,2.70155,1.41031,0.0095743,0.0095743,0.0095743
432,1973.71,0.47995,0.70463,0.36832,0.82684,0.57152,0.38725,0.39589,0.23496,0.51225,0.35351,0.35412,0.20988,1.41686,2.72295,2.85156,1.40596,0.00957331,0.00957331,0.00957331
433,1978.25,0.51521,0.73903,0.40166,0.82496,0.55933,0.40416,0.40725,0.24502,0.5278,0.39228,0.39276,0.21828,1.41128,2.76438,2.83784,1.39527,0.00957232,0.00957232,0.00957232
434,1982.87,0.50264,0.73807,0.37297,0.83259,0.52801,0.40836,0.42615,0.27172,0.59731,0.35475,0.41947,0.24377,1.38315,2.63688,2.80561,1.35318,0.00957133,0.00957133,0.00957133
435,1987.47,0.4901,0.7278,0.36746,0.82666,0.57929,0.38994,0.42188,0.27207,0.47799,0.39171,0.39715,0.24488,1.38969,2.70573,2.86251,1.33389,0.00957034,0.00957034,0.00957034
436,1992.05,0.56316,0.86245,0.43029,0.85189,0.54376,0.41598,0.40667,0.26937,0.51631,0.37916,0.3804,0.22442,1.3897,2.73246,2.85679,1.34219,0.00956935,0.00956935,0.00956935
437,1996.64,0.49253,0.71586,0.3955,0.8484,0.58842,0.36113,0.42079,0.2793,0.55134,0.34008,0.3916,0.24147,1.42116,2.65495,2.76932,1.37933,0.00956836,0.00956836,0.00956836
438,2001.26,0.51976,0.75603,0.39022,0.84738,0.53532,0.39155,0.41975,0.28811,0.50589,0.37939,0.40569,0.24565,1.37123,2.63739,2.64885,1.36761,0.00956737,0.00956737,0.00956737
439,2005.83,0.49011,0.73482,0.386,0.82404,0.62819,0.33283,0.42716,0.28506,0.58541,0.32111,0.40007,0.2419,1.37528,2.65787,2.70505,1.36032,0.00956638,0.00956638,0.00956638
440,2010.42,0.51702,0.78272,0.40974,0.83571,0.57872,0.34545,0.41333,0.257,0.53163,0.31418,0.38272,0.22846,1.3918,2.65933,2.89244,1.37325,0.00956539,0.00956539,0.00956539
441,2015,0.52459,0.74296,0.39505,0.84232,0.58615,0.33205,0.41366,0.26778,0.55503,0.32859,0.4061,0.22487,1.34481,2.65673,2.88901,1.33255,0.0095644,0.0095644,0.0095644
442,2019.6,0.49296,0.71737,0.39024,0.82724,0.5866,0.38826,0.46414,0.29798,0.63992,0.32573,0.42725,0.2575,1.34968,2.61939,2.77737,1.31446,0.00956341,0.00956341,0.00956341
443,2024.23,0.50186,0.79974,0.4001,0.83918,0.55398,0.44339,0.45319,0.30457,0.52424,0.42174,0.44459,0.26991,1.3511,2.62171,2.82175,1.32242,0.00956242,0.00956242,0.00956242
444,2028.85,0.53674,0.8178,0.39857,0.85669,0.61614,0.39974,0.47305,0.3039,0.57467,0.37264,0.44429,0.25569,1.33649,2.65786,2.83458,1.3033,0.00956143,0.00956143,0.00956143
445,2033.43,0.47073,0.69282,0.36578,0.83124,0.64526,0.37339,0.45363,0.29341,0.45484,0.40053,0.40681,0.24133,1.28625,2.61692,2.86691,1.27772,0.00956044,0.00956044,0.00956044
446,2038.03,0.50429,0.7377,0.37576,0.83705,0.55703,0.41055,0.44804,0.28116,0.49298,0.37584,0.40483,0.22938,1.28459,2.60663,2.8333,1.28977,0.00955945,0.00955945,0.00955945
447,2042.63,0.53699,0.72958,0.3945,0.83434,0.58377,0.37148,0.4128,0.27078,0.4756,0.36501,0.39931,0.21276,1.29315,2.66329,2.67833,1.29826,0.00955846,0.00955846,0.00955846
448,2047.25,0.52214,0.72427,0.39886,0.83646,0.5946,0.39556,0.4195,0.25958,0.51063,0.32206,0.36106,0.1968,1.34743,2.6836,2.789,1.35177,0.00955747,0.00955747,0.00955747
449,2051.85,0.502,0.72953,0.38576,0.83601,0.48928,0.39866,0.39944,0.25696,0.49018,0.39347,0.39168,0.21046,1.33279,2.61083,2.58021,1.32265,0.00955648,0.00955648,0.00955648
450,2056.44,0.52014,0.74139,0.39845,0.84555,0.63176,0.3323,0.41438,0.25422,0.62742,0.32735,0.39602,0.21977,1.31037,2.51006,2.5925,1.29842,0.00955549,0.00955549,0.00955549
451,2061.05,0.47191,0.70534,0.36734,0.83341,0.59252,0.35341,0.40817,0.24345,0.72297,0.29299,0.39151,0.22018,1.32237,2.46907,2.56169,1.29143,0.0095545,0.0095545,0.0095545
452,2065.66,0.50139,0.73422,0.37226,0.83033,0.51252,0.36659,0.37889,0.233,0.5426,0.35394,0.3737,0.20834,1.34382,2.526,2.64757,1.30589,0.00955351,0.00955351,0.00955351
453,2070.23,0.5195,0.72314,0.37529,0.83755,0.50365,0.34671,0.3583,0.24042,0.46583,0.33618,0.35323,0.19507,1.28594,2.47843,2.6449,1.27817,0.00955252,0.00955252,0.00955252
454,2074.82,0.51479,0.76184,0.379,0.82668,0.4879,0.3798,0.33946,0.22044,0.42709,0.36281,0.29943,0.17964,1.33874,2.606,2.87032,1.29657,0.00955153,0.00955153,0.00955153
455,2079.41,0.50928,0.78695,0.39657,0.84778,0.56451,0.36721,0.38313,0.24353,0.4858,0.3287,0.34276,0.2025,1.3296,2.50961,2.53816,1.30061,0.00955054,0.00955054,0.00955054
456,2084.02,0.44493,0.6617,0.34515,0.83208,0.49435,0.42283,0.40738,0.2568,0.42716,0.39225,0.37271,0.23052,1.39346,2.55387,2.53392,1.3681,0.00954955,0.00954955,0.00954955
457,2088.61,0.51236,0.78107,0.38623,0.83355,0.51851,0.4075,0.41449,0.26852,0.57716,0.33178,0.37207,0.22322,1.39595,2.54849,2.50841,1.36996,0.00954856,0.00954856,0.00954856
458,2093.19,0.48086,0.67103,0.36474,0.82579,0.47369,0.41751,0.39552,0.24802,0.50074,0.38047,0.38514,0.23708,1.42302,2.52038,2.63347,1.39793,0.00954757,0.00954757,0.00954757
459,2097.8,0.51042,0.7205,0.37947,0.83709,0.46808,0.42317,0.41582,0.26964,0.58382,0.32847,0.39944,0.25313,1.45115,2.50603,2.74536,1.39338,0.00954658,0.00954658,0.00954658
460,2102.43,0.50727,0.67939,0.3716,0.84711,0.52403,0.40795,0.42546,0.27168,0.54318,0.36422,0.40638,0.25694,1.4461,2.48522,2.80999,1.36754,0.00954559,0.00954559,0.00954559
461,2107,0.50091,0.72422,0.37731,0.84248,0.52539,0.44802,0.44159,0.28514,0.458,0.41788,0.39758,0.24235,1.43866,2.48817,2.80588,1.35769,0.0095446,0.0095446,0.0095446
462,2111.61,0.51168,0.72192,0.37854,0.85425,0.58031,0.41059,0.45056,0.28735,0.46515,0.35092,0.39263,0.24229,1.44958,2.50722,2.77687,1.36564,0.00954361,0.00954361,0.00954361
463,2116.2,0.47335,0.69089,0.36392,0.83551,0.48678,0.41326,0.42968,0.27594,0.44615,0.36679,0.39105,0.24135,1.37135,2.46989,2.61206,1.31563,0.00954262,0.00954262,0.00954262
464,2120.81,0.51545,0.74706,0.39075,0.84033,0.68022,0.30546,0.39514,0.2577,0.56739,0.29811,0.35668,0.22026,1.35376,2.49093,2.72193,1.30524,0.00954163,0.00954163,0.00954163
465,2125.4,0.48867,0.73346,0.3848,0.83884,0.47928,0.38347,0.41798,0.26661,0.41931,0.37877,0.39058,0.23112,1.34011,2.47792,2.63241,1.29915,0.00954064,0.00954064,0.00954064
466,2129.98,0.50684,0.79422,0.38315,0.85371,0.47192,0.42897,0.42087,0.26309,0.38815,0.40482,0.37851,0.2268,1.33244,2.48696,2.6323,1.29527,0.00953965,0.00953965,0.00953965
467,2134.62,0.46124,0.69549,0.35445,0.82225,0.51327,0.40792,0.40941,0.24084,0.44254,0.39231,0.36599,0.22847,1.38253,2.54837,2.79704,1.32165,0.00953866,0.00953866,0.00953866
468,2139.2,0.51776,0.7151,0.4042,0.83927,0.48411,0.40804,0.38761,0.24484,0.40283,0.37885,0.35312,0.21795,1.37746,2.62114,2.94906,1.32907,0.00953767,0.00953767,0.00953767
469,2143.73,0.51111,0.76712,0.39186,0.83201,0.49407,0.43509,0.39388,0.25091,0.44829,0.41314,0.35497,0.2212,1.36225,2.62263,2.9808,1.32811,0.00953668,0.00953668,0.00953668
470,2148.32,0.50325,0.75979,0.38599,0.8251,0.47255,0.41648,0.38613,0.23413,0.43938,0.38384,0.34307,0.20632,1.36998,2.57661,3.06711,1.35134,0.00953569,0.00953569,0.00953569
471,2152.92,0.51608,0.75298,0.38804,0.84569,0.44223,0.41786,0.36784,0.23439,0.40173,0.38316,0.32201,0.19841,1.36172,2.55359,2.961,1.34522,0.0095347,0.0095347,0.0095347
472,2157.51,0.50224,0.7118,0.37303,0.83723,0.48419,0.40882,0.42074,0.27107,0.45874,0.39147,0.38083,0.23036,1.35162,2.59821,2.99284,1.30635,0.00953371,0.00953371,0.00953371
473,2162.09,0.50528,0.75984,0.37619,0.84545,0.48231,0.39136,0.42178,0.27549,0.45321,0.37401,0.38862,0.2403,1.3422,2.54699,3.01692,1.28632,0.00953272,0.00953272,0.00953272
474,2166.66,0.48595,0.72566,0.377,0.84597,0.31188,0.54983,0.39755,0.26159,0.30263,0.52808,0.37783,0.22536,1.37127,2.47174,3.13273,1.27637,0.00953173,0.00953173,0.00953173
475,2171.23,0.53948,0.74598,0.42119,0.8513,0.30839,0.51834,0.39652,0.25557,0.28618,0.49363,0.36616,0.21332,1.3618,2.61301,3.18323,1.27542,0.00953074,0.00953074,0.00953074
476,2175.84,0.47766,0.70826,0.37084,0.82798,0.46531,0.31132,0.39326,0.25823,0.46531,0.31132,0.37953,0.22299,1.36629,2.6745,2.95462,1.3368,0.00952975,0.00952975,0.00952975
477,2180.42,0.4781,0.68722,0.36392,0.82167,0.49144,0.31682,0.36615,0.24631,0.49144,0.31682,0.354,0.20841,1.39563,2.75843,3.19953,1.33574,0.00952876,0.00952876,0.00952876
478,2185,0.53224,0.78561,0.41114,0.84,0.44581,0.36941,0.36514,0.23509,0.47281,0.32161,0.35415,0.20759,1.40215,2.76887,3.12877,1.36191,0.00952777,0.00952777,0.00952777
479,2189.62,0.48623,0.73237,0.37171,0.83314,0.43023,0.38809,0.37204,0.23606,0.47334,0.32909,0.35287,0.21125,1.39226,2.7916,3.0279,1.38763,0.00952678,0.00952678,0.00952678
480,2194.21,0.48818,0.75761,0.38044,0.83493,0.48345,0.38118,0.36641,0.23192,0.44348,0.33357,0.32354,0.1912,1.35469,2.75981,2.85669,1.32872,0.00952579,0.00952579,0.00952579
481,2198.79,0.47077,0.72448,0.37151,0.83452,0.49498,0.36722,0.36639,0.23407,0.49662,0.33858,0.35406,0.21173,1.36338,2.71529,2.75188,1.35052,0.0095248,0.0095248,0.0095248
482,2203.43,0.49945,0.73411,0.36875,0.8376,0.50974,0.35662,0.3617,0.2342,0.42813,0.3368,0.3305,0.20467,1.37453,2.70206,2.76055,1.37309,0.00952381,0.00952381,0.00952381
483,2208.02,0.49226,0.74802,0.37326,0.84245,0.43684,0.38006,0.35037,0.22074,0.39841,0.3579,0.32354,0.1948,1.39446,2.77119,2.882,1.3621,0.00952282,0.00952282,0.00952282
484,2212.64,0.504,0.77262,0.38575,0.84002,0.43875,0.41895,0.3715,0.23133,0.3689,0.37698,0.32836,0.20173,1.36033,2.76138,2.79811,1.34972,0.00952183,0.00952183,0.00952183
485,2217.19,0.49183,0.7159,0.37794,0.84539,0.44253,0.41164,0.37201,0.23344,0.42237,0.34011,0.32987,0.20582,1.32546,2.7653,2.78693,1.32316,0.00952084,0.00952084,0.00952084
486,2221.79,0.48504,0.72945,0.37124,0.84054,0.45416,0.453,0.39246,0.24952,0.35616,0.41338,0.34769,0.21023,1.30164,2.71886,2.68014,1.3195,0.00951985,0.00951985,0.00951985
487,2226.35,0.48303,0.69669,0.37721,0.83696,0.4642,0.47013,0.39326,0.24168,0.37226,0.42127,0.34026,0.21013,1.32774,2.69277,2.58147,1.34858,0.00951886,0.00951886,0.00951886
488,2230.99,0.50271,0.69261,0.39461,0.83325,0.44431,0.43858,0.40806,0.24862,0.40594,0.4239,0.38283,0.23531,1.3362,2.65135,2.70221,1.36208,0.00951787,0.00951787,0.00951787
489,2235.56,0.48891,0.71616,0.39057,0.83923,0.43749,0.43632,0.41898,0.26317,0.38745,0.40946,0.37115,0.22602,1.34114,2.63974,2.75005,1.36411,0.00951688,0.00951688,0.00951688
490,2240.16,0.49783,0.71763,0.38667,0.84246,0.51143,0.4192,0.43181,0.27089,0.46551,0.39784,0.39979,0.23867,1.35108,2.63486,2.63063,1.34988,0.00951589,0.00951589,0.00951589
491,2244.75,0.49069,0.74228,0.36328,0.84394,0.67656,0.30552,0.41491,0.27391,0.45285,0.36383,0.37887,0.23919,1.39969,2.6775,2.78444,1.39416,0.0095149,0.0095149,0.0095149
492,2249.36,0.46922,0.77378,0.37515,0.82607,0.60873,0.3517,0.42471,0.27576,0.59451,0.33685,0.39739,0.23464,1.48511,2.66238,2.73066,1.43655,0.00951391,0.00951391,0.00951391
493,2253.94,0.4821,0.68216,0.37398,0.83647,0.50606,0.35867,0.40001,0.26357,0.48866,0.34781,0.37262,0.22362,1.4988,2.73598,2.89895,1.4434,0.00951292,0.00951292,0.00951292
494,2258.53,0.48754,0.70079,0.38172,0.8495,0.46407,0.39968,0.3991,0.26052,0.44691,0.3709,0.36791,0.229,1.47639,2.70111,3.02592,1.40247,0.00951193,0.00951193,0.00951193
495,2263.12,0.49008,0.75581,0.3627,0.83497,0.48845,0.42671,0.41592,0.26143,0.4546,0.39981,0.37387,0.22345,1.45271,2.65596,2.75883,1.40479,0.00951094,0.00951094,0.00951094
496,2267.75,0.49433,0.78277,0.3766,0.83487,0.5088,0.39896,0.39048,0.25551,0.48306,0.38504,0.37152,0.21926,1.40276,2.52923,2.69476,1.35711,0.00950995,0.00950995,0.00950995
497,2272.31,0.53079,0.75274,0.39668,0.84346,0.48626,0.39388,0.38254,0.24967,0.43685,0.35268,0.34256,0.1993,1.36819,2.56223,2.70264,1.33568,0.00950896,0.00950896,0.00950896
498,2276.9,0.48762,0.80913,0.36434,0.83045,0.44054,0.41617,0.37946,0.24043,0.40811,0.38998,0.34504,0.20001,1.3595,2.53513,2.74619,1.31961,0.00950797,0.00950797,0.00950797
499,2281.5,0.51181,0.80584,0.39076,0.84575,0.44575,0.39455,0.38064,0.23251,0.43608,0.36984,0.3527,0.19401,1.37893,2.62052,2.86642,1.31747,0.00950698,0.00950698,0.00950698
500,2286.11,0.49199,0.73958,0.37891,0.82818,0.42423,0.42569,0.36006,0.22324,0.38665,0.41682,0.33879,0.19023,1.43506,2.63502,2.80875,1.34783,0.00950599,0.00950599,0.00950599
501,2290.7,0.49036,0.78596,0.37221,0.83755,0.4663,0.42589,0.37024,0.22739,0.40354,0.41119,0.34176,0.1965,1.46162,2.6165,2.77621,1.35759,0.009505,0.009505,0.009505
502,2295.31,0.50561,0.71188,0.377,0.84575,0.50509,0.35564,0.3543,0.21693,0.44072,0.31926,0.302,0.17945,1.43763,2.55158,2.81013,1.36412,0.00950401,0.00950401,0.00950401
503,2299.88,0.49887,0.69519,0.38434,0.83843,0.45008,0.45038,0.39444,0.24654,0.42955,0.40524,0.34945,0.21229,1.45117,2.54056,2.77649,1.41805,0.00950302,0.00950302,0.00950302
504,2304.54,0.48681,0.72195,0.36981,0.83374,0.43092,0.43233,0.38786,0.23507,0.3985,0.40291,0.34731,0.21002,1.4591,2.63213,2.81389,1.4322,0.00950203,0.00950203,0.00950203
505,2309.13,0.48301,0.74288,0.36955,0.83267,0.46413,0.40156,0.35863,0.22266,0.43264,0.37595,0.32779,0.19855,1.47085,2.64462,2.90163,1.44264,0.00950104,0.00950104,0.00950104
506,2313.74,0.50578,0.72448,0.37642,0.84157,0.47043,0.40897,0.37068,0.23168,0.42223,0.39584,0.35506,0.20654,1.48197,2.64637,2.91429,1.43668,0.00950005,0.00950005,0.00950005
507,2318.32,0.48768,0.6818,0.36683,0.83646,0.45154,0.39344,0.36441,0.22455,0.43672,0.37136,0.34308,0.20093,1.46124,2.56728,2.98291,1.40849,0.00949906,0.00949906,0.00949906
508,2322.96,0.46583,0.69229,0.35654,0.82217,0.44724,0.41169,0.3614,0.22796,0.43545,0.39641,0.34825,0.21623,1.4461,2.51857,2.9,1.38872,0.00949807,0.00949807,0.00949807
509,2327.52,0.50159,0.64226,0.3836,0.83118,0.45513,0.41409,0.35945,0.22916,0.39597,0.40671,0.33222,0.20185,1.41303,2.46731,2.88824,1.36338,0.00949708,0.00949708,0.00949708
510,2332.09,0.47462,0.7274,0.36037,0.83466,0.43873,0.43099,0.36292,0.22969,0.4219,0.40685,0.35091,0.21404,1.40121,2.46793,2.77405,1.36992,0.00949609,0.00949609,0.00949609
511,2336.69,0.48219,0.68314,0.35086,0.82062,0.41685,0.39997,0.3455,0.22334,0.39441,0.37516,0.33447,0.20351,1.41751,2.51683,2.92439,1.38323,0.0094951,0.0094951,0.0094951
512,2341.31,0.48821,0.76532,0.36244,0.83588,0.40854,0.3978,0.34732,0.22796,0.35381,0.36999,0.32107,0.1943,1.32166,2.51455,2.79379,1.33569,0.00949411,0.00949411,0.00949411
513,2345.89,0.50768,0.7532,0.38011,0.83968,0.37817,0.41531,0.33167,0.22145,0.36019,0.40691,0.32802,0.19983,1.33473,2.57206,2.80651,1.33315,0.00949312,0.00949312,0.00949312
514,2350.48,0.45461,0.71123,0.33716,0.83144,0.42916,0.42523,0.34763,0.2227,0.39155,0.42994,0.32756,0.19557,1.30249,2.62452,2.81485,1.32083,0.00949213,0.00949213,0.00949213
515,2355.11,0.50141,0.71785,0.37072,0.84077,0.47073,0.39463,0.38074,0.24575,0.35321,0.44217,0.35463,0.20735,1.27635,2.5923,2.6051,1.30328,0.00949114,0.00949114,0.00949114
516,2359.72,0.51059,0.74755,0.37686,0.82915,0.49579,0.36171,0.40817,0.27276,0.45427,0.34955,0.39484,0.23876,1.28514,2.5784,2.49848,1.31531,0.00949015,0.00949015,0.00949015
517,2364.29,0.47377,0.72455,0.36893,0.83508,0.50622,0.35338,0.40808,0.27313,0.41531,0.38027,0.39314,0.23754,1.2997,2.59542,2.46317,1.31369,0.00948916,0.00948916,0.00948916
518,2368.93,0.49316,0.72528,0.37911,0.83217,0.41472,0.44423,0.40913,0.26942,0.40444,0.43873,0.38997,0.23646,1.28842,2.52193,2.4179,1.29445,0.00948817,0.00948817,0.00948817
519,2373.51,0.476,0.71599,0.38075,0.83309,0.47964,0.41859,0.40164,0.26085,0.43871,0.40388,0.36817,0.2245,1.25549,2.53418,2.56119,1.25775,0.00948718,0.00948718,0.00948718
520,2378.13,0.4865,0.72211,0.37191,0.82649,0.50003,0.40261,0.39865,0.26017,0.48639,0.40142,0.38307,0.22017,1.28037,2.5683,2.52245,1.27794,0.00948619,0.00948619,0.00948619
521,2382.71,0.47549,0.66505,0.379,0.84318,0.50209,0.42654,0.41364,0.26002,0.43013,0.39012,0.37118,0.2074,1.2682,2.60004,2.44953,1.28052,0.0094852,0.0094852,0.0094852
522,2387.31,0.47257,0.70708,0.36413,0.82801,0.49572,0.40511,0.4171,0.27697,0.42896,0.38305,0.38879,0.22513,1.27048,2.64069,2.38626,1.25383,0.00948421,0.00948421,0.00948421
523,2391.99,0.47313,0.70942,0.3536,0.82973,0.5533,0.39212,0.41919,0.27305,0.49375,0.36729,0.38304,0.20305,1.25276,2.63895,2.26951,1.23359,0.00948322,0.00948322,0.00948322
524,2396.58,0.4877,0.74774,0.37122,0.83134,0.42408,0.46835,0.42636,0.26673,0.36905,0.41954,0.35931,0.20213,1.25053,2.58794,2.33468,1.23826,0.00948223,0.00948223,0.00948223
525,2401.16,0.49472,0.71526,0.37606,0.84492,0.45318,0.4226,0.40873,0.26822,0.43501,0.39766,0.38068,0.21459,1.2551,2.58734,2.33997,1.24013,0.00948124,0.00948124,0.00948124
526,2405.74,0.50623,0.78518,0.36536,0.84033,0.50216,0.38536,0.40805,0.25886,0.52892,0.31599,0.37551,0.1978,1.24733,2.5957,2.51034,1.23746,0.00948025,0.00948025,0.00948025
527,2410.31,0.45564,0.6865,0.36225,0.83002,0.51195,0.38356,0.42692,0.27668,0.47578,0.36063,0.39505,0.21879,1.21637,2.66199,2.47258,1.22909,0.00947926,0.00947926,0.00947926
528,2414.95,0.49346,0.73809,0.37776,0.83654,0.55983,0.41844,0.44331,0.28058,0.55307,0.408,0.40982,0.23372,1.23033,2.63574,2.5679,1.2491,0.00947827,0.00947827,0.00947827
529,2419.54,0.51459,0.78046,0.40067,0.85555,0.48108,0.43368,0.45372,0.2825,0.40568,0.40236,0.40869,0.23521,1.24586,2.60961,2.49468,1.25324,0.00947728,0.00947728,0.00947728
530,2424.13,0.43698,0.65653,0.34175,0.81534,0.53298,0.42673,0.4336,0.27642,0.45008,0.38775,0.38967,0.21903,1.28782,2.65391,2.46763,1.26394,0.00947629,0.00947629,0.00947629
531,2428.76,0.49697,0.73924,0.36629,0.82752,0.46961,0.45115,0.44559,0.28745,0.42895,0.41945,0.39685,0.22469,1.22813,2.68527,2.49742,1.23536,0.0094753,0.0094753,0.0094753
532,2433.37,0.48453,0.68215,0.36852,0.84698,0.48463,0.46496,0.44577,0.29384,0.43536,0.43617,0.41385,0.23749,1.25912,2.65102,2.35393,1.27088,0.00947431,0.00947431,0.00947431
533,2437.98,0.4799,0.75687,0.36169,0.83026,0.45705,0.47372,0.44274,0.29038,0.41784,0.4542,0.41417,0.2534,1.28658,2.61324,2.34927,1.2818,0.00947332,0.00947332,0.00947332
534,2442.59,0.47742,0.74216,0.38449,0.83514,0.48581,0.47119,0.45172,0.28139,0.44788,0.44153,0.42377,0.26163,1.32344,2.54884,2.20234,1.2972,0.00947233,0.00947233,0.00947233
535,2447.19,0.50046,0.77948,0.37584,0.8404,0.49624,0.47975,0.43459,0.2721,0.47507,0.46795,0.41922,0.26955,1.3062,2.5503,2.2734,1.279,0.00947134,0.00947134,0.00947134
536,2451.82,0.48717,0.772,0.37384,0.81974,0.53089,0.47625,0.42646,0.27352,0.53361,0.4498,0.40668,0.24522,1.28962,2.54834,2.3956,1.26328,0.00947035,0.00947035,0.00947035
537,2456.42,0.47506,0.73858,0.36001,0.82128,0.53806,0.43273,0.42892,0.27142,0.46458,0.42901,0.39558,0.23461,1.29216,2.52023,2.3383,1.26212,0.00946936,0.00946936,0.00946936
538,2461.04,0.48422,0.67608,0.35954,0.82747,0.50927,0.46833,0.43391,0.26691,0.4823,0.45994,0.41317,0.23206,1.39152,2.52576,2.30321,1.34541,0.00946837,0.00946837,0.00946837
539,2465.6,0.49205,0.68467,0.37569,0.83419,0.52311,0.40456,0.38082,0.23964,0.50705,0.39721,0.37538,0.21761,1.44754,2.55267,2.48654,1.42899,0.00946738,0.00946738,0.00946738
540,2470.22,0.47809,0.72399,0.3738,0.83881,0.4156,0.44186,0.37326,0.24297,0.39389,0.42501,0.35582,0.20992,1.46952,2.45269,2.5556,1.43239,0.00946639,0.00946639,0.00946639
541,2474.79,0.46765,0.69894,0.36895,0.82251,0.42777,0.46687,0.38115,0.24484,0.39883,0.43952,0.36357,0.21511,1.43305,2.47368,2.5039,1.43094,0.0094654,0.0094654,0.0094654
542,2479.37,0.4495,0.71526,0.36021,0.82908,0.54693,0.38923,0.40604,0.26671,0.50725,0.36332,0.38844,0.23298,1.36907,2.52198,2.53605,1.38851,0.00946441,0.00946441,0.00946441
543,2484.02,0.50395,0.74108,0.36419,0.86039,0.53323,0.43587,0.41353,0.28042,0.49908,0.4075,0.39622,0.25236,1.29796,2.51765,2.58989,1.29536,0.00946342,0.00946342,0.00946342
544,2488.64,0.45856,0.68902,0.36107,0.83581,0.52045,0.43159,0.39006,0.26362,0.5585,0.34819,0.37408,0.22084,1.24753,2.48555,2.66797,1.26841,0.00946243,0.00946243,0.00946243
545,2493.19,0.45857,0.66916,0.35908,0.82922,0.54665,0.41928,0.39711,0.2735,0.54209,0.4004,0.38955,0.23973,1.22939,2.46594,2.74288,1.26069,0.00946144,0.00946144,0.00946144
546,2497.81,0.45418,0.70024,0.3682,0.84029,0.52944,0.42373,0.40087,0.27985,0.49744,0.40638,0.38462,0.23613,1.22278,2.55342,2.70621,1.25228,0.00946045,0.00946045,0.00946045
547,2502.42,0.46593,0.73764,0.35648,0.83776,0.55269,0.37185,0.38981,0.26217,0.53624,0.35237,0.37575,0.22943,1.34382,2.63175,2.86078,1.321,0.00945946,0.00945946,0.00945946
548,2507.07,0.45161,0.67781,0.33326,0.82518,0.46833,0.43249,0.41317,0.27355,0.4003,0.39108,0.36724,0.23018,1.32287,2.65084,2.88967,1.29919,0.00945847,0.00945847,0.00945847
549,2511.67,0.48828,0.69317,0.3638,0.84002,0.50555,0.42106,0.42211,0.28789,0.4503,0.39761,0.38865,0.24582,1.31355,2.67911,2.87103,1.29143,0.00945748,0.00945748,0.00945748
550,2516.25,0.4756,0.69789,0.3606,0.82839,0.50599,0.45333,0.43383,0.29336,0.45252,0.42119,0.39631,0.24125,1.27136,2.61293,2.76031,1.2518,0.00945649,0.00945649,0.00945649
551,2520.89,0.48034,0.73563,0.37256,0.83792,0.48127,0.44461,0.40868,0.28399,0.41016,0.42377,0.36382,0.21522,1.28025,2.57713,2.65573,1.27026,0.0094555,0.0094555,0.0094555
552,2525.47,0.49708,0.79038,0.39245,0.8315,0.48756,0.45201,0.43555,0.30161,0.46757,0.43544,0.4103,0.23821,1.28255,2.51777,2.59349,1.26733,0.00945451,0.00945451,0.00945451
553,2530.09,0.47802,0.73329,0.3622,0.83124,0.46082,0.45075,0.44989,0.30389,0.45005,0.43934,0.42728,0.25429,1.29992,2.49958,2.66229,1.26991,0.00945352,0.00945352,0.00945352
554,2534.69,0.48895,0.67552,0.36906,0.83705,0.48441,0.46641,0.4591,0.31838,0.45258,0.43957,0.42468,0.25444,1.3116,2.48813,2.69015,1.31498,0.00945253,0.00945253,0.00945253
555,2539.34,0.50149,0.71245,0.38179,0.8288,0.48918,0.40965,0.45349,0.31644,0.48155,0.4023,0.43573,0.25188,1.31586,2.52103,2.65076,1.31586,0.00945154,0.00945154,0.00945154
556,2543.93,0.51224,0.72455,0.40829,0.83518,0.53055,0.39751,0.45182,0.30011,0.48979,0.36146,0.40769,0.23709,1.34817,2.51891,2.63711,1.3538,0.00945055,0.00945055,0.00945055
557,2548.5,0.46299,0.71298,0.35604,0.82304,0.50304,0.41057,0.42881,0.28617,0.45636,0.37851,0.40426,0.23036,1.3579,2.53745,2.61898,1.35721,0.00944956,0.00944956,0.00944956
558,2553.11,0.50032,0.75547,0.37961,0.84555,0.47767,0.43361,0.40811,0.27785,0.42139,0.39475,0.37303,0.22757,1.34052,2.57468,2.68126,1.33223,0.00944857,0.00944857,0.00944857
559,2557.72,0.52355,0.75597,0.38779,0.83806,0.47147,0.43665,0.39381,0.26561,0.43861,0.41459,0.36204,0.21526,1.31718,2.64364,2.7214,1.32205,0.00944758,0.00944758,0.00944758
560,2562.36,0.49186,0.71093,0.3664,0.83124,0.45062,0.38048,0.37123,0.25213,0.41517,0.35577,0.34496,0.20978,1.30963,2.82128,2.8086,1.313,0.00944659,0.00944659,0.00944659
561,2566.91,0.47944,0.70067,0.37489,0.83827,0.43809,0.40292,0.35182,0.23588,0.40071,0.37341,0.32607,0.19387,1.29671,2.84821,2.91298,1.30533,0.0094456,0.0094456,0.0094456
562,2571.52,0.47931,0.74093,0.36443,0.81581,0.42026,0.35968,0.38394,0.25936,0.43784,0.33389,0.35085,0.22004,1.27171,2.79028,2.88819,1.28642,0.00944461,0.00944461,0.00944461
563,2576.11,0.48108,0.67151,0.37418,0.82687,0.4749,0.3686,0.38674,0.24765,0.45716,0.33769,0.35194,0.20736,1.31499,2.79861,2.79411,1.29856,0.00944362,0.00944362,0.00944362
564,2580.7,0.48058,0.73242,0.35801,0.83351,0.52382,0.33125,0.39444,0.24846,0.41007,0.39208,0.36642,0.21293,1.34082,2.78355,2.65799,1.31181,0.00944263,0.00944263,0.00944263
565,2585.3,0.47347,0.72872,0.34795,0.82398,0.44131,0.40763,0.40993,0.26912,0.41986,0.39333,0.39033,0.2351,1.31886,2.71942,2.67033,1.28347,0.00944164,0.00944164,0.00944164
566,2589.91,0.46999,0.73316,0.3582,0.81764,0.46526,0.41223,0.40582,0.27157,0.46031,0.40617,0.39476,0.22927,1.29194,2.702,2.5665,1.29358,0.00944065,0.00944065,0.00944065
567,2594.54,0.48604,0.69453,0.36877,0.83996,0.57805,0.36937,0.41531,0.27473,0.55312,0.35682,0.39526,0.24456,1.31524,2.70103,2.58313,1.29755,0.00943966,0.00943966,0.00943966
568,2599.15,0.47881,0.72521,0.35738,0.83187,0.44684,0.38246,0.37657,0.25057,0.44729,0.33421,0.34807,0.20741,1.37605,2.66966,2.73031,1.37169,0.00943867,0.00943867,0.00943867
569,2603.74,0.46613,0.63855,0.36781,0.82868,0.44704,0.37091,0.37724,0.24726,0.40996,0.34906,0.34729,0.20436,1.38066,2.70964,2.79298,1.38361,0.00943768,0.00943768,0.00943768
570,2608.35,0.49791,0.73073,0.38346,0.83277,0.45372,0.37677,0.39305,0.26384,0.37137,0.34953,0.34145,0.21066,1.32863,2.70227,2.75792,1.36221,0.00943669,0.00943669,0.00943669
571,2612.95,0.47465,0.69776,0.37021,0.82752,0.47009,0.4022,0.3881,0.25331,0.43085,0.37766,0.36362,0.21979,1.32638,2.77927,2.73628,1.36417,0.0094357,0.0094357,0.0094357
572,2617.62,0.4738,0.64024,0.35201,0.82785,0.473,0.40864,0.39938,0.26814,0.43196,0.39247,0.36428,0.21615,1.30939,2.84179,2.77976,1.34825,0.00943471,0.00943471,0.00943471
573,2622.2,0.49398,0.7348,0.36935,0.82136,0.57994,0.37258,0.40722,0.27866,0.43557,0.39189,0.37926,0.2177,1.30457,2.84424,2.74076,1.34203,0.00943372,0.00943372,0.00943372
574,2626.79,0.4654,0.6598,0.35442,0.83408,0.61945,0.39388,0.44069,0.2984,0.53539,0.36515,0.40273,0.24696,1.31176,2.84133,2.81925,1.33866,0.00943273,0.00943273,0.00943273
575,2631.4,0.47374,0.72861,0.36743,0.83527,0.59869,0.37272,0.43977,0.29329,0.48361,0.37148,0.39737,0.24055,1.31095,2.84536,2.86027,1.35189,0.00943174,0.00943174,0.00943174
576,2635.98,0.47903,0.64888,0.36302,0.83434,0.48905,0.44019,0.43676,0.28449,0.43303,0.39982,0.39735,0.23982,1.3315,2.83505,2.91598,1.33952,0.00943075,0.00943075,0.00943075
577,2640.6,0.46805,0.66016,0.36471,0.83037,0.47583,0.43128,0.44022,0.28475,0.44977,0.40922,0.41072,0.2333,1.34557,2.8339,2.83217,1.34951,0.00942976,0.00942976,0.00942976
578,2645.19,0.46401,0.72119,0.35805,0.83137,0.52078,0.43821,0.45156,0.29025,0.45914,0.40927,0.41663,0.23926,1.3256,2.80809,2.63553,1.31571,0.00942877,0.00942877,0.00942877
579,2649.81,0.4559,0.67928,0.34866,0.82631,0.47952,0.44662,0.4308,0.28353,0.45195,0.42173,0.39359,0.23614,1.32476,2.76578,2.5956,1.28388,0.00942778,0.00942778,0.00942778
580,2654.43,0.47328,0.69961,0.35364,0.81714,0.49835,0.42927,0.43983,0.28815,0.45562,0.40456,0.40221,0.23502,1.29037,2.69915,2.64353,1.25945,0.00942679,0.00942679,0.00942679
581,2659.03,0.50881,0.69973,0.37582,0.8515,0.48091,0.42461,0.43055,0.27865,0.46597,0.42011,0.41703,0.24268,1.27555,2.70373,2.65176,1.26019,0.0094258,0.0094258,0.0094258
582,2663.65,0.45448,0.6558,0.35327,0.82059,0.52149,0.37383,0.42522,0.27863,0.4405,0.35913,0.38888,0.23655,1.25934,2.62198,2.64689,1.26586,0.00942481,0.00942481,0.00942481
583,2668.32,0.43625,0.64561,0.33637,0.82081,0.49724,0.4008,0.41079,0.26981,0.45376,0.37494,0.39143,0.22457,1.26784,2.64557,2.6995,1.32473,0.00942382,0.00942382,0.00942382
584,2672.92,0.4419,0.62479,0.33972,0.82519,0.55696,0.37905,0.40081,0.26225,0.50553,0.35421,0.37335,0.21618,1.28123,2.66585,2.66822,1.32846,0.00942283,0.00942283,0.00942283
585,2677.51,0.46433,0.63881,0.3542,0.82842,0.51873,0.37329,0.38905,0.26198,0.37998,0.38842,0.346,0.20437,1.32455,2.71669,2.69317,1.35517,0.00942184,0.00942184,0.00942184
586,2682.09,0.45157,0.6781,0.34795,0.82625,0.41246,0.43444,0.40359,0.26997,0.37251,0.4276,0.36993,0.23059,1.25167,2.70038,2.59306,1.30614,0.00942085,0.00942085,0.00942085
587,2686.69,0.47247,0.71857,0.36608,0.83616,0.43443,0.47885,0.40711,0.26508,0.4031,0.45348,0.3765,0.24272,1.28232,2.70317,2.582,1.32251,0.00941986,0.00941986,0.00941986
588,2691.31,0.44922,0.68002,0.35167,0.82791,0.44024,0.47804,0.40435,0.262,0.41504,0.45598,0.37196,0.24233,1.29958,2.67142,2.51327,1.32292,0.00941887,0.00941887,0.00941887
589,2695.89,0.46464,0.67695,0.36249,0.82321,0.46963,0.46006,0.41079,0.26884,0.44279,0.44535,0.37563,0.24008,1.31627,2.65781,2.55205,1.32903,0.00941788,0.00941788,0.00941788
590,2700.48,0.4621,0.68714,0.35824,0.82132,0.49487,0.4296,0.41695,0.26803,0.44322,0.40515,0.37606,0.23593,1.32401,2.67248,2.64839,1.33182,0.00941689,0.00941689,0.00941689
591,2705.08,0.46945,0.71064,0.34815,0.83489,0.47921,0.37337,0.41459,0.24788,0.44589,0.35867,0.37528,0.23756,1.38863,2.74345,2.79826,1.37638,0.0094159,0.0094159,0.0094159
592,2709.73,0.47058,0.71312,0.35637,0.82441,0.51125,0.39184,0.43943,0.26351,0.48302,0.37713,0.3958,0.24268,1.38027,2.75754,2.87327,1.35873,0.00941491,0.00941491,0.00941491
593,2714.3,0.475,0.69086,0.36667,0.83601,0.52754,0.4151,0.43972,0.26942,0.50009,0.39794,0.40378,0.2458,1.38236,2.77981,2.90877,1.35057,0.00941392,0.00941392,0.00941392
594,2718.92,0.47171,0.69129,0.37683,0.83176,0.54096,0.42675,0.45328,0.28435,0.50294,0.40204,0.41063,0.25713,1.30862,2.78612,2.81295,1.30855,0.00941293,0.00941293,0.00941293
595,2723.53,0.47041,0.67593,0.35634,0.83455,0.60132,0.36369,0.45348,0.29301,0.57043,0.37159,0.43836,0.25891,1.3224,2.80164,2.76314,1.29173,0.00941194,0.00941194,0.00941194
596,2728.13,0.46366,0.71299,0.35386,0.84765,0.46821,0.41224,0.44439,0.28686,0.56293,0.33528,0.40605,0.24973,1.32876,2.7735,2.72901,1.29242,0.00941095,0.00941095,0.00941095
597,2732.72,0.47823,0.68543,0.37018,0.8332,0.50056,0.41062,0.43222,0.27912,0.47609,0.36424,0.40613,0.23535,1.30339,2.82925,2.63491,1.29767,0.00940996,0.00940996,0.00940996
598,2737.32,0.47417,0.75488,0.35005,0.83322,0.54788,0.44186,0.4316,0.27866,0.47981,0.41023,0.40302,0.23847,1.32121,2.87412,2.76464,1.31559,0.00940897,0.00940897,0.00940897
599,2741.95,0.45898,0.6643,0.35786,0.83195,0.52965,0.41845,0.42638,0.27978,0.45847,0.41764,0.40828,0.24737,1.36933,2.9455,2.77671,1.35074,0.00940798,0.00940798,0.00940798
600,2746.58,0.48005,0.70254,0.37041,0.81848,0.59951,0.36332,0.4117,0.27133,0.47393,0.36982,0.37334,0.23874,1.35769,2.94905,2.73637,1.34256,0.00940699,0.00940699,0.00940699
601,2751.18,0.47748,0.61868,0.36403,0.8165,0.52261,0.40106,0.42236,0.2749,0.4848,0.37034,0.38027,0.23299,1.33859,2.9869,2.75484,1.33069,0.009406,0.009406,0.009406
602,2755.79,0.46662,0.70778,0.37739,0.82596,0.48099,0.39126,0.43552,0.28609,0.43644,0.35398,0.38882,0.23225,1.34131,3.0286,2.68429,1.31937,0.00940501,0.00940501,0.00940501
603,2760.42,0.44994,0.69101,0.34638,0.81958,0.47033,0.41717,0.42245,0.27425,0.43583,0.38982,0.39124,0.24498,1.36845,3.0673,2.85549,1.33816,0.00940402,0.00940402,0.00940402
604,2765.07,0.46319,0.72504,0.35741,0.83142,0.56675,0.34199,0.38218,0.25303,0.58043,0.36124,0.39318,0.23762,1.39925,3.08516,2.96699,1.37668,0.00940303,0.00940303,0.00940303
605,2769.68,0.44851,0.68471,0.3552,0.82707,0.45976,0.39424,0.39215,0.25183,0.43929,0.40078,0.39296,0.23551,1.40839,3.02201,2.97548,1.38675,0.00940204,0.00940204,0.00940204
606,2774.31,0.48749,0.73146,0.39768,0.82378,0.52482,0.33578,0.37942,0.24925,0.47738,0.33843,0.38884,0.22517,1.41906,3.13538,3.0605,1.37624,0.00940105,0.00940105,0.00940105
607,2778.94,0.4559,0.72663,0.35474,0.81981,0.49986,0.37061,0.39722,0.26585,0.45979,0.3659,0.37845,0.21601,1.40307,3.13205,2.9315,1.36857,0.00940006,0.00940006,0.00940006
608,2783.57,0.46647,0.67806,0.36,0.82993,0.51168,0.37074,0.3949,0.25701,0.44529,0.34122,0.34628,0.2095,1.42937,3.10974,2.79493,1.39379,0.00939907,0.00939907,0.00939907
609,2788.21,0.46165,0.72485,0.35008,0.816,0.48457,0.35967,0.38038,0.24698,0.41131,0.33466,0.34248,0.21407,1.43867,3.0947,2.85497,1.39357,0.00939808,0.00939808,0.00939808
610,2792.82,0.4743,0.70353,0.35911,0.83785,0.49152,0.37932,0.39392,0.2429,0.40845,0.3411,0.34095,0.20215,1.43635,2.99627,2.85592,1.38945,0.00939709,0.00939709,0.00939709
611,2797.41,0.47904,0.7061,0.35953,0.83587,0.46946,0.38774,0.37375,0.24233,0.40342,0.36028,0.33684,0.19872,1.41553,2.95403,2.70588,1.35684,0.0093961,0.0093961,0.0093961
612,2802.07,0.47676,0.6706,0.35847,0.83948,0.49345,0.36982,0.38389,0.24669,0.41265,0.3603,0.33744,0.20225,1.40059,2.9107,2.82132,1.35654,0.00939511,0.00939511,0.00939511
613,2806.67,0.47659,0.69774,0.36866,0.82788,0.39796,0.40887,0.36683,0.24278,0.37844,0.42385,0.34717,0.20573,1.34871,2.8868,2.82305,1.30895,0.00939412,0.00939412,0.00939412
614,2811.29,0.46295,0.65614,0.35472,0.81522,0.43624,0.43036,0.37195,0.23344,0.43624,0.43856,0.36415,0.20468,1.37659,2.81412,2.81868,1.33769,0.00939313,0.00939313,0.00939313
615,2815.93,0.48297,0.68059,0.3631,0.82244,0.43659,0.42891,0.38911,0.25039,0.43027,0.4241,0.38131,0.20385,1.31186,2.86616,2.81809,1.28576,0.00939214,0.00939214,0.00939214
616,2820.57,0.47607,0.67939,0.34913,0.83177,0.51039,0.37566,0.42676,0.28686,0.4477,0.35675,0.39554,0.22797,1.27028,2.90056,2.84927,1.26786,0.00939115,0.00939115,0.00939115
617,2825.16,0.4578,0.66039,0.34799,0.83023,0.49982,0.38306,0.41612,0.27842,0.46691,0.36364,0.39054,0.22418,1.26467,2.82393,2.90485,1.2661,0.00939016,0.00939016,0.00939016
618,2829.78,0.48945,0.76644,0.36212,0.84117,0.48616,0.40381,0.41835,0.27893,0.41085,0.36411,0.37719,0.22066,1.28894,2.80993,2.90942,1.26608,0.00938917,0.00938917,0.00938917
619,2834.37,0.45704,0.6427,0.3491,0.83802,0.49511,0.41028,0.42212,0.28102,0.40803,0.3625,0.36658,0.21893,1.31652,2.80096,2.85507,1.30791,0.00938818,0.00938818,0.00938818
620,2839.02,0.51861,0.76496,0.38303,0.84698,0.50162,0.42998,0.43688,0.28735,0.56392,0.35546,0.40516,0.23436,1.3088,2.76371,2.82972,1.26865,0.00938719,0.00938719,0.00938719
621,2843.63,0.45905,0.69149,0.35158,0.84694,0.49058,0.44222,0.43309,0.28515,0.47153,0.43271,0.41733,0.24559,1.33191,2.7227,2.81102,1.29952,0.0093862,0.0093862,0.0093862
622,2848.23,0.46804,0.72893,0.34461,0.81853,0.48631,0.43306,0.42366,0.28717,0.47737,0.42253,0.39375,0.24688,1.32355,2.75215,2.76737,1.32833,0.00938521,0.00938521,0.00938521
623,2852.84,0.45711,0.68135,0.33559,0.82912,0.46299,0.43903,0.40903,0.28912,0.44235,0.43687,0.39819,0.23684,1.33482,2.75435,2.669,1.36828,0.00938422,0.00938422,0.00938422
624,2857.49,0.46023,0.68896,0.33371,0.83142,0.48478,0.41331,0.42171,0.28555,0.46711,0.40988,0.40136,0.24526,1.37131,2.72972,2.75907,1.38519,0.00938323,0.00938323,0.00938323
625,2862.07,0.44133,0.66963,0.33697,0.84317,0.50587,0.45909,0.44331,0.29375,0.5136,0.41469,0.41276,0.24966,1.39658,2.72194,2.68276,1.39206,0.00938224,0.00938224,0.00938224
626,2866.74,0.43566,0.65432,0.34204,0.82512,0.58109,0.4432,0.44605,0.29547,0.56342,0.38629,0.40684,0.24326,1.41511,2.69157,2.69403,1.37187,0.00938125,0.00938125,0.00938125
627,2871.37,0.47491,0.69314,0.36001,0.84226,0.59308,0.41551,0.44709,0.30501,0.486,0.43626,0.41588,0.24568,1.37573,2.69402,2.57914,1.356,0.00938026,0.00938026,0.00938026
628,2875.99,0.43774,0.66649,0.34282,0.82376,0.51866,0.43813,0.43871,0.29331,0.48483,0.41692,0.40211,0.23617,1.36834,2.73486,2.53118,1.34003,0.00937927,0.00937927,0.00937927
629,2880.58,0.46314,0.70661,0.34804,0.82598,0.49981,0.41723,0.43796,0.28418,0.49454,0.34972,0.38172,0.23517,1.36475,2.77268,2.68417,1.32441,0.00937828,0.00937828,0.00937828
630,2885.17,0.48297,0.64958,0.37129,0.82865,0.68048,0.34593,0.42655,0.28572,0.5667,0.30438,0.35838,0.22763,1.33005,2.81956,2.79137,1.30377,0.00937729,0.00937729,0.00937729
631,2889.78,0.46984,0.6374,0.36029,0.8257,0.49772,0.3877,0.44206,0.29664,0.43048,0.34934,0.39111,0.23516,1.3989,2.81189,2.86505,1.36473,0.0093763,0.0093763,0.0093763
632,2894.4,0.46809,0.66612,0.34859,0.83623,0.54366,0.37552,0.46152,0.30858,0.47219,0.34648,0.41376,0.25038,1.35808,2.81512,2.96418,1.32385,0.00937531,0.00937531,0.00937531
633,2898.95,0.44364,0.63383,0.35181,0.8201,0.52501,0.36875,0.47018,0.30461,0.46062,0.33924,0.42187,0.24776,1.33947,2.86999,2.94065,1.28844,0.00937432,0.00937432,0.00937432
634,2903.59,0.44877,0.65882,0.35194,0.82309,0.5595,0.38389,0.4651,0.30756,0.4661,0.37317,0.42286,0.24801,1.32008,2.96498,2.92505,1.26788,0.00937333,0.00937333,0.00937333
635,2908.19,0.45424,0.68382,0.34704,0.83468,0.57219,0.34143,0.43682,0.2855,0.51613,0.31924,0.41823,0.2479,1.30834,3.01131,2.89188,1.26688,0.00937234,0.00937234,0.00937234
636,2912.81,0.42164,0.64598,0.3387,0.81702,0.49688,0.3525,0.4237,0.27855,0.29945,0.4935,0.39385,0.2385,1.28352,3.00758,2.84441,1.27518,0.00937135,0.00937135,0.00937135
637,2917.42,0.43758,0.71411,0.34438,0.82993,0.53119,0.3829,0.43431,0.27779,0.44972,0.34426,0.38366,0.24343,1.2786,2.99449,2.81355,1.27043,0.00937036,0.00937036,0.00937036
638,2922.05,0.44866,0.66306,0.34538,0.82516,0.52818,0.39715,0.44624,0.28371,0.45017,0.37249,0.39041,0.23266,1.3062,2.82884,2.62905,1.28963,0.00936937,0.00936937,0.00936937
639,2926.63,0.42934,0.68581,0.32537,0.82796,0.50855,0.40386,0.41872,0.26737,0.45677,0.39851,0.40568,0.24833,1.32579,2.80175,2.55904,1.30195,0.00936838,0.00936838,0.00936838
640,2931.25,0.45559,0.63773,0.34674,0.82425,0.59655,0.35885,0.41072,0.26169,0.51542,0.33801,0.38286,0.22972,1.3737,2.84575,2.53571,1.33919,0.00936739,0.00936739,0.00936739
641,2935.84,0.46034,0.66488,0.34481,0.82981,0.56457,0.38744,0.42437,0.26692,0.49469,0.38397,0.39701,0.23212,1.34539,2.75291,2.56736,1.33032,0.0093664,0.0093664,0.0093664
642,2940.45,0.45395,0.67129,0.36654,0.84186,0.5348,0.41267,0.4561,0.29244,0.50332,0.42626,0.44076,0.25577,1.27125,2.73886,2.45534,1.28941,0.00936541,0.00936541,0.00936541
643,2945.08,0.45353,0.65714,0.34491,0.83219,0.52174,0.41571,0.45548,0.29581,0.61585,0.34546,0.42831,0.26539,1.24045,2.70062,2.52787,1.25679,0.00936442,0.00936442,0.00936442
644,2949.72,0.46993,0.67174,0.35778,0.83118,0.66486,0.34833,0.43721,0.28771,0.58148,0.32681,0.39992,0.2447,1.24983,2.74825,2.64839,1.25357,0.00936343,0.00936343,0.00936343
645,2954.34,0.45727,0.6599,0.35686,0.81423,0.49569,0.39179,0.42299,0.28873,0.63116,0.32965,0.39458,0.24997,1.27423,2.74924,2.67527,1.27248,0.00936244,0.00936244,0.00936244
646,2958.91,0.46437,0.68288,0.35541,0.82326,0.55763,0.43654,0.43726,0.28753,0.52152,0.42448,0.41378,0.2492,1.23793,2.71251,2.54701,1.25258,0.00936145,0.00936145,0.00936145
647,2963.55,0.4605,0.66052,0.35701,0.82489,0.5538,0.43113,0.41788,0.28079,0.56874,0.39047,0.41129,0.24768,1.22261,2.67602,2.68366,1.26082,0.00936046,0.00936046,0.00936046
648,2968.17,0.43877,0.66911,0.33388,0.82186,0.65357,0.35865,0.42185,0.28068,0.60388,0.35731,0.39933,0.24023,1.23745,2.70938,2.79389,1.2702,0.00935947,0.00935947,0.00935947
649,2972.78,0.46887,0.67448,0.34323,0.82342,0.5833,0.42073,0.43261,0.28512,0.53358,0.403,0.42567,0.26106,1.2347,2.71096,2.73359,1.25567,0.00935848,0.00935848,0.00935848
650,2977.38,0.45791,0.69988,0.35653,0.82923,0.51157,0.44805,0.44654,0.28281,0.55467,0.35058,0.42878,0.25372,1.26647,2.66606,2.78541,1.26145,0.00935749,0.00935749,0.00935749
651,2982.05,0.44589,0.69151,0.33835,0.822,0.47628,0.40638,0.42077,0.28258,0.4953,0.39202,0.43098,0.25582,1.2543,2.65405,2.68497,1.25707,0.0093565,0.0093565,0.0093565
652,2986.67,0.47114,0.68706,0.34887,0.84525,0.69289,0.36657,0.43207,0.28365,0.51617,0.42504,0.42615,0.25211,1.27485,2.63669,2.59985,1.26841,0.00935551,0.00935551,0.00935551
653,2991.3,0.43248,0.70961,0.33062,0.81371,0.64607,0.38534,0.42591,0.27909,0.56794,0.38063,0.41598,0.24591,1.27656,2.66256,2.56629,1.26413,0.00935452,0.00935452,0.00935452
654,2995.92,0.46714,0.6916,0.35577,0.82699,0.47372,0.43667,0.41371,0.27205,0.47761,0.41599,0.40311,0.23616,1.3072,2.68485,2.63915,1.28662,0.00935353,0.00935353,0.00935353
655,3000.51,0.42787,0.62157,0.34836,0.82278,0.43075,0.41082,0.3856,0.25083,0.41995,0.3999,0.37062,0.21653,1.29604,2.71051,2.72222,1.28704,0.00935254,0.00935254,0.00935254
656,3005.16,0.42903,0.63343,0.32593,0.82272,0.43737,0.40669,0.40173,0.27007,0.43607,0.4026,0.38463,0.23768,1.29135,2.70209,2.69131,1.29515,0.00935155,0.00935155,0.00935155
657,3009.76,0.48732,0.67831,0.36542,0.8138,0.45565,0.41284,0.40238,0.2744,0.47003,0.40638,0.39448,0.24189,1.28708,2.69409,2.70607,1.29205,0.00935056,0.00935056,0.00935056
658,3014.42,0.43027,0.63385,0.33112,0.8109,0.48608,0.39443,0.3943,0.27094,0.44433,0.38015,0.37657,0.2386,1.26736,2.67302,2.68387,1.2704,0.00934957,0.00934957,0.00934957
659,3019,0.46093,0.65415,0.36082,0.83509,0.47446,0.41274,0.40861,0.28087,0.43252,0.40078,0.40597,0.2515,1.24248,2.71761,2.65769,1.24813,0.00934858,0.00934858,0.00934858
660,3023.59,0.44358,0.70651,0.3349,0.83506,0.49898,0.41107,0.40252,0.27438,0.4648,0.4032,0.39216,0.23909,1.21243,2.69958,2.60007,1.23343,0.00934759,0.00934759,0.00934759
661,3028.23,0.42962,0.63025,0.34951,0.82311,0.52121,0.40859,0.40901,0.27868,0.48979,0.39853,0.40238,0.23799,1.21189,2.68729,2.51943,1.22536,0.0093466,0.0093466,0.0093466
662,3032.87,0.44124,0.63572,0.34418,0.81271,0.4696,0.43567,0.44594,0.30579,0.45489,0.43901,0.4428,0.25886,1.23851,2.69669,2.35506,1.23835,0.00934561,0.00934561,0.00934561
663,3037.49,0.47473,0.72032,0.34622,0.82341,0.49019,0.45062,0.46936,0.30822,0.48658,0.46932,0.46815,0.26781,1.24657,2.77108,2.3964,1.25574,0.00934462,0.00934462,0.00934462
664,3042.15,0.45249,0.64058,0.34757,0.81223,0.4909,0.44235,0.48132,0.31091,0.43474,0.42996,0.46808,0.27381,1.26767,2.77096,2.43001,1.27947,0.00934363,0.00934363,0.00934363
665,3046.78,0.43648,0.61804,0.33793,0.81871,0.51411,0.42681,0.46927,0.29912,0.39677,0.39405,0.4247,0.24288,1.29411,2.74983,2.46436,1.29165,0.00934264,0.00934264,0.00934264
666,3051.39,0.44606,0.65872,0.33858,0.82539,0.62381,0.39631,0.47979,0.29676,0.55742,0.35717,0.44589,0.26338,1.32358,2.80049,2.49787,1.31961,0.00934165,0.00934165,0.00934165
667,3056.02,0.42735,0.60003,0.33115,0.82588,0.5621,0.42742,0.46899,0.29999,0.524,0.4079,0.44359,0.26525,1.31412,2.83518,2.48766,1.32076,0.00934066,0.00934066,0.00934066
668,3060.62,0.44188,0.63432,0.32926,0.83514,0.59559,0.40198,0.46459,0.30659,0.57246,0.39516,0.44827,0.2641,1.32949,2.92859,2.45425,1.33185,0.00933967,0.00933967,0.00933967
669,3065.21,0.46136,0.6467,0.3663,0.83133,0.56359,0.41309,0.45648,0.29915,0.52861,0.39093,0.43968,0.24635,1.32059,2.96236,2.5907,1.33914,0.00933868,0.00933868,0.00933868
670,3069.86,0.43942,0.68652,0.3544,0.82992,0.54993,0.38489,0.44559,0.29024,0.54259,0.38076,0.44001,0.26353,1.36822,2.95719,2.64394,1.36646,0.00933769,0.00933769,0.00933769
671,3074.49,0.42742,0.63687,0.33474,0.83434,0.50958,0.42053,0.44658,0.29184,0.48768,0.4091,0.42125,0.25258,1.36146,2.89911,2.73109,1.36135,0.0093367,0.0093367,0.0093367
672,3079.14,0.4195,0.63246,0.32181,0.81862,0.54543,0.39872,0.44398,0.28965,0.52795,0.38422,0.42891,0.2536,1.31825,2.80463,2.76835,1.31734,0.00933571,0.00933571,0.00933571
673,3083.74,0.46109,0.68335,0.35398,0.82941,0.52201,0.40906,0.43888,0.29467,0.5105,0.39361,0.4151,0.24343,1.29523,2.75189,2.77906,1.30245,0.00933472,0.00933472,0.00933472
674,3088.39,0.41774,0.61809,0.32518,0.81696,0.52109,0.42406,0.43043,0.28993,0.47769,0.40356,0.40096,0.23414,1.29593,2.72193,2.82972,1.29418,0.00933373,0.00933373,0.00933373
675,3093,0.43837,0.65502,0.33556,0.82052,0.54969,0.38547,0.41147,0.27781,0.53509,0.37625,0.38256,0.23338,1.29998,2.76864,2.89113,1.3044,0.00933274,0.00933274,0.00933274
676,3097.65,0.4312,0.62329,0.3334,0.82963,0.5954,0.37369,0.42085,0.27968,0.52223,0.34287,0.37339,0.22969,1.30754,2.7099,2.88287,1.3185,0.00933175,0.00933175,0.00933175
677,3102.24,0.4585,0.63007,0.34748,0.82244,0.53452,0.41057,0.43564,0.29294,0.54349,0.3639,0.40496,0.24394,1.3227,2.68797,2.8727,1.32667,0.00933076,0.00933076,0.00933076
678,3106.86,0.4359,0.67103,0.34355,0.82149,0.55714,0.40601,0.43485,0.29053,0.51596,0.39006,0.40899,0.25271,1.33123,2.74264,3.01031,1.33903,0.00932977,0.00932977,0.00932977
679,3111.47,0.44505,0.6349,0.35869,0.83193,0.54958,0.37608,0.42173,0.27472,0.5559,0.3545,0.40782,0.24593,1.32537,2.79519,3.24345,1.32227,0.00932878,0.00932878,0.00932878
680,3116.09,0.44528,0.64168,0.34797,0.82786,0.56425,0.36888,0.43746,0.29679,0.52565,0.35672,0.41744,0.25405,1.29946,2.78382,3.18061,1.286,0.00932779,0.00932779,0.00932779
681,3120.67,0.45812,0.65839,0.34607,0.8191,0.4524,0.4964,0.44395,0.30536,0.34769,0.55021,0.45173,0.24694,1.27313,2.76258,3.2462,1.28135,0.0093268,0.0093268,0.0093268
682,3125.32,0.44908,0.61847,0.33913,0.82651,0.54726,0.38023,0.44738,0.30191,0.53399,0.37587,0.44075,0.2476,1.26868,2.75931,3.20535,1.26575,0.00932581,0.00932581,0.00932581
683,3129.98,0.42705,0.67531,0.32752,0.81935,0.58859,0.37664,0.42493,0.29102,0.59469,0.38664,0.4316,0.23603,1.30341,2.78848,3.29796,1.27992,0.00932482,0.00932482,0.00932482
684,3134.59,0.4331,0.6922,0.3318,0.83375,0.6954,0.37164,0.44315,0.30135,0.59271,0.39465,0.44774,0.26457,1.3276,2.76638,3.07009,1.25242,0.00932383,0.00932383,0.00932383
685,3139.16,0.41623,0.65076,0.32987,0.8296,0.61804,0.39491,0.42785,0.28533,0.61214,0.4088,0.44123,0.24871,1.31462,2.74851,3.27186,1.2618,0.00932284,0.00932284,0.00932284
686,3143.78,0.4742,0.68193,0.35091,0.8277,0.71586,0.38011,0.43784,0.29016,0.70759,0.37047,0.43793,0.25293,1.30646,2.7926,3.20646,1.25524,0.00932185,0.00932185,0.00932185
687,3148.4,0.43284,0.66662,0.34342,0.82716,0.56181,0.39781,0.43242,0.28566,0.53891,0.38664,0.41781,0.24192,1.32014,2.84181,3.23329,1.27404,0.00932086,0.00932086,0.00932086
688,3153.03,0.43937,0.64685,0.34899,0.81573,0.53543,0.37956,0.39645,0.2614,0.50622,0.37228,0.37649,0.22212,1.30926,2.87516,3.18191,1.28744,0.00931987,0.00931987,0.00931987
689,3157.65,0.43579,0.64092,0.34912,0.82834,0.54283,0.37525,0.40398,0.26242,0.49693,0.35602,0.37638,0.21601,1.34565,2.81798,3.04174,1.30967,0.00931888,0.00931888,0.00931888
690,3162.3,0.43802,0.62315,0.33302,0.81827,0.62257,0.37066,0.40869,0.25919,0.54203,0.33237,0.37153,0.21548,1.4017,2.7983,2.91021,1.35357,0.00931789,0.00931789,0.00931789
691,3166.92,0.43932,0.68582,0.34352,0.82759,0.49422,0.41492,0.40712,0.26203,0.52329,0.35933,0.37933,0.22129,1.35251,2.71578,2.60857,1.35011,0.0093169,0.0093169,0.0093169
692,3171.56,0.43789,0.62827,0.33647,0.8212,0.44397,0.40273,0.39956,0.26206,0.48879,0.34984,0.3769,0.21811,1.33686,2.66167,2.58667,1.36847,0.00931591,0.00931591,0.00931591
693,3176.13,0.47129,0.65711,0.3526,0.82829,0.45649,0.43365,0.40081,0.26173,0.39903,0.39762,0.35805,0.20726,1.30513,2.6784,2.63839,1.35637,0.00931492,0.00931492,0.00931492
694,3180.76,0.43994,0.70466,0.33841,0.82322,0.52289,0.43178,0.42252,0.27225,0.44872,0.38322,0.38444,0.22903,1.27128,2.67881,2.67573,1.3309,0.00931393,0.00931393,0.00931393
695,3185.43,0.43104,0.64138,0.33394,0.81122,0.51032,0.39844,0.40433,0.26994,0.47338,0.37628,0.38294,0.23862,1.2442,2.6795,2.56223,1.30079,0.00931294,0.00931294,0.00931294
696,3190.06,0.46893,0.74378,0.35979,0.82589,0.47209,0.44902,0.42724,0.28193,0.43867,0.42432,0.39259,0.24518,1.27564,2.73789,2.54583,1.31097,0.00931195,0.00931195,0.00931195
697,3194.66,0.45789,0.63752,0.35789,0.82583,0.50698,0.47267,0.43096,0.2842,0.47389,0.44797,0.40045,0.25248,1.28399,2.8609,2.53693,1.31824,0.00931096,0.00931096,0.00931096
698,3199.24,0.44852,0.637,0.33721,0.83495,0.52875,0.43889,0.42282,0.27785,0.49269,0.41141,0.39163,0.25166,1.29361,2.9068,2.65934,1.32103,0.00930997,0.00930997,0.00930997
699,3203.89,0.43394,0.58415,0.34312,0.82529,0.51019,0.45349,0.43826,0.28953,0.48343,0.42686,0.40562,0.26213,1.30413,2.93262,2.62859,1.32485,0.00930898,0.00930898,0.00930898
700,3208.51,0.44377,0.6356,0.34488,0.82439,0.57788,0.39327,0.44636,0.27807,0.51939,0.36856,0.40009,0.25448,1.33664,2.88864,2.71771,1.34644,0.00930799,0.00930799,0.00930799
701,3213.15,0.45238,0.65103,0.34276,0.82683,0.60507,0.38817,0.44207,0.28279,0.55976,0.36601,0.40474,0.2556,1.32784,2.8566,2.83075,1.3541,0.009307,0.009307,0.009307
702,3217.77,0.44002,0.62209,0.3439,0.83095,0.54951,0.40338,0.41153,0.26066,0.4787,0.34719,0.35729,0.22124,1.31378,2.81667,2.88478,1.34264,0.00930601,0.00930601,0.00930601
703,3222.4,0.41649,0.64393,0.32418,0.81848,0.47975,0.35895,0.38601,0.25556,0.43842,0.32679,0.35607,0.21937,1.32204,2.74386,3.06823,1.35351,0.00930502,0.00930502,0.00930502
704,3227.01,0.44342,0.63525,0.34748,0.83142,0.5059,0.3577,0.38914,0.25425,0.47518,0.33063,0.35543,0.22035,1.37436,2.66275,3.20458,1.38284,0.00930403,0.00930403,0.00930403
705,3231.63,0.44162,0.65745,0.34451,0.82747,0.53844,0.35239,0.39115,0.26067,0.50999,0.32239,0.36036,0.2205,1.3606,2.72217,2.99348,1.37995,0.00930304,0.00930304,0.00930304
706,3236.26,0.44866,0.64593,0.34515,0.82673,0.52078,0.38745,0.41286,0.26537,0.54988,0.3465,0.37591,0.22948,1.39185,2.69266,3.05147,1.39385,0.00930205,0.00930205,0.00930205
707,3240.93,0.41551,0.63184,0.3215,0.83095,0.49057,0.40174,0.39964,0.25431,0.45806,0.3723,0.36408,0.22536,1.40876,2.79504,3.01329,1.38955,0.00930106,0.00930106,0.00930106
708,3245.57,0.40467,0.64052,0.31502,0.80775,0.40232,0.39763,0.39078,0.24914,0.39651,0.39282,0.37996,0.23871,1.44293,2.78862,2.91548,1.40306,0.00930007,0.00930007,0.00930007
709,3250.22,0.42975,0.65646,0.31864,0.81708,0.39817,0.40332,0.39826,0.25347,0.37552,0.39398,0.3811,0.24043,1.41184,2.81021,2.86393,1.37595,0.00929908,0.00929908,0.00929908
710,3254.84,0.44482,0.60015,0.34293,0.82211,0.40296,0.43703,0.37076,0.24468,0.36389,0.40723,0.33975,0.20932,1.39026,2.77805,2.79782,1.35826,0.00929809,0.00929809,0.00929809
711,3259.51,0.46995,0.72075,0.35462,0.83029,0.42151,0.40373,0.39074,0.26642,0.41021,0.35022,0.35231,0.21984,1.37033,2.86583,2.68911,1.34535,0.0092971,0.0092971,0.0092971
712,3264.14,0.43652,0.64674,0.33884,0.81652,0.45068,0.37689,0.38171,0.25297,0.46227,0.36827,0.36492,0.22263,1.37609,2.8974,2.92567,1.33892,0.00929611,0.00929611,0.00929611
713,3268.76,0.41977,0.64427,0.32446,0.8042,0.44545,0.38717,0.38242,0.25484,0.4025,0.3618,0.34994,0.22361,1.36697,2.92182,2.95887,1.34984,0.00929512,0.00929512,0.00929512
714,3273.39,0.45188,0.6441,0.34133,0.82871,0.40157,0.35757,0.37283,0.24998,0.37535,0.3255,0.33647,0.20778,1.40272,2.91148,3.17871,1.38843,0.00929413,0.00929413,0.00929413
715,3278.1,0.44056,0.68656,0.33591,0.83033,0.40535,0.40332,0.38376,0.26085,0.36292,0.37422,0.36345,0.22231,1.38124,2.91903,2.93463,1.35577,0.00929314,0.00929314,0.00929314
716,3282.78,0.43255,0.65534,0.33591,0.81206,0.43041,0.42401,0.39351,0.26354,0.44364,0.41656,0.38806,0.22216,1.3644,2.88645,2.9236,1.3382,0.00929215,0.00929215,0.00929215
717,3287.42,0.4686,0.68923,0.36163,0.81952,0.49157,0.36071,0.39179,0.26251,0.50132,0.33161,0.37509,0.22274,1.38766,2.93288,2.97455,1.34856,0.00929116,0.00929116,0.00929116
718,3292.06,0.41632,0.68885,0.34139,0.81915,0.47453,0.41375,0.38363,0.25434,0.49692,0.408,0.38241,0.22526,1.37642,2.92297,2.8987,1.32837,0.00929017,0.00929017,0.00929017
719,3296.7,0.45557,0.73182,0.34808,0.82671,0.45572,0.44183,0.36923,0.25631,0.46035,0.4294,0.3611,0.22499,1.34559,2.89922,3.05074,1.30878,0.00928918,0.00928918,0.00928918
720,3301.36,0.42155,0.61779,0.33448,0.81895,0.44794,0.44578,0.38694,0.24918,0.40145,0.42309,0.35196,0.21659,1.38827,2.84485,3.22197,1.33291,0.00928819,0.00928819,0.00928819
721,3305.97,0.44557,0.63153,0.3405,0.81343,0.44598,0.44059,0.38998,0.25352,0.42716,0.42755,0.36914,0.22766,1.39139,2.82077,3.25596,1.34026,0.0092872,0.0092872,0.0092872
722,3310.66,0.44506,0.68963,0.33509,0.80898,0.62222,0.32792,0.39659,0.26005,0.56715,0.31056,0.37856,0.23879,1.36523,2.8002,3.18328,1.32185,0.00928621,0.00928621,0.00928621
723,3315.27,0.46296,0.72855,0.35736,0.83861,0.64512,0.33727,0.41945,0.27145,0.58437,0.31017,0.38751,0.24291,1.32611,2.81968,3.09096,1.30358,0.00928522,0.00928522,0.00928522
724,3319.95,0.44515,0.71112,0.34296,0.83123,0.56427,0.38435,0.42047,0.27631,0.47552,0.35928,0.38709,0.23409,1.28545,2.87508,3.04503,1.25229,0.00928423,0.00928423,0.00928423
725,3324.58,0.45219,0.7497,0.34431,0.83382,0.5431,0.41151,0.41611,0.27311,0.45718,0.38626,0.384,0.22609,1.27261,2.93933,2.92438,1.23968,0.00928324,0.00928324,0.00928324
726,3329.21,0.42953,0.61344,0.33594,0.81647,0.60195,0.341,0.38755,0.26184,0.5024,0.32323,0.34445,0.20985,1.27993,2.90951,2.89245,1.26167,0.00928225,0.00928225,0.00928225
727,3333.8,0.41646,0.63504,0.31282,0.82465,0.48954,0.38516,0.37447,0.26571,0.4334,0.353,0.34233,0.21573,1.25057,2.86886,2.87452,1.25842,0.00928126,0.00928126,0.00928126
728,3338.46,0.4359,0.62461,0.32662,0.8165,0.51667,0.38161,0.37406,0.25287,0.42683,0.38689,0.34348,0.22002,1.2507,2.88832,2.92439,1.2513,0.00928027,0.00928027,0.00928027
729,3343.1,0.42294,0.63655,0.32961,0.81257,0.48661,0.4064,0.3909,0.26293,0.47725,0.3864,0.37522,0.22192,1.28639,2.93209,2.90738,1.27507,0.00927928,0.00927928,0.00927928
730,3347.75,0.42182,0.60751,0.32082,0.81816,0.49387,0.39758,0.3983,0.26885,0.45532,0.36747,0.36617,0.22126,1.27961,2.9143,2.8695,1.27313,0.00927829,0.00927829,0.00927829
731,3352.38,0.44854,0.62937,0.33596,0.82411,0.51125,0.39398,0.39787,0.26441,0.4965,0.37449,0.37626,0.22848,1.26048,2.80736,2.76534,1.27116,0.0092773,0.0092773,0.0092773
732,3357.03,0.46811,0.72062,0.35978,0.81892,0.49736,0.39113,0.36933,0.24856,0.47567,0.39401,0.36429,0.21771,1.25979,2.78526,2.7554,1.28625,0.00927631,0.00927631,0.00927631
733,3361.64,0.42389,0.66548,0.33567,0.81426,0.46105,0.42363,0.37141,0.25491,0.43599,0.40108,0.34781,0.2129,1.25683,2.74609,2.76406,1.28604,0.00927532,0.00927532,0.00927532
734,3366.31,0.44826,0.70196,0.32993,0.82179,0.43666,0.38629,0.35295,0.23473,0.43786,0.38027,0.34986,0.20823,1.26156,2.73256,2.79443,1.28092,0.00927433,0.00927433,0.00927433
735,3370.92,0.42555,0.60829,0.33704,0.8142,0.42925,0.40066,0.36667,0.24736,0.39906,0.38369,0.34283,0.22285,1.28379,2.61344,2.85175,1.27414,0.00927334,0.00927334,0.00927334
736,3375.55,0.45401,0.66325,0.33841,0.83062,0.50745,0.31069,0.37833,0.25158,0.39697,0.34221,0.35347,0.231,1.2857,2.69924,2.96853,1.29135,0.00927235,0.00927235,0.00927235
737,3380.16,0.4377,0.65585,0.34843,0.82753,0.52251,0.31443,0.37039,0.24744,0.48361,0.29726,0.34706,0.21738,1.27867,2.70319,3.02612,1.28621,0.00927136,0.00927136,0.00927136
738,3384.78,0.45673,0.63582,0.33937,0.82238,0.58697,0.29792,0.37306,0.24344,0.41419,0.32537,0.34191,0.21689,1.29945,2.63273,3.09729,1.30699,0.00927037,0.00927037,0.00927037
739,3389.42,0.42188,0.61915,0.32219,0.81549,0.55994,0.33642,0.38351,0.25056,0.51466,0.30942,0.34807,0.21404,1.33125,2.68124,3.11724,1.32815,0.00926938,0.00926938,0.00926938
740,3394.08,0.40972,0.61743,0.31843,0.81536,0.6049,0.34483,0.41528,0.2689,0.55697,0.32279,0.38212,0.23537,1.30699,2.58435,2.93417,1.32091,0.00926839,0.00926839,0.00926839
741,3398.72,0.42897,0.63374,0.31966,0.80729,0.60357,0.36829,0.41578,0.27542,0.55947,0.34104,0.38586,0.22704,1.29124,2.54042,2.79006,1.30591,0.0092674,0.0092674,0.0092674
742,3403.36,0.43027,0.66101,0.33124,0.82471,0.58523,0.40335,0.44111,0.29088,0.53616,0.37281,0.40512,0.2392,1.28722,2.51127,2.75235,1.31575,0.00926641,0.00926641,0.00926641
743,3407.99,0.41608,0.64073,0.31905,0.8144,0.54818,0.41833,0.42906,0.28183,0.4917,0.38907,0.38865,0.22619,1.29507,2.52689,2.76381,1.31116,0.00926542,0.00926542,0.00926542
744,3412.63,0.43248,0.62989,0.32991,0.83396,0.54554,0.40037,0.43829,0.28765,0.48511,0.37227,0.40111,0.2422,1.30898,2.51831,2.72028,1.32021,0.00926443,0.00926443,0.00926443
745,3417.25,0.4335,0.63349,0.33615,0.81294,0.52201,0.41662,0.42519,0.28055,0.46536,0.38711,0.39105,0.24584,1.34461,2.55112,2.61459,1.33993,0.00926344,0.00926344,0.00926344
746,3421.87,0.45068,0.64933,0.34778,0.8293,0.53398,0.41933,0.42471,0.28535,0.50438,0.40296,0.40404,0.23968,1.34327,2.63308,2.61141,1.37146,0.00926245,0.00926245,0.00926245
747,3426.49,0.43664,0.68055,0.34571,0.83435,0.50405,0.46255,0.42535,0.28328,0.45938,0.43303,0.39397,0.23106,1.36595,2.70643,2.68233,1.39815,0.00926146,0.00926146,0.00926146
748,3431.13,0.43414,0.65739,0.32598,0.81172,0.50728,0.46698,0.44533,0.29455,0.43328,0.43237,0.40598,0.24806,1.36133,2.71696,2.63401,1.384,0.00926047,0.00926047,0.00926047
749,3435.77,0.42507,0.60788,0.32864,0.8241,0.52575,0.46283,0.452,0.2979,0.43469,0.43763,0.40479,0.24717,1.37597,2.73862,2.59235,1.38848,0.00925948,0.00925948,0.00925948
750,3440.4,0.44759,0.69074,0.36291,0.81756,0.50455,0.49531,0.44727,0.28455,0.44964,0.44807,0.39157,0.23805,1.34985,2.73172,2.41845,1.35859,0.00925849,0.00925849,0.00925849
751,3445.07,0.43347,0.61675,0.34276,0.82507,0.54655,0.45953,0.44635,0.28062,0.52126,0.40771,0.38693,0.24241,1.31825,2.76799,2.43964,1.34102,0.0092575,0.0092575,0.0092575
752,3449.72,0.44255,0.65826,0.33738,0.82693,0.55089,0.43714,0.41437,0.27555,0.54631,0.39076,0.39129,0.23449,1.22709,2.81301,2.43305,1.28414,0.00925651,0.00925651,0.00925651
753,3454.31,0.41949,0.64497,0.32769,0.82492,0.61177,0.39332,0.42745,0.28859,0.54572,0.4278,0.44116,0.24772,1.22258,2.80052,2.35328,1.2849,0.00925552,0.00925552,0.00925552
754,3458.95,0.42772,0.65466,0.34541,0.82121,0.57756,0.4434,0.4544,0.29459,0.55797,0.38892,0.43816,0.25898,1.22949,2.80934,2.34361,1.27108,0.00925453,0.00925453,0.00925453
755,3463.59,0.41443,0.61123,0.32862,0.82917,0.60249,0.43517,0.44599,0.2943,0.50859,0.39478,0.39094,0.23555,1.19043,2.88044,2.41871,1.23878,0.00925354,0.00925354,0.00925354
756,3468.28,0.44659,0.66101,0.33017,0.82425,0.63164,0.42219,0.43197,0.29361,0.52741,0.38347,0.37904,0.23376,1.17245,2.88465,2.50793,1.231,0.00925255,0.00925255,0.00925255
757,3472.9,0.43222,0.67107,0.33305,0.81994,0.62414,0.42431,0.42831,0.28824,0.53749,0.40095,0.39533,0.25135,1.17128,2.90098,2.55586,1.23559,0.00925156,0.00925156,0.00925156
758,3477.53,0.45587,0.61866,0.3352,0.82107,0.48738,0.4456,0.41403,0.28614,0.42506,0.42444,0.37713,0.23728,1.17915,2.87432,2.72303,1.22725,0.00925057,0.00925057,0.00925057
759,3482.15,0.43162,0.6207,0.32294,0.8183,0.47521,0.44225,0.41029,0.28373,0.44646,0.43352,0.37836,0.23157,1.18653,2.83274,2.73543,1.21014,0.00924958,0.00924958,0.00924958
760,3486.83,0.42805,0.61756,0.32499,0.82289,0.49383,0.44675,0.43137,0.29169,0.46921,0.42494,0.39528,0.23676,1.23343,2.82184,2.75329,1.22661,0.00924859,0.00924859,0.00924859
761,3491.49,0.43653,0.65305,0.3301,0.81019,0.52455,0.46192,0.4459,0.29121,0.50108,0.4607,0.41021,0.24646,1.24643,2.84068,2.68615,1.22726,0.0092476,0.0092476,0.0092476
762,3496.12,0.42527,0.62759,0.33367,0.82315,0.53477,0.47096,0.44625,0.29653,0.47833,0.43494,0.39349,0.23135,1.24901,2.8638,2.73795,1.21029,0.00924661,0.00924661,0.00924661
763,3500.74,0.41962,0.58881,0.32328,0.81566,0.52398,0.43304,0.43752,0.28287,0.46116,0.39907,0.37376,0.22632,1.2523,2.79439,2.7921,1.20339,0.00924562,0.00924562,0.00924562
764,3505.4,0.44874,0.69409,0.34483,0.81074,0.50134,0.41524,0.42459,0.27348,0.4717,0.36403,0.37829,0.22185,1.26156,2.83635,2.76552,1.20155,0.00924463,0.00924463,0.00924463
765,3510.01,0.41792,0.65406,0.31755,0.82844,0.50008,0.39865,0.41219,0.26751,0.47404,0.36904,0.36686,0.20803,1.23234,2.80998,2.72701,1.18868,0.00924364,0.00924364,0.00924364
766,3514.65,0.42434,0.60949,0.33041,0.8204,0.52402,0.38987,0.43009,0.27442,0.46338,0.33809,0.36936,0.21112,1.26637,2.86393,2.75513,1.19578,0.00924265,0.00924265,0.00924265
767,3519.26,0.43697,0.60674,0.33034,0.82312,0.48714,0.37846,0.41329,0.27689,0.43757,0.34092,0.35434,0.21478,1.20999,2.92212,2.89567,1.17734,0.00924166,0.00924166,0.00924166
768,3523.91,0.4425,0.6013,0.33582,0.82547,0.50566,0.38681,0.42068,0.28631,0.44756,0.35249,0.35925,0.22893,1.2388,2.9419,2.8077,1.21811,0.00924067,0.00924067,0.00924067
769,3528.55,0.50269,0.7923,0.37187,0.85339,0.48669,0.36113,0.41843,0.28651,0.44985,0.33897,0.36964,0.2246,1.23799,3.02074,2.79994,1.25487,0.00923968,0.00923968,0.00923968
770,3533.19,0.44425,0.64115,0.33749,0.83566,0.57143,0.3333,0.41329,0.27958,0.47218,0.30446,0.35135,0.226,1.21646,3.07103,2.81577,1.24992,0.00923869,0.00923869,0.00923869
771,3537.81,0.44555,0.63554,0.32324,0.84051,0.50266,0.37984,0.39252,0.27148,0.44917,0.34019,0.33929,0.20522,1.23999,3.02908,2.90066,1.27,0.0092377,0.0092377,0.0092377
772,3542.45,0.4384,0.62935,0.34512,0.8246,0.55884,0.3486,0.39236,0.26335,0.49862,0.31644,0.347,0.21479,1.25389,3.04578,2.77688,1.28224,0.00923671,0.00923671,0.00923671
773,3547.09,0.42833,0.65062,0.32444,0.83496,0.58836,0.3414,0.37877,0.24853,0.51912,0.30944,0.32975,0.19781,1.31032,3.02179,2.78651,1.31293,0.00923572,0.00923572,0.00923572
774,3551.73,0.42752,0.6062,0.31996,0.82574,0.48804,0.36043,0.34883,0.22961,0.45346,0.3492,0.3342,0.20026,1.2921,2.93114,2.81044,1.30843,0.00923473,0.00923473,0.00923473
775,3556.39,0.44042,0.66531,0.33508,0.82181,0.47823,0.3476,0.3323,0.22812,0.46934,0.3376,0.32633,0.19384,1.26918,2.83756,2.80055,1.29049,0.00923374,0.00923374,0.00923374
776,3561.02,0.44277,0.67967,0.32284,0.83013,0.46045,0.37557,0.34322,0.23863,0.39825,0.39754,0.33334,0.20936,1.25126,2.76789,2.7482,1.26813,0.00923275,0.00923275,0.00923275
777,3565.64,0.41726,0.64708,0.31634,0.81194,0.48826,0.36557,0.36301,0.25021,0.45964,0.34822,0.34583,0.2036,1.23902,2.72067,2.6696,1.26187,0.00923176,0.00923176,0.00923176
778,3570.31,0.47425,0.70958,0.35045,0.84819,0.5216,0.36714,0.37887,0.25964,0.39167,0.37348,0.3496,0.21296,1.27246,2.69202,2.69049,1.27817,0.00923077,0.00923077,0.00923077
779,3574.94,0.43309,0.64659,0.32801,0.82718,0.41868,0.36559,0.34909,0.2303,0.38203,0.35089,0.32055,0.18799,1.28609,2.68656,2.75638,1.28511,0.00922978,0.00922978,0.00922978
780,3579.56,0.42858,0.73021,0.35271,0.83037,0.45004,0.39677,0.36559,0.23735,0.40141,0.3859,0.33196,0.19144,1.3068,2.77468,2.8021,1.29046,0.00922879,0.00922879,0.00922879
781,3584.19,0.4387,0.70019,0.34593,0.83564,0.45225,0.41399,0.36627,0.239,0.41058,0.38972,0.3329,0.19227,1.29504,2.82119,2.88139,1.29007,0.0092278,0.0092278,0.0092278
782,3588.81,0.42703,0.63514,0.33588,0.82696,0.47464,0.42836,0.38654,0.25328,0.47464,0.42836,0.3899,0.21388,1.31252,2.81951,2.80083,1.28211,0.00922681,0.00922681,0.00922681
783,3593.47,0.45528,0.64674,0.33558,0.81081,0.47842,0.40526,0.40049,0.26654,0.46751,0.39478,0.38831,0.2242,1.30446,2.81222,2.88426,1.2797,0.00922582,0.00922582,0.00922582
784,3598.14,0.44447,0.64834,0.34115,0.82577,0.58127,0.37134,0.4176,0.27507,0.53585,0.34399,0.38235,0.22841,1.33272,2.78814,2.86793,1.3166,0.00922483,0.00922483,0.00922483
785,3602.78,0.42547,0.65707,0.33742,0.81796,0.51997,0.3807,0.41318,0.26579,0.44236,0.37574,0.37231,0.22303,1.35135,2.73799,2.91283,1.33862,0.00922384,0.00922384,0.00922384
786,3607.43,0.43278,0.64803,0.33721,0.81728,0.60112,0.35664,0.41128,0.26386,0.4298,0.36897,0.36701,0.22587,1.3685,2.73677,2.908,1.36572,0.00922285,0.00922285,0.00922285
787,3612.05,0.44204,0.65092,0.33601,0.81766,0.6009,0.36928,0.39671,0.25833,0.43046,0.41562,0.3764,0.22692,1.31055,2.79262,2.80968,1.33213,0.00922186,0.00922186,0.00922186
788,3616.75,0.46409,0.66616,0.35845,0.84158,0.48518,0.40365,0.39686,0.25634,0.45799,0.40228,0.37312,0.22407,1.26199,2.88146,2.86422,1.30219,0.00922087,0.00922087,0.00922087
789,3621.42,0.4287,0.66738,0.32305,0.81959,0.48567,0.42151,0.3898,0.25894,0.45449,0.40744,0.36558,0.22172,1.23699,2.91023,2.86453,1.29646,0.00921988,0.00921988,0.00921988
790,3626.04,0.43622,0.6031,0.33363,0.82636,0.43502,0.39961,0.38652,0.26182,0.42305,0.38706,0.35505,0.22521,1.25257,2.99426,2.89301,1.29236,0.00921889,0.00921889,0.00921889
791,3630.67,0.41892,0.63128,0.31433,0.81348,0.49683,0.39756,0.38493,0.25551,0.48231,0.37768,0.36145,0.21743,1.2624,3.05863,2.89459,1.27247,0.0092179,0.0092179,0.0092179
792,3635.29,0.44189,0.61416,0.32961,0.81814,0.53078,0.38734,0.41069,0.27398,0.51628,0.36734,0.38156,0.23844,1.24865,2.99181,2.79985,1.26303,0.00921691,0.00921691,0.00921691
793,3639.9,0.43929,0.64691,0.33003,0.81312,0.58,0.39038,0.41912,0.27291,0.52394,0.35597,0.39227,0.23418,1.25855,2.93726,2.85418,1.26961,0.00921592,0.00921592,0.00921592
794,3644.51,0.431,0.6314,0.32636,0.82587,0.50416,0.39256,0.42005,0.27864,0.46095,0.38341,0.3981,0.23364,1.23012,2.90265,3.00564,1.25993,0.00921493,0.00921493,0.00921493
795,3649.11,0.43341,0.63108,0.32686,0.82664,0.50197,0.39523,0.41608,0.27273,0.45573,0.3692,0.38781,0.21681,1.22895,2.87668,3.22178,1.26176,0.00921394,0.00921394,0.00921394
796,3653.73,0.43397,0.62226,0.33185,0.83118,0.51707,0.36944,0.40523,0.27054,0.45266,0.32279,0.35013,0.20816,1.24252,2.82843,3.35434,1.24789,0.00921295,0.00921295,0.00921295
797,3658.36,0.40778,0.61835,0.31884,0.80006,0.55222,0.35303,0.4116,0.27083,0.45786,0.35872,0.37585,0.22389,1.25208,2.79354,3.23139,1.2422,0.00921196,0.00921196,0.00921196
798,3663.01,0.42459,0.60486,0.32365,0.81976,0.6193,0.33221,0.40794,0.27126,0.57123,0.29657,0.36474,0.21737,1.26309,2.79465,3.11929,1.23329,0.00921097,0.00921097,0.00921097
799,3667.72,0.43499,0.62264,0.33409,0.82054,0.5466,0.37447,0.41557,0.27926,0.49658,0.34136,0.36619,0.21378,1.23754,2.78393,3.0266,1.23356,0.00920998,0.00920998,0.00920998
800,3672.42,0.41058,0.57506,0.32891,0.81622,0.54923,0.39198,0.39619,0.26538,0.5025,0.36086,0.34957,0.21392,1.27154,2.76572,2.98772,1.26787,0.00920899,0.00920899,0.00920899
801,3677.06,0.4551,0.62516,0.34609,0.82579,0.54134,0.40761,0.41853,0.28078,0.48413,0.36545,0.36962,0.21899,1.2792,2.75428,3.03626,1.27153,0.009208,0.009208,0.009208
802,3681.67,0.42456,0.62799,0.33315,0.82129,0.52796,0.41807,0.42332,0.28106,0.48589,0.38538,0.3767,0.23028,1.28761,2.72168,2.93524,1.26586,0.00920701,0.00920701,0.00920701
803,3686.32,0.41779,0.62271,0.33018,0.8204,0.53883,0.40568,0.43481,0.29269,0.48328,0.37617,0.38986,0.23845,1.29377,2.75535,2.98757,1.26913,0.00920602,0.00920602,0.00920602
804,3691.02,0.43659,0.61656,0.31999,0.824,0.56525,0.38917,0.44045,0.29494,0.55644,0.38356,0.43193,0.25536,1.29673,2.84302,3.06225,1.2732,0.00920503,0.00920503,0.00920503
805,3695.64,0.43494,0.60975,0.31994,0.8242,0.56484,0.39396,0.44056,0.29517,0.50201,0.36445,0.40024,0.23531,1.26893,2.90778,3.05635,1.26387,0.00920404,0.00920404,0.00920404
806,3700.27,0.42645,0.6133,0.32489,0.83293,0.52573,0.3863,0.42765,0.29186,0.46621,0.37474,0.38298,0.2444,1.26937,2.91264,3.06438,1.2612,0.00920305,0.00920305,0.00920305
807,3704.93,0.44568,0.6395,0.34342,0.82619,0.48898,0.3916,0.41602,0.27532,0.30275,0.50966,0.36708,0.23157,1.2788,2.82298,2.9085,1.26519,0.00920206,0.00920206,0.00920206
808,3709.58,0.43893,0.6326,0.33824,0.82737,0.50439,0.36047,0.40878,0.27717,0.41075,0.42625,0.36097,0.23598,1.28299,2.8649,2.92366,1.27953,0.00920107,0.00920107,0.00920107
809,3714.19,0.44589,0.66434,0.34581,0.82922,0.51882,0.39132,0.41005,0.28563,0.45179,0.35429,0.36228,0.22939,1.27759,2.85358,2.91965,1.28558,0.00920008,0.00920008,0.00920008
810,3718.86,0.45835,0.72364,0.33974,0.83133,0.5315,0.41634,0.42981,0.29053,0.47645,0.38613,0.37739,0.23351,1.32431,2.8554,2.75838,1.32353,0.00919909,0.00919909,0.00919909
811,3723.51,0.39891,0.63625,0.31297,0.81895,0.48947,0.42713,0.43637,0.28195,0.44672,0.39496,0.38705,0.23925,1.32527,2.84345,2.67272,1.33091,0.0091981,0.0091981,0.0091981
812,3728.23,0.42118,0.67979,0.32419,0.81803,0.46941,0.466,0.43692,0.28559,0.44776,0.45345,0.41191,0.25425,1.30703,2.88171,2.67527,1.32172,0.00919711,0.00919711,0.00919711
813,3732.9,0.43306,0.61709,0.3303,0.8145,0.47975,0.46894,0.42861,0.27397,0.45446,0.44742,0.39789,0.23281,1.3036,2.91627,2.66392,1.31333,0.00919612,0.00919612,0.00919612
814,3737.54,0.41467,0.6349,0.32941,0.81781,0.53068,0.40421,0.41708,0.26639,0.46946,0.38721,0.37097,0.2304,1.3024,2.95862,2.67053,1.32121,0.00919513,0.00919513,0.00919513
815,3742.21,0.42104,0.62305,0.32385,0.81223,0.45437,0.41804,0.41199,0.2556,0.42733,0.39346,0.38022,0.22199,1.30102,3.00864,2.60855,1.32187,0.00919414,0.00919414,0.00919414
816,3746.85,0.44658,0.62609,0.32784,0.82642,0.5493,0.36181,0.40906,0.25924,0.50296,0.33946,0.37297,0.22093,1.30881,3.03644,2.62132,1.32867,0.00919315,0.00919315,0.00919315
817,3751.45,0.41015,0.61504,0.32697,0.81147,0.64685,0.32129,0.3853,0.24863,0.45975,0.35693,0.35158,0.20703,1.30328,3.03964,2.74376,1.33906,0.00919216,0.00919216,0.00919216
818,3756.08,0.43438,0.65617,0.33833,0.82954,0.31787,0.57323,0.40267,0.25166,0.30413,0.54855,0.3703,0.20388,1.31685,2.98706,2.84432,1.3593,0.00919117,0.00919117,0.00919117
819,3760.69,0.45232,0.65922,0.33281,0.81867,0.48985,0.38336,0.39377,0.2513,0.42083,0.35228,0.34919,0.21118,1.30374,2.96918,2.7326,1.35744,0.00919018,0.00919018,0.00919018
820,3765.38,0.42992,0.63586,0.31943,0.81534,0.50691,0.40729,0.43233,0.28353,0.47284,0.38834,0.38716,0.23272,1.30455,2.94659,2.66311,1.34737,0.00918919,0.00918919,0.00918919
821,3770.02,0.42285,0.64308,0.32677,0.81222,0.48123,0.40061,0.43693,0.28493,0.42442,0.36634,0.37847,0.23347,1.31401,2.93916,2.69638,1.3503,0.0091882,0.0091882,0.0091882
822,3774.65,0.4247,0.61555,0.33558,0.81447,0.49176,0.39136,0.41947,0.27601,0.41066,0.40213,0.38501,0.24186,1.31447,2.89828,2.87751,1.34322,0.00918721,0.00918721,0.00918721
823,3779.33,0.42061,0.6079,0.33226,0.82025,0.30363,0.55225,0.43005,0.28574,0.26858,0.50765,0.37476,0.2474,1.27314,2.84578,2.95631,1.31193,0.00918622,0.00918622,0.00918622
824,3783.97,0.46224,0.60521,0.35687,0.82157,0.53457,0.33151,0.44364,0.29788,0.51474,0.2968,0.40704,0.25628,1.25473,2.78963,2.90483,1.29614,0.00918523,0.00918523,0.00918523
825,3788.6,0.39011,0.56776,0.30526,0.81444,0.45691,0.36074,0.44126,0.29463,0.53887,0.29452,0.40311,0.25404,1.28422,2.77427,2.84921,1.30192,0.00918424,0.00918424,0.00918424
826,3793.28,0.42062,0.65836,0.32934,0.81259,0.51259,0.34204,0.41604,0.27328,0.46191,0.31469,0.3783,0.23539,1.29171,2.76289,2.88199,1.31131,0.00918325,0.00918325,0.00918325
827,3797.93,0.43943,0.65452,0.34662,0.82726,0.54786,0.34697,0.43504,0.27601,0.51388,0.32663,0.4032,0.23822,1.3154,2.69223,2.80219,1.31033,0.00918226,0.00918226,0.00918226
828,3802.59,0.41894,0.65388,0.32508,0.83091,0.39969,0.44694,0.42528,0.27591,0.40692,0.38625,0.39554,0.23865,1.29789,2.70154,2.92949,1.32125,0.00918127,0.00918127,0.00918127
829,3807.25,0.42292,0.61248,0.32848,0.82497,0.33104,0.58619,0.435,0.2801,0.43148,0.35605,0.38906,0.2366,1.31585,2.70814,2.93178,1.32722,0.00918028,0.00918028,0.00918028
830,3811.86,0.45147,0.62479,0.35729,0.83558,0.45661,0.40754,0.41329,0.27153,0.41995,0.40681,0.39748,0.2353,1.29796,2.7275,2.82478,1.30174,0.00917929,0.00917929,0.00917929
831,3816.53,0.42048,0.58863,0.3243,0.82403,0.65885,0.33326,0.41632,0.27238,0.66217,0.31984,0.40518,0.23962,1.2931,2.74096,2.8931,1.30775,0.0091783,0.0091783,0.0091783
832,3821.18,0.42771,0.58822,0.33793,0.83569,0.35268,0.5767,0.43833,0.29508,0.33748,0.58199,0.42116,0.24761,1.28821,2.80182,2.92546,1.29964,0.00917731,0.00917731,0.00917731
833,3825.79,0.42005,0.60736,0.33415,0.8187,0.39449,0.50107,0.42994,0.28386,0.33133,0.55983,0.41408,0.24533,1.29069,2.79495,2.91916,1.29045,0.00917632,0.00917632,0.00917632
834,3830.45,0.40167,0.60164,0.32773,0.83611,0.49707,0.41337,0.42807,0.28364,0.33421,0.55985,0.39958,0.25103,1.25881,2.75152,2.80795,1.27272,0.00917533,0.00917533,0.00917533
835,3835.1,0.41036,0.57965,0.32382,0.81396,0.47238,0.45894,0.42716,0.28149,0.43061,0.44219,0.41617,0.24911,1.27094,2.70289,2.67817,1.27516,0.00917434,0.00917434,0.00917434
836,3839.75,0.43509,0.60382,0.34321,0.8237,0.45946,0.36634,0.41134,0.27102,0.28468,0.55291,0.40451,0.25311,1.31313,2.75353,2.63504,1.33511,0.00917335,0.00917335,0.00917335
837,3844.34,0.40582,0.59001,0.34109,0.81815,0.47698,0.42806,0.43448,0.28501,0.45453,0.41071,0.41552,0.25445,1.34647,2.82099,2.47307,1.35672,0.00917236,0.00917236,0.00917236
838,3849,0.43466,0.61383,0.33623,0.82996,0.49036,0.46731,0.44436,0.2888,0.47349,0.45427,0.43765,0.25529,1.38513,2.82939,2.45728,1.39093,0.00917137,0.00917137,0.00917137
839,3853.63,0.41327,0.58729,0.32087,0.81635,0.53041,0.47209,0.44177,0.27459,0.47711,0.45228,0.41772,0.24103,1.43534,2.87393,2.56383,1.42659,0.00917038,0.00917038,0.00917038
840,3858.3,0.42978,0.64486,0.34027,0.82263,0.54009,0.45692,0.45149,0.27771,0.50733,0.44169,0.42118,0.24996,1.4162,2.88705,2.61136,1.39004,0.00916939,0.00916939,0.00916939
841,3862.94,0.40332,0.60698,0.32122,0.82582,0.53956,0.43946,0.45369,0.28967,0.49352,0.41503,0.41022,0.2502,1.37426,3.01227,2.57557,1.34773,0.0091684,0.0091684,0.0091684
842,3867.58,0.39967,0.59619,0.3166,0.81679,0.52028,0.42748,0.42062,0.26607,0.46684,0.39205,0.36797,0.22972,1.33504,3.05631,2.55858,1.30528,0.00916741,0.00916741,0.00916741
843,3872.24,0.425,0.62057,0.32207,0.81931,0.46611,0.40685,0.3941,0.24739,0.44418,0.38241,0.37494,0.22365,1.28887,2.98703,2.47389,1.26161,0.00916642,0.00916642,0.00916642
844,3876.92,0.40454,0.59351,0.32194,0.83143,0.47444,0.40308,0.38503,0.2516,0.44799,0.39077,0.37461,0.2275,1.2633,3.02632,2.42376,1.24943,0.00916543,0.00916543,0.00916543
845,3881.57,0.38736,0.5847,0.31156,0.81157,0.48791,0.38902,0.40031,0.25369,0.41176,0.35281,0.35394,0.21529,1.27207,3.02628,2.53028,1.26073,0.00916444,0.00916444,0.00916444
846,3886.19,0.41276,0.62772,0.32875,0.81696,0.46796,0.393,0.37478,0.23349,0.42355,0.3883,0.36168,0.20974,1.27329,2.97607,2.62119,1.25254,0.00916345,0.00916345,0.00916345
847,3890.85,0.42018,0.65645,0.31886,0.8244,0.45122,0.40438,0.36001,0.23675,0.44627,0.39438,0.37003,0.21829,1.26781,2.99841,2.62353,1.25604,0.00916246,0.00916246,0.00916246
848,3895.5,0.40756,0.61133,0.31491,0.82046,0.46543,0.41095,0.38746,0.24869,0.4372,0.3936,0.37969,0.2246,1.26382,3.06895,2.62126,1.25721,0.00916147,0.00916147,0.00916147
849,3900.14,0.42884,0.61607,0.31387,0.82891,0.46134,0.39481,0.389,0.25591,0.55802,0.31734,0.37983,0.226,1.25294,3.09986,2.59788,1.25221,0.00916048,0.00916048,0.00916048
850,3904.78,0.48618,0.8333,0.35437,0.82716,0.49538,0.35809,0.39164,0.25348,0.55381,0.33708,0.41103,0.24455,1.25125,3.13565,2.53299,1.25005,0.00915949,0.00915949,0.00915949
851,3909.4,0.43972,0.68639,0.34188,0.83667,0.51796,0.36063,0.41348,0.27297,0.39221,0.38895,0.3749,0.23398,1.22723,3.12893,2.61965,1.24034,0.0091585,0.0091585,0.0091585
852,3914.08,0.44357,0.62336,0.33992,0.8225,0.67487,0.31587,0.41194,0.25982,0.76923,0.27006,0.38922,0.22425,1.24485,3.02787,2.76818,1.25029,0.00915751,0.00915751,0.00915751
853,3918.73,0.4256,0.66845,0.31905,0.82215,0.63065,0.32271,0.41918,0.2668,0.65706,0.28554,0.36253,0.20946,1.26345,3.02366,2.76182,1.25798,0.00915652,0.00915652,0.00915652
854,3923.36,0.42621,0.63242,0.33284,0.81403,0.62568,0.34557,0.43969,0.2733,0.56728,0.30202,0.38499,0.23568,1.26412,3.03229,2.74312,1.26466,0.00915553,0.00915553,0.00915553
855,3928.05,0.41342,0.6186,0.31785,0.81556,0.65266,0.30823,0.42241,0.27836,0.59592,0.29101,0.36946,0.22072,1.25738,2.97665,2.82311,1.26835,0.00915454,0.00915454,0.00915454
856,3932.71,0.42124,0.62598,0.32456,0.82516,0.58595,0.34776,0.42328,0.28286,0.6313,0.30535,0.39888,0.23476,1.27456,2.82974,2.7763,1.29449,0.00915355,0.00915355,0.00915355
857,3937.35,0.41305,0.59949,0.31081,0.81943,0.54918,0.36965,0.42276,0.27892,0.51365,0.35991,0.38954,0.235,1.2813,2.77252,2.75675,1.30269,0.00915256,0.00915256,0.00915256
858,3942.02,0.431,0.64053,0.32851,0.82084,0.49123,0.41007,0.44675,0.29407,0.48236,0.40224,0.41923,0.25064,1.27422,2.65388,2.73057,1.31111,0.00915157,0.00915157,0.00915157
859,3946.66,0.42529,0.64704,0.32439,0.82104,0.46019,0.45101,0.44194,0.28894,0.54494,0.33768,0.39659,0.24805,1.26461,2.71199,2.48866,1.31335,0.00915058,0.00915058,0.00915058
860,3951.32,0.40012,0.65071,0.31549,0.81913,0.45502,0.45369,0.44429,0.29413,0.48891,0.34386,0.38165,0.23601,1.24898,2.75387,2.53686,1.29979,0.00914959,0.00914959,0.00914959
861,3955.97,0.41658,0.61409,0.31917,0.82862,0.57326,0.38629,0.42933,0.28016,0.52799,0.35914,0.38895,0.22898,1.24883,2.8572,2.65605,1.2883,0.0091486,0.0091486,0.0091486
862,3960.62,0.41907,0.64505,0.33629,0.82254,0.49293,0.43408,0.43468,0.28242,0.48356,0.39629,0.39133,0.23201,1.26428,2.87671,2.81434,1.29942,0.00914761,0.00914761,0.00914761
863,3965.26,0.39927,0.62786,0.29906,0.83515,0.48101,0.398,0.42292,0.28316,0.41471,0.3633,0.37459,0.23029,1.27409,2.99868,3.14474,1.30786,0.00914662,0.00914662,0.00914662
864,3969.92,0.44099,0.70778,0.34073,0.83069,0.54422,0.36803,0.42204,0.28608,0.48226,0.33652,0.38658,0.23086,1.27807,3.00533,3.34616,1.27649,0.00914563,0.00914563,0.00914563
865,3974.56,0.40519,0.64367,0.30749,0.82148,0.5411,0.34059,0.41999,0.28579,0.31341,0.46866,0.38754,0.24234,1.25723,2.93251,3.34554,1.26228,0.00914464,0.00914464,0.00914464
866,3979.21,0.40245,0.58696,0.31412,0.81597,0.33871,0.49522,0.42198,0.28422,0.32368,0.47786,0.3952,0.24628,1.24698,2.93762,3.35778,1.24677,0.00914365,0.00914365,0.00914365
867,3983.86,0.42425,0.67787,0.32565,0.82844,0.49042,0.34712,0.41625,0.27505,0.28402,0.47306,0.37707,0.24635,1.24498,2.94321,3.2513,1.26253,0.00914266,0.00914266,0.00914266
868,3988.54,0.42457,0.62584,0.32391,0.8116,0.48658,0.35775,0.42143,0.28168,0.5034,0.31121,0.38186,0.24352,1.28235,2.88094,3.26235,1.30049,0.00914167,0.00914167,0.00914167
869,3993.17,0.38871,0.60617,0.31487,0.82441,0.51429,0.33565,0.42144,0.28346,0.44998,0.30994,0.38293,0.24435,1.25332,2.85558,3.26088,1.2868,0.00914068,0.00914068,0.00914068
870,3997.8,0.39617,0.60759,0.31052,0.82764,0.48363,0.36404,0.39448,0.26149,0.44424,0.34707,0.3597,0.22812,1.23308,2.85484,3.19741,1.28107,0.00913969,0.00913969,0.00913969
871,4002.44,0.44625,0.62708,0.3317,0.83803,0.42532,0.33969,0.37159,0.2585,0.3712,0.32014,0.34616,0.21887,1.24202,2.90811,3.10562,1.26763,0.0091387,0.0091387,0.0091387
872,4007.08,0.40901,0.5911,0.31409,0.82253,0.44213,0.30194,0.36387,0.24456,0.39008,0.2856,0.33866,0.21262,1.29443,2.97367,3.26092,1.30573,0.00913771,0.00913771,0.00913771
873,4011.7,0.41331,0.61635,0.31031,0.82856,0.50583,0.2764,0.368,0.25492,0.26901,0.43163,0.33529,0.20192,1.28817,2.87963,3.20233,1.30103,0.00913672,0.00913672,0.00913672
874,4016.35,0.40911,0.59982,0.31044,0.81893,0.50909,0.31925,0.38409,0.25993,0.36535,0.32306,0.33476,0.21126,1.32375,2.82778,3.08867,1.30486,0.00913573,0.00913573,0.00913573
875,4021.03,0.42872,0.64211,0.32953,0.80967,0.49941,0.35371,0.38714,0.26392,0.40358,0.319,0.34537,0.21337,1.36713,2.88458,3.05714,1.33481,0.00913474,0.00913474,0.00913474
876,4025.69,0.40615,0.58659,0.31938,0.81605,0.43309,0.37126,0.40548,0.26742,0.34064,0.33142,0.33347,0.20321,1.35144,2.96127,2.93992,1.32212,0.00913375,0.00913375,0.00913375
877,4030.34,0.44426,0.57849,0.32966,0.82763,0.46592,0.38581,0.42174,0.2853,0.34912,0.40239,0.35083,0.21128,1.31511,2.9701,2.97684,1.30403,0.00913276,0.00913276,0.00913276
878,4035.03,0.39812,0.62021,0.31094,0.81098,0.50672,0.38998,0.41559,0.28214,0.40957,0.33909,0.34609,0.20949,1.30457,2.95232,3.0553,1.28164,0.00913177,0.00913177,0.00913177
879,4039.63,0.40947,0.58624,0.32314,0.82541,0.46533,0.4007,0.40523,0.26718,0.38072,0.35865,0.34104,0.216,1.2896,2.91717,3.07102,1.26051,0.00913078,0.00913078,0.00913078
880,4044.3,0.40303,0.64559,0.30292,0.81307,0.43843,0.36857,0.39049,0.24997,0.39097,0.34043,0.33836,0.20531,1.32983,2.91171,3.30166,1.28752,0.00912979,0.00912979,0.00912979
881,4048.91,0.41317,0.6212,0.32329,0.80903,0.4388,0.37072,0.39636,0.25481,0.39682,0.34459,0.3509,0.21279,1.32308,2.84029,3.29602,1.29283,0.0091288,0.0091288,0.0091288
882,4053.56,0.41244,0.65286,0.32264,0.82772,0.44033,0.37232,0.38232,0.24678,0.39132,0.33786,0.33397,0.20794,1.33964,2.81701,3.29983,1.32693,0.00912781,0.00912781,0.00912781
883,4058.23,0.41907,0.5806,0.32031,0.81998,0.46747,0.3668,0.37042,0.24387,0.4605,0.3568,0.35797,0.21514,1.32572,2.8459,3.37685,1.32346,0.00912682,0.00912682,0.00912682
884,4062.88,0.41347,0.61018,0.32252,0.82157,0.4688,0.30191,0.3517,0.22483,0.41185,0.27721,0.32193,0.19566,1.3749,2.91045,3.56142,1.33846,0.00912583,0.00912583,0.00912583
885,4067.49,0.43077,0.59966,0.32908,0.82232,0.45695,0.29937,0.34827,0.2308,0.4839,0.30672,0.35785,0.2168,1.40164,2.92405,3.54798,1.3605,0.00912484,0.00912484,0.00912484
886,4072.13,0.41394,0.63778,0.32399,0.82279,0.44873,0.28287,0.33742,0.22231,0.45682,0.27103,0.33044,0.20625,1.44163,3.00099,3.59117,1.3879,0.00912385,0.00912385,0.00912385
887,4076.8,0.42324,0.6188,0.33035,0.82626,0.31207,0.46169,0.37503,0.24494,0.44055,0.28934,0.35126,0.22277,1.40684,3.08894,3.36894,1.38143,0.00912286,0.00912286,0.00912286
888,4081.48,0.40543,0.62367,0.31922,0.82075,0.43321,0.37892,0.38173,0.26106,0.43574,0.34829,0.36522,0.23229,1.33357,3.07129,3.28658,1.33934,0.00912187,0.00912187,0.00912187
889,4086.17,0.40848,0.59268,0.31739,0.82415,0.46893,0.36452,0.38875,0.2631,0.41611,0.33667,0.35509,0.22103,1.35007,3.05991,3.32484,1.34708,0.00912088,0.00912088,0.00912088
890,4090.82,0.41811,0.6092,0.3269,0.83846,0.50738,0.37441,0.37664,0.24804,0.47938,0.36706,0.36677,0.21865,1.3765,3.02947,3.4322,1.36326,0.00911989,0.00911989,0.00911989
891,4095.45,0.42947,0.6606,0.32574,0.82242,0.48932,0.34758,0.38272,0.24949,0.29312,0.49015,0.3522,0.21706,1.40761,2.99342,3.28292,1.39175,0.0091189,0.0091189,0.0091189
892,4100.11,0.4186,0.68595,0.3191,0.82911,0.41725,0.38025,0.37638,0.24116,0.38257,0.35219,0.34071,0.20694,1.41616,2.95829,3.1348,1.39933,0.00911791,0.00911791,0.00911791
893,4104.73,0.40044,0.66388,0.31369,0.81621,0.45855,0.38638,0.38396,0.24444,0.41184,0.35383,0.35183,0.21714,1.41755,2.94359,3.03378,1.40532,0.00911692,0.00911692,0.00911692
894,4109.39,0.42216,0.66664,0.32419,0.82426,0.466,0.40322,0.38996,0.24453,0.41113,0.37366,0.35398,0.21814,1.38545,2.85821,2.9753,1.3811,0.00911593,0.00911593,0.00911593
895,4114.04,0.40621,0.62436,0.31951,0.82074,0.44665,0.43793,0.40144,0.24992,0.3786,0.39587,0.35809,0.22797,1.32574,2.87796,3.03328,1.32456,0.00911494,0.00911494,0.00911494
896,4118.72,0.40592,0.62608,0.32861,0.81527,0.55005,0.37621,0.39841,0.24771,0.38836,0.37587,0.34914,0.21289,1.28214,2.84678,3.18745,1.2917,0.00911395,0.00911395,0.00911395
897,4123.36,0.40081,0.59286,0.31303,0.81931,0.60027,0.38215,0.40441,0.25851,0.405,0.39495,0.36717,0.23134,1.27141,2.77692,3.15931,1.28262,0.00911296,0.00911296,0.00911296
898,4128.02,0.41818,0.62692,0.33838,0.81627,0.48974,0.4222,0.41774,0.26851,0.49001,0.31661,0.3546,0.22526,1.3024,2.71952,3.04354,1.3088,0.00911197,0.00911197,0.00911197
899,4132.66,0.40719,0.61823,0.31182,0.81661,0.51414,0.42006,0.42873,0.27346,0.55501,0.32702,0.38758,0.24642,1.29743,2.81236,2.93831,1.30804,0.00911098,0.00911098,0.00911098
900,4137.31,0.40609,0.62604,0.31319,0.82216,0.47955,0.42408,0.43575,0.27829,0.63088,0.3226,0.40051,0.25602,1.29643,2.7885,2.93322,1.3085,0.00910999,0.00910999,0.00910999
901,4141.94,0.43918,0.63692,0.32931,0.82306,0.67685,0.33272,0.43308,0.2866,0.64625,0.32536,0.40596,0.25488,1.2642,2.78097,2.85231,1.32671,0.009109,0.009109,0.009109
902,4146.57,0.43178,0.64888,0.33142,0.82556,0.4886,0.40965,0.43582,0.29179,0.58393,0.34183,0.41287,0.25225,1.23791,2.83946,2.8814,1.33699,0.00910801,0.00910801,0.00910801
903,4151.19,0.41938,0.63824,0.31504,0.81335,0.55064,0.40814,0.42698,0.28339,0.57788,0.38601,0.42236,0.24853,1.31132,2.81467,2.87867,1.37542,0.00910702,0.00910702,0.00910702
904,4155.92,0.40479,0.59736,0.31187,0.81796,0.61224,0.39918,0.43607,0.28625,0.60552,0.38918,0.43325,0.25757,1.38984,2.86022,2.97839,1.41374,0.00910603,0.00910603,0.00910603
905,4160.56,0.4219,0.62902,0.33213,0.82835,0.62363,0.39405,0.43089,0.27552,0.60883,0.37426,0.41284,0.25565,1.38818,2.86497,3.0445,1.42656,0.00910504,0.00910504,0.00910504
906,4165.15,0.44513,0.63526,0.33601,0.81434,0.5878,0.38951,0.42953,0.2809,0.58079,0.37967,0.41808,0.24936,1.39009,2.82265,3.08436,1.43034,0.00910405,0.00910405,0.00910405
907,4169.81,0.41754,0.63178,0.30832,0.81371,0.57965,0.38262,0.45078,0.29489,0.55792,0.38343,0.42948,0.25386,1.35326,2.8472,3.03076,1.37574,0.00910306,0.00910306,0.00910306
908,4174.47,0.40096,0.60288,0.31296,0.8152,0.57622,0.38846,0.46031,0.30418,0.52901,0.39053,0.45439,0.26979,1.35883,2.82571,3.10733,1.36414,0.00910207,0.00910207,0.00910207
909,4179.12,0.39856,0.62024,0.31981,0.8232,0.5964,0.36944,0.45283,0.3078,0.48493,0.40014,0.44798,0.2759,1.34826,2.81939,3.08603,1.35501,0.00910108,0.00910108,0.00910108
910,4183.78,0.41875,0.60238,0.31607,0.82261,0.49739,0.4073,0.43767,0.28968,0.48889,0.39752,0.43506,0.26048,1.31855,2.76603,3.06534,1.30279,0.00910009,0.00910009,0.00910009
911,4188.49,0.41589,0.61364,0.31996,0.82084,0.50187,0.40002,0.44132,0.30636,0.47707,0.38267,0.4157,0.25131,1.30662,2.74357,3.10541,1.29737,0.0090991,0.0090991,0.0090991
912,4193.11,0.4229,0.61569,0.32538,0.81731,0.58938,0.39264,0.44284,0.30095,0.51061,0.3497,0.39693,0.24219,1.32322,2.78354,3.17083,1.32167,0.00909811,0.00909811,0.00909811
913,4197.71,0.41098,0.59155,0.31262,0.81354,0.55679,0.44004,0.45109,0.30068,0.50065,0.40629,0.4087,0.24318,1.33427,2.84416,3.07014,1.32981,0.00909712,0.00909712,0.00909712
914,4202.36,0.39768,0.59004,0.31289,0.80607,0.57121,0.45823,0.45601,0.30943,0.50558,0.42617,0.4161,0.24449,1.30658,2.903,2.85425,1.3187,0.00909613,0.00909613,0.00909613
915,4207.03,0.41673,0.60609,0.31858,0.82525,0.57164,0.44075,0.45515,0.30372,0.51468,0.41891,0.41308,0.23242,1.34246,2.89429,2.70419,1.33692,0.00909514,0.00909514,0.00909514
916,4211.69,0.43227,0.70648,0.33176,0.83228,0.52996,0.451,0.4535,0.3133,0.4955,0.42365,0.40886,0.2393,1.31624,2.9474,2.68217,1.33821,0.00909415,0.00909415,0.00909415
917,4216.38,0.39215,0.61596,0.318,0.82084,0.6056,0.42204,0.44362,0.29763,0.55226,0.39578,0.4028,0.23726,1.31981,2.98413,2.67479,1.34052,0.00909316,0.00909316,0.00909316
918,4221.06,0.43659,0.61266,0.33676,0.81414,0.57206,0.42937,0.45465,0.30104,0.47044,0.41855,0.41338,0.24443,1.3721,3.08298,2.54899,1.40004,0.00909217,0.00909217,0.00909217
919,4225.64,0.43307,0.62634,0.32525,0.82298,0.57758,0.42981,0.45544,0.31022,0.48648,0.41452,0.4185,0.23683,1.34805,3.10819,2.41216,1.40414,0.00909118,0.00909118,0.00909118
920,4230.31,0.40698,0.56583,0.31483,0.80901,0.60799,0.40989,0.45284,0.30096,0.46008,0.39207,0.41192,0.24085,1.35589,3.04628,2.42718,1.41638,0.00909019,0.00909019,0.00909019
921,4234.97,0.39088,0.60027,0.30945,0.82074,0.55369,0.43014,0.46583,0.31046,0.45275,0.39039,0.42183,0.24486,1.36019,3.06752,2.50706,1.41339,0.0090892,0.0090892,0.0090892
922,4239.62,0.40914,0.61864,0.32939,0.82193,0.567,0.43902,0.47483,0.31562,0.48795,0.39453,0.42541,0.26084,1.36094,3.09286,2.56118,1.41255,0.00908821,0.00908821,0.00908821
923,4244.28,0.37696,0.59002,0.30627,0.81061,0.54059,0.46317,0.4861,0.31548,0.45708,0.4322,0.4411,0.27018,1.37678,3.07292,2.4707,1.42952,0.00908722,0.00908722,0.00908722
924,4248.95,0.41924,0.6444,0.32612,0.84098,0.55637,0.47075,0.46794,0.30981,0.48416,0.44098,0.43428,0.26496,1.37067,3.06714,2.50609,1.44511,0.00908623,0.00908623,0.00908623
925,4253.58,0.38676,0.58967,0.30207,0.81415,0.55937,0.47634,0.4893,0.31357,0.48673,0.43632,0.42161,0.25996,1.37487,2.98996,2.43697,1.44447,0.00908524,0.00908524,0.00908524
926,4258.25,0.42076,0.59432,0.32632,0.83047,0.64564,0.39505,0.47192,0.30656,0.56124,0.42136,0.44758,0.26485,1.34202,2.97774,2.44793,1.40504,0.00908425,0.00908425,0.00908425
927,4262.89,0.39295,0.55701,0.3045,0.81738,0.61556,0.38042,0.45493,0.29601,0.55744,0.43772,0.43472,0.26562,1.31898,2.95574,2.43004,1.37786,0.00908326,0.00908326,0.00908326
928,4267.6,0.42255,0.60679,0.33589,0.81097,0.66796,0.36528,0.47186,0.2931,0.60924,0.34955,0.43501,0.24038,1.33328,2.95355,2.45812,1.39019,0.00908227,0.00908227,0.00908227
929,4272.22,0.43278,0.61302,0.34061,0.83017,0.574,0.44422,0.46695,0.29299,0.48799,0.40961,0.41464,0.24182,1.33192,2.90631,2.50125,1.37908,0.00908128,0.00908128,0.00908128
930,4276.89,0.41374,0.60521,0.3245,0.81743,0.51589,0.44884,0.45949,0.28321,0.43943,0.41533,0.42126,0.24611,1.36653,2.91766,2.63363,1.40682,0.00908029,0.00908029,0.00908029
931,4281.55,0.40809,0.5739,0.30788,0.82283,0.50998,0.45555,0.45325,0.28505,0.50162,0.36143,0.42048,0.24875,1.38548,2.93715,2.71624,1.40508,0.0090793,0.0090793,0.0090793
932,4286.2,0.40665,0.54987,0.30827,0.83592,0.53149,0.41272,0.45165,0.2917,0.47705,0.3945,0.42387,0.25638,1.36967,3.00965,2.79689,1.37842,0.00907831,0.00907831,0.00907831
933,4290.82,0.40869,0.59402,0.31991,0.82422,0.53409,0.42607,0.46046,0.29477,0.48867,0.40617,0.42581,0.25631,1.36786,2.99249,2.80947,1.36474,0.00907732,0.00907732,0.00907732
934,4295.48,0.41414,0.59525,0.32127,0.81562,0.51889,0.40451,0.44206,0.29066,0.47478,0.38452,0.40461,0.25047,1.36355,3.04613,2.79976,1.36234,0.00907633,0.00907633,0.00907633
935,4300.11,0.4102,0.5679,0.3152,0.82809,0.64432,0.36165,0.43902,0.28674,0.57787,0.3469,0.40484,0.25408,1.34833,2.99531,2.80411,1.34985,0.00907534,0.00907534,0.00907534
936,4304.78,0.41749,0.67913,0.31055,0.81309,0.59977,0.36551,0.43841,0.28329,0.54546,0.35098,0.41084,0.25247,1.35116,2.99909,2.83222,1.33732,0.00907435,0.00907435,0.00907435
937,4309.37,0.41805,0.5638,0.32133,0.83288,0.55896,0.35529,0.42637,0.27671,0.51786,0.34539,0.39537,0.24301,1.36006,3.01455,2.89418,1.32432,0.00907336,0.00907336,0.00907336
938,4314.03,0.42193,0.59191,0.31335,0.81792,0.48615,0.3844,0.4235,0.28339,0.47088,0.37185,0.40676,0.24473,1.37826,2.98472,2.9834,1.32678,0.00907237,0.00907237,0.00907237
939,4318.64,0.42398,0.62556,0.32225,0.8195,0.5061,0.40974,0.42697,0.27812,0.55043,0.32704,0.38619,0.2365,1.39164,2.93867,2.99563,1.33987,0.00907138,0.00907138,0.00907138
940,4323.3,0.40716,0.59566,0.31436,0.82194,0.54717,0.41258,0.44586,0.29517,0.50098,0.37269,0.39741,0.24565,1.36038,2.89341,2.8896,1.35178,0.00907039,0.00907039,0.00907039
941,4327.97,0.4164,0.5615,0.31626,0.8104,0.57239,0.38966,0.4446,0.28918,0.57004,0.347,0.41185,0.25527,1.36905,2.84301,2.92951,1.37249,0.0090694,0.0090694,0.0090694
942,4332.61,0.42872,0.61727,0.32876,0.83989,0.59821,0.37871,0.43901,0.29081,0.58965,0.3688,0.42138,0.25655,1.36292,2.79029,2.82471,1.37323,0.00906841,0.00906841,0.00906841
943,4337.25,0.43872,0.60491,0.33636,0.82777,0.58432,0.38749,0.43255,0.2925,0.51412,0.3402,0.37914,0.24159,1.35253,2.78178,2.76079,1.37663,0.00906742,0.00906742,0.00906742
944,4341.88,0.40475,0.60918,0.31876,0.81882,0.54992,0.40713,0.43179,0.29413,0.50668,0.36977,0.3799,0.24123,1.33148,2.84927,2.87828,1.36692,0.00906643,0.00906643,0.00906643
945,4346.51,0.42017,0.60855,0.31594,0.82293,0.54774,0.40252,0.43149,0.29223,0.50264,0.36517,0.37844,0.24578,1.32857,2.83405,2.94994,1.36671,0.00906544,0.00906544,0.00906544
946,4351.1,0.40425,0.60378,0.31905,0.82079,0.53411,0.37675,0.43075,0.28902,0.48558,0.34015,0.37424,0.23649,1.36188,2.83373,3.10467,1.39602,0.00906445,0.00906445,0.00906445
947,4355.73,0.42273,0.59776,0.32427,0.82069,0.51097,0.37064,0.42674,0.27957,0.463,0.33848,0.37709,0.23086,1.34268,2.79569,3.05467,1.37416,0.00906346,0.00906346,0.00906346
948,4360.38,0.40564,0.60458,0.30586,0.82143,0.49189,0.36689,0.40975,0.2723,0.45911,0.35473,0.38114,0.23158,1.35149,2.75612,2.99423,1.38149,0.00906247,0.00906247,0.00906247
949,4365.03,0.4162,0.64248,0.31658,0.81594,0.48081,0.3598,0.3978,0.25839,0.44031,0.33827,0.36328,0.22525,1.35729,2.73211,2.99185,1.38764,0.00906148,0.00906148,0.00906148
950,4369.71,0.40621,0.59562,0.33111,0.82491,0.43677,0.37258,0.39742,0.26357,0.40315,0.36042,0.37011,0.21947,1.35652,2.78317,3.0527,1.36262,0.00906049,0.00906049,0.00906049
951,4374.37,0.43213,0.62095,0.33424,0.82125,0.5386,0.34898,0.40069,0.26994,0.38794,0.32483,0.34624,0.21564,1.35917,2.79805,3.1147,1.35557,0.0090595,0.0090595,0.0090595
952,4379.06,0.42712,0.60615,0.31474,0.80898,0.50326,0.3784,0.39464,0.25943,0.45021,0.36033,0.3602,0.22476,1.38649,2.82192,3.01149,1.37594,0.00905851,0.00905851,0.00905851
953,4383.69,0.40604,0.56975,0.31577,0.8203,0.52794,0.37438,0.39092,0.2545,0.52794,0.37438,0.38164,0.22403,1.35049,2.81497,2.99585,1.35432,0.00905752,0.00905752,0.00905752
954,4388.36,0.39727,0.58812,0.31673,0.81646,0.49489,0.38331,0.37477,0.24961,0.46912,0.37231,0.365,0.21831,1.41869,2.82181,3.09892,1.41229,0.00905653,0.00905653,0.00905653
955,4393.03,0.4103,0.66052,0.30574,0.82485,0.47381,0.39027,0.38751,0.25375,0.50564,0.33493,0.36268,0.21136,1.37819,2.88466,3.16206,1.36838,0.00905554,0.00905554,0.00905554
956,4397.68,0.41047,0.58849,0.30716,0.82074,0.51069,0.38369,0.39213,0.25233,0.44392,0.35012,0.33885,0.21023,1.37867,2.86529,3.18508,1.38012,0.00905455,0.00905455,0.00905455
957,4402.31,0.44114,0.64695,0.33083,0.83159,0.51682,0.40478,0.4071,0.26689,0.4734,0.37958,0.36351,0.2234,1.34545,2.89347,3.18315,1.37137,0.00905356,0.00905356,0.00905356
958,4406.95,0.41498,0.5997,0.31568,0.81526,0.51028,0.39687,0.41336,0.27526,0.48666,0.3544,0.3725,0.2393,1.3312,2.91175,3.15221,1.34745,0.00905257,0.00905257,0.00905257
959,4411.62,0.41163,0.59132,0.31234,0.81511,0.51112,0.38521,0.41393,0.2711,0.51922,0.36862,0.38888,0.24043,1.30287,2.98179,3.11578,1.30854,0.00905158,0.00905158,0.00905158
960,4416.3,0.39312,0.54235,0.29886,0.81206,0.45932,0.45245,0.41706,0.26724,0.49661,0.37195,0.39308,0.24679,1.28435,2.91518,3.13661,1.28217,0.00905059,0.00905059,0.00905059
961,4420.92,0.39878,0.62268,0.31177,0.8083,0.51447,0.40013,0.41434,0.27209,0.5012,0.38532,0.39295,0.24011,1.2841,2.91733,3.0222,1.29062,0.0090496,0.0090496,0.0090496
962,4425.56,0.39969,0.61603,0.30175,0.82181,0.52143,0.40483,0.43981,0.29072,0.50147,0.38012,0.41238,0.25751,1.3034,2.97452,3.00294,1.3011,0.00904861,0.00904861,0.00904861
963,4430.25,0.40317,0.58314,0.31312,0.82286,0.38622,0.55703,0.44841,0.30581,0.36074,0.51793,0.41764,0.26024,1.33104,2.99494,3.14097,1.32097,0.00904762,0.00904762,0.00904762
964,4434.95,0.40267,0.57426,0.31465,0.81817,0.49125,0.41345,0.45037,0.31393,0.47336,0.38864,0.42952,0.26643,1.32776,3.01095,3.00917,1.33489,0.00904663,0.00904663,0.00904663
