epoch,time,train/box_loss,train/seg_loss,train/cls_loss,train/dfl_loss,metrics/precision(B),metrics/recall(B),metrics/mAP50(B),metrics/mAP50-95(B),metrics/precision(M),metrics/recall(M),metrics/mAP50(M),metrics/mAP50-95(M),val/box_loss,val/seg_loss,val/cls_loss,val/dfl_loss,lr/pg0,lr/pg1,lr/pg2
1,16.2764,1.8664,3.45589,6.04965,1.58767,0.27908,0.02273,0.0079,0.00536,0.27908,0.02273,0.00876,0.00402,2.0754,3.72173,5.18242,1.91353,0.0007,0.0007,0.0007
2,21.1995,1.57637,2.98501,4.44082,1.41802,0.42346,0.24719,0.15343,0.09787,0.37536,0.30021,0.14702,0.08956,1.27638,2.41261,4.03274,1.32701,0.00149985,0.00149985,0.00149985
3,26.0666,1.43144,2.44153,3.14838,1.31376,0.58264,0.32858,0.2832,0.19482,0.57786,0.32182,0.26867,0.17612,1.20659,2.26953,3.08854,1.25623,0.00229954,0.00229954,0.00229954
4,30.9015,1.319,2.33666,2.55244,1.22479,0.48381,0.33855,0.22151,0.14231,0.47021,0.31989,0.20569,0.12562,1.28638,2.16025,2.43928,1.26707,0.00309908,0.00309908,0.00309908
5,35.7132,1.19254,2.01105,2.13228,1.13695,0.42461,0.39825,0.19288,0.11816,0.42699,0.405,0.19471,0.10969,1.32591,2.10645,2.98474,1.24779,0.00389846,0.00389846,0.00389846
6,40.5243,1.16156,2.01412,2.05746,1.10308,0.5487,0.36051,0.35108,0.22351,0.55375,0.37187,0.36265,0.21316,1.27226,2.00937,2.17566,1.17076,0.00469767,0.00469767,0.00469767
7,45.3706,1.20408,2.08003,1.83484,1.13003,0.50799,0.4106,0.28879,0.17217,0.50799,0.4106,0.29463,0.16884,1.37057,2.05978,2.32047,1.21974,0.00549673,0.00549673,0.00549673
8,50.2241,1.24395,2.03538,1.86566,1.15747,0.37563,0.47554,0.38559,0.24671,0.28646,0.43109,0.35945,0.21638,1.21401,2.22007,2.79955,1.17477,0.00629563,0.00629563,0.00629563
9,55.0762,1.14884,1.92028,1.92454,1.0807,0.55548,0.37609,0.36916,0.2263,0.55089,0.36472,0.35773,0.20495,1.29274,2.24449,2.30451,1.18512,0.00709438,0.00709438,0.00709438
10,59.9007,1.17952,1.90728,1.79303,1.10348,0.15947,0.49954,0.23297,0.13087,0.15646,0.48574,0.22391,0.1202,1.3748,2.20258,2.81156,1.27798,0.00789296,0.00789296,0.00789296
11,64.7545,1.16697,1.84374,1.83158,1.06448,0.35803,0.3867,0.33375,0.18318,0.33551,0.35415,0.30505,0.16117,1.45648,2.78222,2.48571,1.29474,0.00869139,0.00869139,0.00869139
12,69.6613,1.2481,2.12062,1.68009,1.05673,0.24227,0.40814,0.27164,0.14916,0.21415,0.37563,0.26185,0.12371,1.62864,2.8083,2.40613,1.35411,0.00948965,0.00948965,0.00948965
13,74.5366,1.21818,2.26048,1.69651,1.10153,0.60034,0.33219,0.34403,0.18742,0.5927,0.3354,0.3366,0.17336,1.50176,2.35781,2.53237,1.27733,0.00998812,0.00998812,0.00998812
14,79.3769,1.24022,1.96157,1.77099,1.08327,0.51504,0.29915,0.34995,0.1972,0.50521,0.28779,0.34238,0.17875,1.39142,2.37555,2.4506,1.2572,0.00998713,0.00998713,0.00998713
15,84.2447,1.22805,2.09986,1.64284,1.07319,0.54133,0.3946,0.35048,0.23949,0.57961,0.38078,0.33239,0.21065,1.26069,2.47806,2.28133,1.20072,0.00998614,0.00998614,0.00998614
16,89.1221,1.17592,2.11994,1.50013,1.04903,0.3006,0.47486,0.34994,0.21326,0.30402,0.48636,0.34513,0.19102,1.39431,2.2976,3.57527,1.22903,0.00998515,0.00998515,0.00998515
17,94.0141,1.25401,2.03751,1.63052,1.05325,0.60006,0.24687,0.28936,0.17376,0.60006,0.24687,0.28583,0.14671,1.38259,2.3138,3.17734,1.2101,0.00998416,0.00998416,0.00998416
18,98.8864,1.25717,1.91883,1.64879,1.04707,0.44432,0.35409,0.23658,0.14845,0.44432,0.35409,0.23032,0.1279,1.43542,2.45327,2.54745,1.3228,0.00998317,0.00998317,0.00998317
19,103.775,1.15938,1.88358,1.41672,1.03181,0.35191,0.34547,0.39197,0.23607,0.26191,0.49734,0.38323,0.22036,1.40143,2.53374,2.0973,1.29373,0.00998218,0.00998218,0.00998218
20,108.666,1.16556,1.95027,1.46135,1.01842,0.34767,0.50123,0.39474,0.24256,0.33317,0.46562,0.36942,0.20475,1.48956,2.56645,2.04263,1.33653,0.00998119,0.00998119,0.00998119
21,113.587,1.18581,1.88333,1.30985,1.03711,0.43096,0.45677,0.40801,0.22097,0.3597,0.39227,0.35396,0.17321,1.60281,2.98728,2.18504,1.39065,0.0099802,0.0099802,0.0099802
22,118.48,1.16103,1.88216,1.18884,1.04908,0.5106,0.32001,0.26818,0.14494,0.50526,0.30816,0.26995,0.13186,1.63731,2.8389,3.26975,1.45367,0.00997921,0.00997921,0.00997921
23,123.37,1.23146,1.94915,1.33645,1.06678,0.30594,0.52497,0.35694,0.20304,0.303,0.52469,0.34486,0.18702,1.42814,2.62674,2.84941,1.3515,0.00997822,0.00997822,0.00997822
24,128.277,1.08701,1.76083,1.17858,0.99507,0.34765,0.46163,0.31497,0.17117,0.34283,0.44972,0.30275,0.16216,1.57528,2.57843,2.35355,1.45054,0.00997723,0.00997723,0.00997723
25,133.152,1.09231,1.74307,1.13566,1.02716,0.32011,0.48976,0.35518,0.20182,0.38046,0.3755,0.32749,0.18265,1.6082,2.73724,2.25777,1.46371,0.00997624,0.00997624,0.00997624
26,138.053,1.12481,1.58846,1.11066,1.04877,0.50134,0.42193,0.40352,0.24871,0.50134,0.42193,0.40057,0.23949,1.44213,2.59623,2.05158,1.34563,0.00997525,0.00997525,0.00997525
27,142.984,1.0277,1.67674,1.09146,0.99991,0.41987,0.39714,0.35084,0.22498,0.40829,0.40164,0.3648,0.20357,1.53328,2.57847,2.52218,1.40083,0.00997426,0.00997426,0.00997426
28,147.889,1.08771,1.73418,1.23454,1.01659,0.60088,0.3792,0.29584,0.17107,0.59463,0.35579,0.28789,0.16721,1.46583,2.34036,2.64865,1.35127,0.00997327,0.00997327,0.00997327
29,152.787,1.11167,1.7295,1.16783,1.01805,0.5848,0.34753,0.36673,0.22987,0.5848,0.34753,0.36675,0.23584,1.53548,2.6144,2.0647,1.41041,0.00997228,0.00997228,0.00997228
30,157.702,1.07157,1.69948,1.08184,1.01366,0.35934,0.52291,0.38342,0.22589,0.42083,0.42264,0.38046,0.23751,1.45096,2.30726,2.11221,1.34295,0.00997129,0.00997129,0.00997129
31,162.621,1.08686,1.68911,1.05408,1.0159,0.63598,0.37433,0.39827,0.23243,0.63012,0.36813,0.38002,0.24551,1.37807,2.31989,2.05463,1.32618,0.0099703,0.0099703,0.0099703
32,167.555,1.09658,1.84319,1.16557,1.04785,0.48732,0.45422,0.42558,0.25841,0.3722,0.52113,0.42257,0.24783,1.41487,2.42923,2.17202,1.30643,0.00996931,0.00996931,0.00996931
33,172.488,1.02711,1.67434,0.97193,0.99476,0.42078,0.59114,0.49518,0.29083,0.42548,0.59167,0.48252,0.26716,1.4126,2.73636,1.80573,1.31753,0.00996832,0.00996832,0.00996832
34,177.485,1.02354,1.61481,0.92218,0.98769,0.47095,0.45163,0.45863,0.2704,0.43659,0.4258,0.39372,0.20295,1.43661,3.03824,1.9855,1.33481,0.00996733,0.00996733,0.00996733
35,182.413,1.06362,1.68552,0.91859,0.99533,0.54723,0.45826,0.46961,0.28782,0.59083,0.43445,0.44142,0.24925,1.38174,2.5719,1.82292,1.30701,0.00996634,0.00996634,0.00996634
36,187.398,0.99338,1.50871,0.89166,0.97567,0.51224,0.42041,0.42975,0.27425,0.51161,0.41986,0.41771,0.25705,1.29686,2.68387,1.84392,1.21077,0.00996535,0.00996535,0.00996535
37,192.341,0.98001,1.58821,0.9267,0.97359,0.45377,0.39516,0.41098,0.23351,0.45632,0.39462,0.39832,0.21677,1.40806,2.83915,2.01132,1.26079,0.00996436,0.00996436,0.00996436
38,197.267,1.02137,1.5805,0.87211,0.98619,0.46305,0.37221,0.37484,0.22879,0.41303,0.41305,0.37726,0.20723,1.41933,2.61632,2.00311,1.29508,0.00996337,0.00996337,0.00996337
39,202.217,1.01104,1.58726,0.83601,0.98193,0.38333,0.4569,0.37378,0.21334,0.40077,0.45326,0.38474,0.21564,1.43687,2.68365,2.20273,1.33237,0.00996238,0.00996238,0.00996238
40,207.143,0.98301,1.518,0.84361,0.98963,0.46556,0.45541,0.41025,0.22629,0.46149,0.45909,0.41893,0.23933,1.50655,2.57036,2.15248,1.328,0.00996139,0.00996139,0.00996139
41,212.04,0.98111,1.5153,0.83129,0.98942,0.51171,0.40304,0.44179,0.28502,0.49335,0.40402,0.43045,0.26526,1.39199,2.61798,1.96584,1.27702,0.0099604,0.0099604,0.0099604
42,216.968,0.96835,1.54771,0.82664,0.98019,0.47111,0.45265,0.3658,0.21402,0.49361,0.43353,0.36385,0.21711,1.36589,2.4334,2.46786,1.28873,0.00995941,0.00995941,0.00995941
43,221.893,0.95271,1.47834,0.78555,0.95613,0.46402,0.48569,0.46106,0.29247,0.46402,0.48569,0.46549,0.26142,1.40428,2.45002,2.03451,1.30076,0.00995842,0.00995842,0.00995842
44,226.826,0.97476,1.50377,0.78672,0.97537,0.55901,0.43906,0.46585,0.28235,0.58163,0.41662,0.45406,0.26293,1.37957,2.54626,1.80315,1.29316,0.00995743,0.00995743,0.00995743
45,231.747,1.00043,1.55368,0.84457,0.98866,0.51624,0.42873,0.44881,0.27871,0.51396,0.3942,0.43401,0.26885,1.46152,2.64947,1.87808,1.39998,0.00995644,0.00995644,0.00995644
46,236.699,0.96688,1.54912,0.79509,0.98361,0.41612,0.39392,0.39865,0.25908,0.40832,0.43247,0.39925,0.24828,1.50725,2.57726,2.03158,1.43308,0.00995545,0.00995545,0.00995545
47,241.66,0.96558,1.60203,0.76101,0.98352,0.29529,0.49644,0.3655,0.22947,0.30495,0.50046,0.37133,0.23183,1.51082,2.54925,2.0037,1.41858,0.00995446,0.00995446,0.00995446
48,246.605,0.94429,1.4853,0.72666,0.9629,0.40414,0.47051,0.42066,0.26151,0.40684,0.45895,0.4223,0.25362,1.47371,2.44023,2.03194,1.40751,0.00995347,0.00995347,0.00995347
49,251.527,0.97174,1.41143,0.83918,0.9732,0.34459,0.4642,0.35504,0.21556,0.34294,0.46528,0.35975,0.22783,1.54169,2.43777,2.1418,1.43088,0.00995248,0.00995248,0.00995248
50,256.449,0.97256,1.50628,0.86464,0.98523,0.34172,0.39125,0.37459,0.22353,0.36643,0.50986,0.37411,0.22872,1.4148,2.30446,2.13403,1.35696,0.00995149,0.00995149,0.00995149
51,261.393,0.91295,1.46518,0.79067,0.95924,0.52683,0.42103,0.41548,0.25136,0.53242,0.42084,0.41174,0.22214,1.52287,2.332,1.96759,1.47367,0.0099505,0.0099505,0.0099505
52,266.316,0.90689,1.3733,0.72727,0.94921,0.51193,0.42027,0.40298,0.24842,0.50937,0.42108,0.40996,0.24189,1.48401,2.3535,2.06582,1.47056,0.00994951,0.00994951,0.00994951
53,271.24,0.9103,1.38956,0.73406,0.93771,0.51596,0.39274,0.39806,0.23424,0.54434,0.40663,0.3971,0.22758,1.49003,2.32195,2.15825,1.41062,0.00994852,0.00994852,0.00994852
54,276.181,0.9411,1.4611,0.7593,0.94168,0.48384,0.46818,0.42164,0.25148,0.47783,0.47655,0.4312,0.23414,1.41028,2.37697,1.98701,1.34952,0.00994753,0.00994753,0.00994753
55,281.108,0.92197,1.49657,0.74122,0.96534,0.44661,0.42315,0.35848,0.20337,0.43808,0.452,0.33988,0.19767,1.46249,2.55141,2.28764,1.39765,0.00994654,0.00994654,0.00994654
56,286.059,0.87463,1.35002,0.70236,0.93724,0.49264,0.44785,0.43491,0.25371,0.52789,0.41323,0.42528,0.23388,1.42506,2.75739,2.19535,1.35598,0.00994555,0.00994555,0.00994555
57,291.008,0.88958,1.42837,0.7206,0.9481,0.53668,0.47145,0.42363,0.25462,0.53827,0.48282,0.42854,0.24589,1.39917,2.67768,2.05412,1.31463,0.00994456,0.00994456,0.00994456
58,295.991,0.91807,1.37989,0.71157,0.94919,0.45158,0.53564,0.41219,0.25545,0.44345,0.52428,0.41391,0.22441,1.46449,2.84556,1.95285,1.37274,0.00994357,0.00994357,0.00994357
59,300.933,0.86906,1.4131,0.7123,0.95277,0.38261,0.5123,0.38945,0.25317,0.35935,0.49841,0.37536,0.22688,1.40718,2.76326,2.00451,1.32378,0.00994258,0.00994258,0.00994258
60,305.918,0.88886,1.35551,0.68738,0.95455,0.43986,0.43254,0.37952,0.22941,0.4131,0.41385,0.34762,0.19253,1.58071,2.91588,2.08068,1.46569,0.00994159,0.00994159,0.00994159
61,310.879,0.91242,1.41488,0.71557,0.96227,0.41613,0.49188,0.44198,0.26848,0.43168,0.4951,0.43054,0.23138,1.52339,2.91376,2.07742,1.39495,0.0099406,0.0099406,0.0099406
62,315.831,0.90142,1.40518,0.7621,0.94963,0.381,0.52505,0.39921,0.2409,0.35458,0.52307,0.39388,0.2213,1.42818,2.58198,2.21773,1.33727,0.00993961,0.00993961,0.00993961
63,320.782,0.9005,1.3206,0.72774,0.95234,0.41504,0.49739,0.41095,0.26346,0.3656,0.4588,0.38077,0.22872,1.37908,2.65968,2.0651,1.32172,0.00993862,0.00993862,0.00993862
64,325.737,0.8681,1.26945,0.69297,0.93238,0.42532,0.43597,0.39465,0.26692,0.40527,0.43091,0.37074,0.23816,1.39582,2.55297,2.01222,1.3633,0.00993763,0.00993763,0.00993763
65,330.733,0.92615,1.30044,0.70138,0.95307,0.43443,0.41698,0.39623,0.23772,0.41028,0.4366,0.37242,0.22634,1.45408,2.33914,2.26324,1.41051,0.00993664,0.00993664,0.00993664
66,335.689,0.89022,1.35054,0.70475,0.94866,0.53683,0.36919,0.39502,0.25693,0.46713,0.36106,0.37695,0.22972,1.29518,2.42257,2.11614,1.27848,0.00993565,0.00993565,0.00993565
67,340.618,0.87629,1.28046,0.70594,0.94981,0.50353,0.42248,0.40231,0.2666,0.49733,0.41061,0.39485,0.22699,1.34105,2.40177,2.23414,1.28823,0.00993466,0.00993466,0.00993466
68,345.607,0.8505,1.26027,0.68261,0.93559,0.5465,0.36781,0.37628,0.24415,0.57389,0.35548,0.35115,0.21156,1.32025,2.6411,2.25861,1.27283,0.00993367,0.00993367,0.00993367
69,350.544,0.8249,1.30395,0.66567,0.92465,0.54437,0.3513,0.36355,0.24343,0.53554,0.33939,0.34915,0.21701,1.34746,2.57415,2.34124,1.29673,0.00993268,0.00993268,0.00993268
70,355.484,0.86069,1.38819,0.66306,0.93094,0.62944,0.41352,0.41378,0.26489,0.62944,0.41352,0.40604,0.245,1.35527,2.62949,2.02781,1.31038,0.00993169,0.00993169,0.00993169
71,360.446,0.84484,1.28306,0.63428,0.91349,0.4876,0.45731,0.40278,0.24661,0.4646,0.43667,0.38752,0.22668,1.39749,2.61726,2.12142,1.35283,0.0099307,0.0099307,0.0099307
72,365.374,0.89115,1.26692,0.71819,0.95112,0.46835,0.43767,0.38736,0.25295,0.46487,0.45346,0.38411,0.23406,1.3022,2.31853,1.96812,1.27667,0.00992971,0.00992971,0.00992971
73,370.327,0.83922,1.34592,0.66169,0.95069,0.46191,0.45396,0.41377,0.26359,0.44094,0.44211,0.39984,0.25684,1.38606,2.37586,2.17936,1.35468,0.00992872,0.00992872,0.00992872
74,375.301,0.79651,1.24255,0.63446,0.92912,0.36987,0.49773,0.39449,0.25721,0.45406,0.42144,0.39931,0.24852,1.35068,2.26274,2.08178,1.32822,0.00992773,0.00992773,0.00992773
75,380.243,0.82128,1.31082,0.65369,0.93635,0.49661,0.43059,0.40578,0.27356,0.52749,0.47067,0.42227,0.24375,1.37976,2.56656,2.14859,1.31133,0.00992674,0.00992674,0.00992674
76,385.17,0.86147,1.27647,0.69144,0.93858,0.41122,0.42378,0.39341,0.26488,0.41448,0.44969,0.39785,0.24097,1.48466,2.71843,2.26823,1.36267,0.00992575,0.00992575,0.00992575
77,390.129,0.85328,1.27892,0.65394,0.93071,0.51257,0.39285,0.41284,0.27759,0.53046,0.40422,0.42762,0.26117,1.37496,2.27586,2.06784,1.28662,0.00992476,0.00992476,0.00992476
78,395.119,0.84326,1.33374,0.64949,0.9286,0.46808,0.47038,0.43433,0.27481,0.4533,0.46786,0.4295,0.25433,1.37236,2.28374,1.82202,1.30049,0.00992377,0.00992377,0.00992377
79,400.078,0.86141,1.30084,0.64729,0.93106,0.44514,0.4157,0.41893,0.25287,0.46133,0.42557,0.41058,0.24009,1.40401,2.36873,1.88477,1.35404,0.00992278,0.00992278,0.00992278
80,405.049,0.86866,1.30962,0.65513,0.95946,0.5776,0.4105,0.42446,0.26177,0.46236,0.44405,0.41716,0.24217,1.4609,2.47962,1.86542,1.38245,0.00992179,0.00992179,0.00992179
81,410.012,0.82322,1.18239,0.64451,0.92643,0.54526,0.4506,0.44678,0.27887,0.53738,0.43869,0.43877,0.25595,1.50456,2.50602,1.99762,1.40721,0.0099208,0.0099208,0.0099208
82,415.001,0.83649,1.35096,0.63063,0.90431,0.57585,0.46155,0.48869,0.30439,0.5537,0.47516,0.47787,0.28639,1.41806,2.33118,1.74841,1.36248,0.00991981,0.00991981,0.00991981
83,419.999,0.85391,1.27227,0.65113,0.93213,0.49889,0.49897,0.48085,0.29862,0.47308,0.5479,0.47317,0.29282,1.37246,2.40323,1.78129,1.33419,0.00991882,0.00991882,0.00991882
84,424.955,0.8139,1.19722,0.61112,0.92335,0.61396,0.42207,0.43714,0.27792,0.61583,0.41693,0.44162,0.26256,1.41968,2.40018,1.92664,1.37587,0.00991783,0.00991783,0.00991783
85,429.942,0.79771,1.28022,0.60597,0.92064,0.51891,0.46851,0.44399,0.25648,0.53137,0.43928,0.43911,0.2515,1.39346,2.3395,2.04719,1.37381,0.00991684,0.00991684,0.00991684
86,434.915,0.88625,1.43872,0.68985,0.94713,0.62794,0.42383,0.46835,0.2878,0.65763,0.40994,0.47211,0.28323,1.411,2.30585,1.8865,1.32422,0.00991585,0.00991585,0.00991585
87,439.9,0.82472,1.30062,0.60596,0.92797,0.53849,0.48013,0.50067,0.32353,0.57124,0.50311,0.51519,0.31067,1.32883,2.34186,1.85079,1.34194,0.00991486,0.00991486,0.00991486
88,444.91,0.84446,1.27562,0.61071,0.91337,0.38791,0.50238,0.43369,0.29307,0.49855,0.40911,0.45372,0.28347,1.30918,2.38228,2.13006,1.32174,0.00991387,0.00991387,0.00991387
89,449.911,0.84454,1.27197,0.63895,0.92421,0.50161,0.5035,0.45132,0.28753,0.50292,0.50813,0.45391,0.27602,1.30422,2.26925,1.81044,1.29992,0.00991288,0.00991288,0.00991288
90,454.894,0.83525,1.24068,0.61801,0.93414,0.40225,0.53809,0.43164,0.27029,0.42609,0.50456,0.44377,0.26898,1.37418,2.36194,1.85564,1.31089,0.00991189,0.00991189,0.00991189
91,459.86,0.82806,1.27223,0.59509,0.92064,0.39082,0.51591,0.42343,0.27405,0.38371,0.504,0.42428,0.27431,1.37153,2.39987,2.00674,1.31408,0.0099109,0.0099109,0.0099109
92,464.856,0.8238,1.31355,0.63923,0.92689,0.44471,0.51993,0.42536,0.26908,0.41956,0.50621,0.42217,0.2637,1.36825,2.33721,1.99558,1.32316,0.00990991,0.00990991,0.00990991
93,469.84,0.79435,1.17161,0.59959,0.92304,0.43832,0.62807,0.47515,0.31062,0.43768,0.64699,0.47865,0.29331,1.36618,2.31864,1.67929,1.34272,0.00990892,0.00990892,0.00990892
94,474.813,0.81913,1.23839,0.59986,0.92481,0.52245,0.38178,0.43775,0.28781,0.52245,0.38178,0.44144,0.2893,1.38331,2.31497,1.92056,1.35662,0.00990793,0.00990793,0.00990793
95,479.814,0.80114,1.23041,0.59014,0.92501,0.56235,0.44069,0.48365,0.31209,0.42421,0.56305,0.48662,0.30369,1.30916,2.28642,1.83888,1.23643,0.00990694,0.00990694,0.00990694
96,484.819,0.76471,1.25618,0.57992,0.90705,0.48997,0.54203,0.46063,0.2872,0.49723,0.54149,0.45654,0.29133,1.27961,2.24343,1.85337,1.24531,0.00990595,0.00990595,0.00990595
97,489.833,0.76043,1.2376,0.6285,0.92183,0.43962,0.53609,0.46881,0.30111,0.51964,0.5097,0.49704,0.30072,1.31847,2.16162,1.7221,1.28495,0.00990496,0.00990496,0.00990496
98,494.822,0.78305,1.1683,0.5922,0.9055,0.61518,0.39751,0.42793,0.26464,0.53522,0.37163,0.41315,0.2583,1.42516,2.30877,1.95525,1.31363,0.00990397,0.00990397,0.00990397
99,499.825,0.79161,1.13468,0.61942,0.92113,0.5557,0.39746,0.418,0.26653,0.43082,0.48014,0.42182,0.26451,1.33504,2.34019,2.15937,1.30234,0.00990298,0.00990298,0.00990298
100,504.792,0.78259,1.20739,0.62556,0.91331,0.48547,0.3625,0.40479,0.27453,0.42908,0.33472,0.37672,0.25167,1.30292,2.35766,2.22967,1.29415,0.00990199,0.00990199,0.00990199
101,509.789,0.74618,1.14755,0.5949,0.90329,0.48349,0.38557,0.45556,0.30136,0.46963,0.36451,0.43437,0.2843,1.34169,2.53102,2.03015,1.30287,0.009901,0.009901,0.009901
102,514.819,0.8218,1.26252,0.58979,0.92549,0.53324,0.39122,0.44404,0.28395,0.48107,0.4144,0.43583,0.27314,1.36396,2.58319,2.15233,1.35129,0.00990001,0.00990001,0.00990001
103,519.817,0.76353,1.14734,0.59165,0.90669,0.39925,0.55705,0.41008,0.25663,0.40367,0.56811,0.41169,0.24757,1.39158,2.52039,1.99926,1.37357,0.00989902,0.00989902,0.00989902
104,524.801,0.78087,1.18334,0.60108,0.91194,0.52231,0.44007,0.42281,0.27337,0.52231,0.44007,0.41251,0.25399,1.46462,2.51756,2.34549,1.40224,0.00989803,0.00989803,0.00989803
105,529.799,0.75801,1.17394,0.59599,0.9029,0.43796,0.38081,0.31437,0.19284,0.40336,0.36692,0.30729,0.19325,1.62799,2.78592,3.12623,1.5007,0.00989704,0.00989704,0.00989704
106,534.814,0.78129,1.14185,0.58728,0.91034,0.53218,0.46454,0.4519,0.27213,0.53218,0.46454,0.44652,0.26469,1.41748,2.54672,2.28215,1.3785,0.00989605,0.00989605,0.00989605
107,539.82,0.78741,1.15855,0.60585,0.9118,0.44501,0.51503,0.45477,0.27563,0.45122,0.5264,0.45169,0.26986,1.4813,2.61129,2.13847,1.42124,0.00989506,0.00989506,0.00989506
108,544.821,0.76415,1.12468,0.57968,0.90665,0.4066,0.45707,0.41563,0.27747,0.39349,0.45031,0.40448,0.26546,1.44126,2.70482,2.32133,1.38413,0.00989407,0.00989407,0.00989407
109,549.831,0.74467,1.07964,0.58045,0.9078,0.53267,0.40723,0.45277,0.30873,0.52231,0.39503,0.44775,0.28217,1.40519,2.40995,1.88879,1.39073,0.00989308,0.00989308,0.00989308
110,554.861,0.7327,1.13818,0.53539,0.90194,0.38486,0.43928,0.41092,0.25471,0.40771,0.46453,0.42123,0.2484,1.42889,2.29064,1.99009,1.36863,0.00989209,0.00989209,0.00989209
111,559.912,0.76255,1.18625,0.60275,0.89543,0.51173,0.52148,0.48619,0.30981,0.49002,0.50539,0.47046,0.3009,1.29244,2.27691,1.74806,1.31091,0.0098911,0.0098911,0.0098911
112,564.906,0.72024,1.13636,0.56219,0.89941,0.40885,0.50248,0.43733,0.28877,0.39775,0.50046,0.42593,0.26318,1.32449,2.38136,1.85332,1.28949,0.00989011,0.00989011,0.00989011
113,569.934,0.75805,1.1627,0.58705,0.90831,0.56289,0.56372,0.53652,0.34443,0.53915,0.54124,0.51895,0.32917,1.284,2.29605,1.60135,1.28148,0.00988912,0.00988912,0.00988912
114,574.963,0.77423,1.20441,0.60263,0.89752,0.38571,0.34109,0.35245,0.22372,0.38571,0.34109,0.35386,0.22423,1.50176,2.65148,2.48986,1.38747,0.00988813,0.00988813,0.00988813
115,579.982,0.73467,1.07668,0.54472,0.9002,0.52729,0.51157,0.50232,0.34667,0.53136,0.51778,0.50117,0.32999,1.27369,2.23769,1.76602,1.24105,0.00988714,0.00988714,0.00988714
116,584.974,0.75879,1.13229,0.56344,0.89562,0.52442,0.52321,0.50281,0.31583,0.5877,0.48741,0.50047,0.31985,1.34651,2.27217,1.78609,1.32098,0.00988615,0.00988615,0.00988615
117,589.989,0.78635,1.1568,0.59271,0.89881,0.42301,0.4882,0.46556,0.30442,0.42345,0.44576,0.45399,0.29654,1.31598,2.29309,2.07277,1.31414,0.00988516,0.00988516,0.00988516
118,595.017,0.73309,1.10627,0.554,0.89693,0.42072,0.54969,0.47066,0.31219,0.4262,0.55168,0.47158,0.30651,1.33856,2.24458,1.81393,1.3196,0.00988417,0.00988417,0.00988417
119,600.056,0.76411,1.16494,0.55432,0.89859,0.50475,0.43853,0.47375,0.31003,0.45566,0.44399,0.45721,0.27924,1.37622,2.36017,2.08757,1.33448,0.00988318,0.00988318,0.00988318
120,605.074,0.71357,1.12783,0.54977,0.8936,0.5202,0.50632,0.49357,0.33159,0.52398,0.52111,0.48136,0.30589,1.25246,2.15223,1.66405,1.28651,0.00988219,0.00988219,0.00988219
121,610.103,0.77712,1.07842,0.57791,0.89857,0.43842,0.48489,0.41599,0.2879,0.43872,0.48364,0.42665,0.27063,1.27966,2.18746,1.90188,1.29261,0.0098812,0.0098812,0.0098812
122,615.109,0.70122,1.07481,0.53978,0.88783,0.52266,0.39413,0.46354,0.31825,0.57448,0.41747,0.48619,0.28591,1.28395,2.22282,1.95149,1.28394,0.00988021,0.00988021,0.00988021
123,620.128,0.74337,1.12238,0.56827,0.91193,0.4563,0.48857,0.46323,0.32165,0.47764,0.51383,0.47602,0.28534,1.2971,2.21697,1.80495,1.29906,0.00987922,0.00987922,0.00987922
124,625.142,0.75504,1.10131,0.57668,0.89703,0.56108,0.41128,0.47963,0.32161,0.62418,0.42969,0.52022,0.3039,1.34461,2.18823,1.74026,1.32635,0.00987823,0.00987823,0.00987823
125,630.163,0.75203,1.11996,0.55418,0.88423,0.44212,0.47892,0.4663,0.32746,0.46973,0.50417,0.50677,0.30143,1.28289,2.22167,1.75918,1.26656,0.00987724,0.00987724,0.00987724
126,635.207,0.72292,1.11276,0.52882,0.89204,0.42982,0.48699,0.44288,0.29972,0.43676,0.48881,0.45605,0.28639,1.28288,2.36024,1.81937,1.23919,0.00987625,0.00987625,0.00987625
127,640.225,0.74559,1.15481,0.54205,0.88867,0.4475,0.49826,0.45122,0.30648,0.42649,0.47875,0.46321,0.30686,1.31078,2.43675,1.803,1.25379,0.00987526,0.00987526,0.00987526
128,645.214,0.72187,1.08528,0.56285,0.89413,0.43361,0.42289,0.43034,0.30597,0.42252,0.41444,0.42861,0.29489,1.25564,2.43189,2.17992,1.22415,0.00987427,0.00987427,0.00987427
129,650.208,0.73089,1.12224,0.54964,0.89686,0.67041,0.36703,0.44842,0.30989,0.65005,0.35542,0.42867,0.29232,1.22735,2.5003,2.13726,1.20438,0.00987328,0.00987328,0.00987328
130,655.232,0.75117,1.13443,0.57656,0.88242,0.47685,0.42576,0.42159,0.29385,0.48695,0.38855,0.40918,0.27317,1.22629,2.4117,2.0522,1.22044,0.00987229,0.00987229,0.00987229
131,660.237,0.73705,1.1426,0.54524,0.90325,0.53749,0.41763,0.49376,0.33478,0.58222,0.43152,0.50479,0.28966,1.28782,2.34018,1.81527,1.25842,0.0098713,0.0098713,0.0098713
132,665.27,0.73454,1.0945,0.55848,0.90243,0.47236,0.41996,0.41219,0.26575,0.47236,0.41996,0.41548,0.23684,1.33956,2.43918,2.08152,1.29841,0.00987031,0.00987031,0.00987031
133,670.269,0.73445,1.1115,0.55853,0.8944,0.6826,0.35307,0.41391,0.29083,0.6826,0.35307,0.42298,0.26525,1.32319,2.52138,2.03254,1.29838,0.00986932,0.00986932,0.00986932
134,675.284,0.75159,1.15126,0.56794,0.92035,0.49756,0.4653,0.45722,0.31658,0.51782,0.4941,0.46399,0.28204,1.38414,2.60008,1.88798,1.33197,0.00986833,0.00986833,0.00986833
135,680.319,0.71277,1.11948,0.54215,0.88102,0.43468,0.50915,0.46264,0.31857,0.57142,0.39822,0.44968,0.29321,1.30301,2.503,1.84545,1.28509,0.00986734,0.00986734,0.00986734
136,685.354,0.73087,1.10591,0.5418,0.90307,0.39633,0.5645,0.44954,0.31478,0.42176,0.51212,0.45047,0.28164,1.34496,2.46775,1.87055,1.28995,0.00986635,0.00986635,0.00986635
137,690.388,0.73117,1.12444,0.55218,0.886,0.48511,0.38822,0.39978,0.29312,0.48511,0.38822,0.40075,0.25229,1.31906,2.55389,2.11605,1.25987,0.00986536,0.00986536,0.00986536
138,695.41,0.74102,1.04268,0.53945,0.89238,0.523,0.43828,0.43245,0.29063,0.54863,0.45217,0.44429,0.26878,1.23435,2.55204,1.91877,1.23995,0.00986437,0.00986437,0.00986437
139,700.468,0.72955,1.09078,0.52866,0.89848,0.52964,0.4334,0.41042,0.27343,0.51006,0.42037,0.39922,0.23386,1.30553,2.4999,2.1175,1.26804,0.00986338,0.00986338,0.00986338
140,705.475,0.71105,1.05751,0.53584,0.89358,0.3891,0.4426,0.41296,0.29245,0.38402,0.43978,0.40257,0.26472,1.33739,2.64514,2.27323,1.26917,0.00986239,0.00986239,0.00986239
141,710.52,0.67962,1.03041,0.50455,0.8787,0.40691,0.4176,0.40566,0.29299,0.52098,0.38965,0.41002,0.27215,1.2439,2.64487,2.1159,1.22939,0.0098614,0.0098614,0.0098614
142,715.532,0.71084,1.02601,0.52671,0.8927,0.49975,0.38434,0.40301,0.28349,0.52775,0.39021,0.39822,0.27226,1.45828,2.84751,2.46588,1.33626,0.00986041,0.00986041,0.00986041
143,720.575,0.72101,1.07108,0.54106,0.89234,0.41717,0.28533,0.32068,0.23086,0.53235,0.29922,0.34118,0.24054,1.52454,2.81304,3.02246,1.41599,0.00985942,0.00985942,0.00985942
144,725.586,0.71418,1.09263,0.56147,0.8952,0.3015,0.27356,0.28707,0.20092,0.56316,0.25077,0.30643,0.21759,1.41669,2.59103,3.07962,1.32804,0.00985843,0.00985843,0.00985843
145,730.623,0.67207,1.03592,0.55279,0.8749,0.51488,0.41578,0.40171,0.27224,0.46094,0.46376,0.40496,0.27783,1.37228,2.42906,1.96617,1.34513,0.00985744,0.00985744,0.00985744
146,735.675,0.73447,1.08045,0.54662,0.89861,0.45054,0.47091,0.44162,0.31438,0.4553,0.46802,0.43088,0.29071,1.28246,2.3431,1.70394,1.31703,0.00985645,0.00985645,0.00985645
147,740.721,0.72199,1.07118,0.54436,0.87486,0.38278,0.49776,0.45069,0.32599,0.3826,0.49526,0.44515,0.29689,1.2851,2.37964,1.87667,1.29517,0.00985546,0.00985546,0.00985546
148,745.756,0.69294,1.07374,0.51052,0.89001,0.41457,0.51087,0.45792,0.33307,0.40777,0.49897,0.45254,0.31595,1.26174,2.39599,1.86233,1.28856,0.00985447,0.00985447,0.00985447
149,750.807,0.74139,1.14871,0.52915,0.8869,0.39709,0.51998,0.4452,0.31187,0.39709,0.51998,0.44691,0.30307,1.2795,2.40869,1.71964,1.34874,0.00985348,0.00985348,0.00985348
150,755.875,0.69471,1.04441,0.51189,0.8673,0.42969,0.51624,0.47099,0.32423,0.47845,0.44852,0.46055,0.31434,1.25382,2.33506,1.66192,1.32319,0.00985249,0.00985249,0.00985249
151,760.871,0.73113,1.02155,0.55612,0.89193,0.45636,0.49868,0.45005,0.3161,0.4652,0.51092,0.46434,0.29171,1.24932,2.29874,1.76476,1.31882,0.0098515,0.0098515,0.0098515
152,765.92,0.7247,1.01522,0.5646,0.89279,0.43844,0.45463,0.4339,0.30845,0.44742,0.46517,0.43757,0.28956,1.28761,2.14294,2.03854,1.31526,0.00985051,0.00985051,0.00985051
153,770.967,0.68355,1.05288,0.51484,0.88587,0.51445,0.46397,0.44217,0.29133,0.49684,0.45801,0.43573,0.28621,1.32862,2.1761,1.9168,1.29281,0.00984952,0.00984952,0.00984952
154,776.006,0.67563,1.02377,0.51703,0.90355,0.45558,0.45924,0.45229,0.3002,0.40952,0.43223,0.43557,0.28977,1.42439,2.25812,2.03707,1.35855,0.00984853,0.00984853,0.00984853
155,781.026,0.72828,1.0784,0.52252,0.88906,0.42956,0.51532,0.48671,0.32537,0.42725,0.51687,0.47433,0.3121,1.3397,2.29318,2.06517,1.29019,0.00984754,0.00984754,0.00984754
156,786.08,0.67697,0.99988,0.50636,0.87689,0.56976,0.45031,0.4874,0.32296,0.52382,0.42989,0.46346,0.31364,1.3512,2.39145,2.0726,1.2924,0.00984655,0.00984655,0.00984655
157,791.088,0.67534,1.03286,0.51805,0.88667,0.55666,0.47875,0.47827,0.31627,0.50759,0.4462,0.45135,0.29022,1.35287,2.55367,2.05758,1.3042,0.00984556,0.00984556,0.00984556
158,796.129,0.68835,1.06174,0.5002,0.88862,0.43482,0.60014,0.47716,0.30706,0.40255,0.54997,0.44269,0.28308,1.31811,2.69582,2.08166,1.27641,0.00984457,0.00984457,0.00984457
159,801.167,0.69349,1.05101,0.51189,0.87853,0.44793,0.51128,0.44119,0.29598,0.42086,0.4766,0.41897,0.26651,1.2945,2.63075,2.097,1.26183,0.00984358,0.00984358,0.00984358
160,806.244,0.70576,1.06693,0.50059,0.88346,0.4517,0.54288,0.44633,0.29466,0.44811,0.54749,0.45505,0.26147,1.35354,2.59945,2.11753,1.30046,0.00984259,0.00984259,0.00984259
161,811.288,0.69567,1.07867,0.50554,0.8814,0.39888,0.44986,0.4303,0.28744,0.41128,0.51655,0.43685,0.26971,1.36025,2.49252,2.19264,1.30275,0.0098416,0.0098416,0.0098416
162,816.33,0.67478,0.97436,0.50492,0.88348,0.51158,0.40122,0.42256,0.28514,0.49451,0.38256,0.40973,0.26292,1.33003,2.56781,2.31927,1.25043,0.00984061,0.00984061,0.00984061
163,821.372,0.70438,1.07316,0.51197,0.89137,0.46403,0.46418,0.47934,0.32231,0.5077,0.43555,0.47386,0.31933,1.28179,2.53738,1.95857,1.2555,0.00983962,0.00983962,0.00983962
164,826.402,0.66184,1.08546,0.50171,0.89814,0.50799,0.49156,0.47303,0.31971,0.54399,0.48679,0.4771,0.31186,1.33888,2.5392,1.97561,1.30756,0.00983863,0.00983863,0.00983863
165,831.433,0.7014,1.05412,0.51593,0.87822,0.49592,0.46365,0.4718,0.32727,0.59574,0.4536,0.46857,0.30276,1.32805,2.57371,1.96905,1.2812,0.00983764,0.00983764,0.00983764
166,836.498,0.68092,1.03747,0.48775,0.88703,0.49915,0.44964,0.4436,0.30998,0.4896,0.43774,0.42593,0.28943,1.34819,2.48137,1.89438,1.31189,0.00983665,0.00983665,0.00983665
167,841.521,0.69684,1.07004,0.50956,0.88572,0.42416,0.49162,0.42334,0.30722,0.42072,0.49883,0.42731,0.27984,1.34178,2.45992,2.02407,1.315,0.00983566,0.00983566,0.00983566
168,846.56,0.72125,1.17164,0.57463,0.90979,0.45483,0.4587,0.42057,0.28685,0.42743,0.46575,0.42054,0.27683,1.33789,2.3995,1.96703,1.3371,0.00983467,0.00983467,0.00983467
169,851.601,0.69062,1.10266,0.51363,0.89053,0.41422,0.47757,0.42915,0.30424,0.43847,0.50282,0.4448,0.27862,1.34944,2.23398,2.07876,1.32366,0.00983368,0.00983368,0.00983368
170,856.648,0.65749,0.99963,0.48595,0.87816,0.35996,0.51052,0.39509,0.27254,0.36767,0.52036,0.40988,0.26287,1.38194,2.23672,2.31742,1.3205,0.00983269,0.00983269,0.00983269
171,861.707,0.70371,1.00249,0.51543,0.88056,0.43737,0.39553,0.41407,0.30164,0.42563,0.38362,0.41262,0.26755,1.24575,2.1681,2.1348,1.24572,0.0098317,0.0098317,0.0098317
172,866.741,0.68903,1.01112,0.53593,0.87624,0.42526,0.51918,0.4426,0.31957,0.41698,0.50766,0.43941,0.29201,1.25583,2.19264,1.95361,1.24249,0.00983071,0.00983071,0.00983071
173,871.755,0.66193,1.00302,0.50957,0.86633,0.4762,0.43572,0.43062,0.29829,0.49153,0.41202,0.4236,0.28618,1.27074,2.38709,2.04034,1.25679,0.00982972,0.00982972,0.00982972
174,876.779,0.66899,0.99139,0.48288,0.87706,0.42692,0.49313,0.42446,0.2884,0.40689,0.47265,0.41431,0.25464,1.30999,2.58573,2.01335,1.27847,0.00982873,0.00982873,0.00982873
175,881.785,0.65349,0.98368,0.46966,0.87143,0.3723,0.43505,0.39146,0.26288,0.33376,0.46453,0.38739,0.25003,1.3569,2.60888,2.11283,1.31606,0.00982774,0.00982774,0.00982774
176,886.841,0.65992,1.04588,0.48987,0.88847,0.51417,0.36783,0.39336,0.2739,0.51417,0.36783,0.38537,0.25064,1.29792,2.53701,2.15779,1.27555,0.00982675,0.00982675,0.00982675
177,891.875,0.66327,1.06487,0.49213,0.88233,0.45743,0.39836,0.39108,0.27522,0.40767,0.43636,0.39408,0.25013,1.33958,2.52731,2.1411,1.30707,0.00982576,0.00982576,0.00982576
178,896.919,0.65623,1.00351,0.47921,0.8583,0.49549,0.40868,0.45501,0.30541,0.49549,0.40868,0.45832,0.28983,1.32633,2.37083,2.01468,1.31491,0.00982477,0.00982477,0.00982477
179,901.986,0.66654,0.98737,0.51624,0.87253,0.51085,0.37832,0.39339,0.25666,0.4039,0.5447,0.40837,0.24152,1.37653,2.27074,2.01464,1.33288,0.00982378,0.00982378,0.00982378
180,907.012,0.68589,1.03808,0.52423,0.87586,0.4285,0.47937,0.44052,0.27913,0.51286,0.4265,0.4425,0.279,1.38682,2.28972,1.9561,1.34542,0.00982279,0.00982279,0.00982279
181,912.083,0.66425,1.03244,0.48844,0.87393,0.566,0.34117,0.42489,0.27819,0.42226,0.41296,0.43366,0.27525,1.43542,2.27542,2.19712,1.37132,0.0098218,0.0098218,0.0098218
182,917.153,0.64676,1.01394,0.47008,0.86529,0.37584,0.46935,0.40935,0.27454,0.37119,0.46883,0.40522,0.26464,1.43242,2.324,2.3721,1.37208,0.00982081,0.00982081,0.00982081
183,922.19,0.64482,1.01747,0.49412,0.87833,0.4248,0.48742,0.45446,0.29647,0.40866,0.46361,0.43535,0.29499,1.35799,2.38959,2.25083,1.34133,0.00981982,0.00981982,0.00981982
184,927.251,0.65883,1.00091,0.48692,0.87323,0.29302,0.40628,0.33861,0.21439,0.35122,0.4063,0.33875,0.21947,1.51136,2.43497,2.69892,1.41484,0.00981883,0.00981883,0.00981883
185,932.279,0.60763,0.99256,0.45412,0.86936,0.46473,0.46233,0.42306,0.29144,0.46633,0.48781,0.4229,0.26569,1.31021,2.32838,2.21266,1.31451,0.00981784,0.00981784,0.00981784
186,937.326,0.6564,0.95074,0.48072,0.86267,0.44885,0.45489,0.41484,0.29384,0.45042,0.44117,0.40795,0.26777,1.29231,2.40991,2.2989,1.30092,0.00981685,0.00981685,0.00981685
187,942.362,0.67888,1.00617,0.5078,0.87927,0.38659,0.46748,0.39636,0.26653,0.37487,0.45525,0.3755,0.24969,1.41959,2.52913,2.39189,1.3573,0.00981586,0.00981586,0.00981586
188,947.37,0.67392,0.96985,0.51156,0.88996,0.54916,0.36843,0.43069,0.30475,0.38921,0.4611,0.41373,0.26983,1.31981,2.45682,2.25241,1.31461,0.00981487,0.00981487,0.00981487
189,952.405,0.65069,1.01436,0.49687,0.87466,0.58653,0.34781,0.38515,0.26147,0.43489,0.40443,0.3734,0.24082,1.41405,2.5237,2.44263,1.34459,0.00981388,0.00981388,0.00981388
190,957.449,0.66372,0.97425,0.4896,0.88035,0.51828,0.37441,0.39207,0.26984,0.51828,0.37441,0.39039,0.23921,1.40016,2.48621,2.29072,1.35504,0.00981289,0.00981289,0.00981289
191,962.517,0.6585,0.95354,0.48992,0.8731,0.40392,0.53064,0.41619,0.27544,0.41841,0.5198,0.40739,0.24136,1.30225,2.47815,2.04784,1.3422,0.0098119,0.0098119,0.0098119
192,967.544,0.67358,1.11908,0.51545,0.8996,0.44209,0.52651,0.44091,0.29313,0.43146,0.51406,0.42339,0.27881,1.32039,2.63357,2.03553,1.34367,0.00981091,0.00981091,0.00981091
193,972.593,0.62249,0.96624,0.48296,0.86697,0.58484,0.36653,0.4508,0.3024,0.4742,0.46953,0.47206,0.30348,1.31309,2.57498,2.0283,1.32482,0.00980992,0.00980992,0.00980992
194,977.654,0.65883,1.05256,0.49363,0.88125,0.47363,0.45472,0.45004,0.30728,0.47372,0.45791,0.44654,0.3027,1.37967,2.58359,2.15586,1.3672,0.00980893,0.00980893,0.00980893
195,982.699,0.64909,1.00653,0.48237,0.86538,0.62753,0.41644,0.43829,0.29671,0.62639,0.41664,0.43699,0.26877,1.31729,2.53657,2.23242,1.30783,0.00980794,0.00980794,0.00980794
196,987.747,0.65071,0.98459,0.47958,0.87318,0.46181,0.52429,0.43355,0.28238,0.4992,0.54578,0.44704,0.28821,1.38715,2.41972,2.36083,1.36631,0.00980695,0.00980695,0.00980695
197,992.738,0.59268,0.9095,0.46864,0.86032,0.46767,0.49731,0.41627,0.27682,0.53458,0.47079,0.42932,0.26657,1.49815,2.5017,2.34945,1.40306,0.00980596,0.00980596,0.00980596
198,997.783,0.67826,1.05521,0.49693,0.88336,0.42145,0.52587,0.45276,0.29017,0.42363,0.47284,0.41835,0.28332,1.32223,2.52463,2.11406,1.31723,0.00980497,0.00980497,0.00980497
199,1002.83,0.66834,1.05545,0.49152,0.8869,0.5031,0.51679,0.44356,0.28918,0.53938,0.51805,0.45147,0.27628,1.32416,2.57616,2.17817,1.30471,0.00980398,0.00980398,0.00980398
200,1007.85,0.66386,0.9168,0.49068,0.86801,0.43707,0.44388,0.36211,0.22865,0.44378,0.42887,0.35667,0.2245,1.41238,2.66669,2.54339,1.33447,0.00980299,0.00980299,0.00980299
201,1012.91,0.62876,0.95522,0.46719,0.85466,0.42321,0.4647,0.4072,0.26381,0.41966,0.4574,0.39833,0.26348,1.39753,2.62527,2.51445,1.3217,0.009802,0.009802,0.009802
202,1017.99,0.64387,0.98554,0.46236,0.85733,0.48453,0.42293,0.39224,0.25389,0.46439,0.40427,0.38961,0.24834,1.37327,2.62466,2.33894,1.3166,0.00980101,0.00980101,0.00980101
203,1023.04,0.65394,0.99704,0.4967,0.87024,0.4118,0.50304,0.43625,0.29794,0.4095,0.5025,0.4424,0.28533,1.32038,2.56026,2.22701,1.28598,0.00980002,0.00980002,0.00980002
204,1028.06,0.65445,1.0877,0.49125,0.86113,0.46464,0.4342,0.44554,0.30091,0.46478,0.43734,0.45107,0.28787,1.35023,2.57563,2.31638,1.30107,0.00979903,0.00979903,0.00979903
205,1033.13,0.63135,0.95885,0.46049,0.86042,0.5079,0.42999,0.48104,0.32982,0.42397,0.52735,0.48552,0.31316,1.33778,2.54554,2.05538,1.28224,0.00979804,0.00979804,0.00979804
206,1038.17,0.68097,1.03553,0.50745,0.87604,0.56149,0.45336,0.48923,0.32903,0.54806,0.44146,0.48834,0.30737,1.25659,2.55506,1.93686,1.25628,0.00979705,0.00979705,0.00979705
207,1043.25,0.63346,0.95974,0.48717,0.86157,0.67012,0.40001,0.49933,0.33619,0.64901,0.38837,0.48422,0.31148,1.25395,2.57499,2.01057,1.22872,0.00979606,0.00979606,0.00979606
208,1048.34,0.63967,0.89975,0.46645,0.87713,0.5912,0.41709,0.48419,0.30872,0.47409,0.45211,0.44812,0.27722,1.31126,2.66469,2.0176,1.27042,0.00979507,0.00979507,0.00979507
209,1053.4,0.64603,0.89916,0.46269,0.8648,0.60045,0.47887,0.51032,0.32866,0.55142,0.45469,0.45826,0.29861,1.34434,2.66873,1.97726,1.31483,0.00979408,0.00979408,0.00979408
210,1058.45,0.66982,0.94322,0.49488,0.86723,0.53792,0.4819,0.50057,0.32123,0.53993,0.48136,0.48551,0.30442,1.32055,2.70608,2.00454,1.31898,0.00979309,0.00979309,0.00979309
211,1063.51,0.65291,0.97992,0.49462,0.8618,0.63722,0.45647,0.49147,0.32824,0.6427,0.45999,0.49485,0.31324,1.27591,2.64537,2.01291,1.27291,0.0097921,0.0097921,0.0097921
212,1068.54,0.60403,0.92211,0.44761,0.86671,0.61744,0.44958,0.47834,0.31582,0.60291,0.43768,0.44695,0.27547,1.29342,2.64433,1.97041,1.28044,0.00979111,0.00979111,0.00979111
213,1073.6,0.60506,0.89106,0.44272,0.86106,0.49257,0.48157,0.46423,0.30285,0.48297,0.4699,0.44462,0.28348,1.27221,2.58959,1.95009,1.28039,0.00979012,0.00979012,0.00979012
214,1078.63,0.62479,0.92278,0.44926,0.86119,0.56972,0.40121,0.4565,0.30924,0.59003,0.4043,0.44921,0.30247,1.29769,2.46172,2.0294,1.30261,0.00978913,0.00978913,0.00978913
215,1083.69,0.63166,1.017,0.46658,0.86892,0.62406,0.4029,0.46273,0.33272,0.61309,0.39124,0.45694,0.30957,1.26035,2.40646,1.97697,1.27275,0.00978814,0.00978814,0.00978814
216,1088.73,0.6192,0.96522,0.4609,0.86836,0.69391,0.40291,0.46003,0.31349,0.67942,0.39101,0.45692,0.29814,1.31328,2.3458,2.0126,1.29977,0.00978715,0.00978715,0.00978715
217,1093.77,0.64466,0.94586,0.48156,0.8708,0.55439,0.41119,0.43296,0.3043,0.41094,0.49741,0.41705,0.28367,1.31745,2.34919,2.10298,1.31103,0.00978616,0.00978616,0.00978616
218,1098.84,0.64606,0.94402,0.48119,0.8592,0.61143,0.44351,0.45902,0.32339,0.60053,0.4316,0.43649,0.30701,1.28713,2.32406,2.09115,1.30745,0.00978517,0.00978517,0.00978517
219,1103.87,0.64115,0.95002,0.49408,0.87366,0.53055,0.46868,0.47494,0.33197,0.47292,0.4496,0.43383,0.305,1.29494,2.43888,2.00804,1.305,0.00978418,0.00978418,0.00978418
220,1108.92,0.64838,0.92014,0.48332,0.86956,0.46339,0.41781,0.42354,0.2935,0.39887,0.45809,0.40455,0.27385,1.30189,2.49988,1.96854,1.30431,0.00978319,0.00978319,0.00978319
221,1113.98,0.63636,0.91536,0.47578,0.85998,0.59704,0.4454,0.45953,0.31495,0.56741,0.40427,0.43683,0.29035,1.3005,2.57685,1.96581,1.3198,0.0097822,0.0097822,0.0097822
222,1119.06,0.6529,0.94759,0.45653,0.8505,0.66502,0.42593,0.48645,0.32596,0.57284,0.4204,0.458,0.30999,1.34957,2.71601,2.07093,1.34119,0.00978121,0.00978121,0.00978121
223,1124.13,0.61644,0.95233,0.4531,0.85776,0.57216,0.40304,0.45957,0.28799,0.53808,0.38915,0.43117,0.28991,1.4001,2.93061,2.28107,1.36076,0.00978022,0.00978022,0.00978022
224,1129.19,0.59707,0.91598,0.46048,0.86143,0.58582,0.43045,0.4579,0.32524,0.52919,0.41862,0.42571,0.29907,1.30453,2.66679,2.30096,1.29208,0.00977923,0.00977923,0.00977923
225,1134.24,0.60454,0.96018,0.45432,0.86542,0.59783,0.43592,0.4897,0.33836,0.57442,0.40353,0.4573,0.31036,1.24162,2.40796,2.15766,1.26705,0.00977824,0.00977824,0.00977824
226,1139.26,0.61164,0.90149,0.46349,0.86286,0.76011,0.389,0.48921,0.32726,0.74604,0.37709,0.47066,0.30926,1.30142,2.35318,2.10871,1.30854,0.00977725,0.00977725,0.00977725
227,1144.33,0.62496,0.94872,0.45707,0.8572,0.64531,0.39663,0.46086,0.3218,0.63214,0.38513,0.44214,0.30288,1.25284,2.45186,2.17163,1.30698,0.00977626,0.00977626,0.00977626
228,1149.4,0.62439,0.91631,0.4778,0.8712,0.54049,0.38958,0.44122,0.30247,0.56197,0.39409,0.41999,0.29419,1.24652,2.43063,2.23096,1.29556,0.00977527,0.00977527,0.00977527
229,1154.43,0.62473,0.91799,0.4602,0.85936,0.62643,0.38201,0.4528,0.30874,0.62643,0.38201,0.43997,0.29334,1.24557,2.50618,2.24643,1.25988,0.00977428,0.00977428,0.00977428
230,1159.47,0.64292,0.96872,0.45644,0.85996,0.71549,0.35675,0.44982,0.31459,0.6609,0.36181,0.4286,0.29256,1.25202,2.65598,2.37506,1.23848,0.00977329,0.00977329,0.00977329
231,1164.5,0.62594,0.89737,0.45216,0.84807,0.70131,0.34651,0.43842,0.30307,0.601,0.38342,0.42594,0.28542,1.32754,2.87767,2.35086,1.31061,0.0097723,0.0097723,0.0097723
232,1169.55,0.61247,0.93549,0.44849,0.85683,0.64632,0.34179,0.43919,0.31107,0.55856,0.34231,0.41783,0.28534,1.32722,2.86058,2.23811,1.30307,0.00977131,0.00977131,0.00977131
233,1174.6,0.6298,0.86367,0.45623,0.8536,0.60363,0.37777,0.44556,0.31839,0.54221,0.36388,0.42838,0.30452,1.33089,2.69819,2.23584,1.31345,0.00977032,0.00977032,0.00977032
234,1179.64,0.61739,0.93495,0.45407,0.86125,0.66135,0.35521,0.45075,0.32172,0.64152,0.3641,0.45761,0.28644,1.33296,2.70117,2.2596,1.32817,0.00976933,0.00976933,0.00976933
235,1184.68,0.62403,0.94723,0.45857,0.87302,0.57417,0.39746,0.46192,0.32449,0.535,0.39371,0.44236,0.28062,1.28797,2.47258,2.11868,1.28695,0.00976834,0.00976834,0.00976834
236,1189.7,0.57433,0.85728,0.43765,0.86108,0.54189,0.41816,0.44056,0.30096,0.48757,0.40427,0.42145,0.2685,1.29684,2.40442,2.13917,1.2995,0.00976735,0.00976735,0.00976735
237,1194.73,0.61654,0.87907,0.45065,0.86125,0.58073,0.43215,0.4767,0.32647,0.50689,0.37669,0.45319,0.30302,1.27955,2.4432,2.23271,1.28843,0.00976636,0.00976636,0.00976636
238,1199.78,0.59896,0.89801,0.45224,0.86309,0.47756,0.48904,0.45391,0.30951,0.55502,0.38733,0.44399,0.30765,1.29081,2.43184,2.27245,1.31117,0.00976537,0.00976537,0.00976537
239,1204.8,0.62945,1.01155,0.46178,0.86308,0.5703,0.46926,0.48814,0.34311,0.71803,0.39323,0.46437,0.30988,1.27258,2.27287,2.1251,1.30975,0.00976438,0.00976438,0.00976438
240,1209.88,0.55165,0.8667,0.43223,0.85366,0.44226,0.50146,0.47189,0.33892,0.40413,0.47166,0.44663,0.30743,1.26277,2.21311,2.25744,1.30589,0.00976339,0.00976339,0.00976339
241,1214.93,0.63551,0.92668,0.46575,0.86685,0.47393,0.41094,0.4485,0.31838,0.54005,0.44603,0.50774,0.31467,1.29427,2.34789,2.13558,1.34007,0.0097624,0.0097624,0.0097624
242,1219.97,0.65656,0.94644,0.48729,0.86789,0.52413,0.44032,0.45317,0.31945,0.57571,0.46474,0.47909,0.29851,1.25595,2.3632,2.11367,1.29747,0.00976141,0.00976141,0.00976141
243,1225.03,0.5858,0.84206,0.4355,0.85499,0.57004,0.45871,0.46892,0.31643,0.57004,0.45871,0.47894,0.30956,1.26738,2.34239,2.23522,1.2753,0.00976042,0.00976042,0.00976042
244,1230.06,0.59282,0.86871,0.43952,0.85522,0.50015,0.47199,0.4724,0.31683,0.49409,0.47125,0.46738,0.28768,1.19521,2.35075,2.33864,1.23086,0.00975943,0.00975943,0.00975943
245,1235.15,0.61483,0.93212,0.4439,0.85427,0.49032,0.45033,0.46947,0.31539,0.50332,0.44358,0.45287,0.29348,1.24863,2.47781,2.23347,1.29234,0.00975844,0.00975844,0.00975844
246,1240.14,0.63559,0.90502,0.44708,0.88229,0.50888,0.49245,0.49126,0.33084,0.53331,0.51967,0.50293,0.32653,1.27562,2.45575,2.0832,1.30668,0.00975745,0.00975745,0.00975745
247,1245.18,0.63404,1.00027,0.47661,0.8672,0.43772,0.49367,0.45986,0.32256,0.46865,0.52165,0.47851,0.31309,1.29315,2.38063,2.32576,1.30192,0.00975646,0.00975646,0.00975646
248,1250.2,0.58892,0.89644,0.43984,0.86226,0.60814,0.39397,0.45906,0.32006,0.50468,0.48357,0.47007,0.29648,1.30002,2.43701,2.1951,1.32529,0.00975547,0.00975547,0.00975547
249,1255.26,0.61376,0.96065,0.46667,0.88306,0.48021,0.45044,0.44609,0.30391,0.47015,0.43888,0.44122,0.29589,1.33129,2.50228,2.28965,1.34796,0.00975448,0.00975448,0.00975448
250,1260.31,0.58495,0.84219,0.42932,0.84813,0.50609,0.51008,0.47015,0.31287,0.495,0.49185,0.46637,0.31591,1.37386,2.51004,2.23859,1.35248,0.00975349,0.00975349,0.00975349
251,1265.35,0.5881,0.89408,0.43922,0.8783,0.57402,0.45848,0.45256,0.31112,0.56072,0.44657,0.44988,0.29606,1.34829,2.49266,2.37175,1.36811,0.0097525,0.0097525,0.0097525
252,1270.4,0.62357,0.93965,0.46464,0.85054,0.52699,0.41494,0.42145,0.27351,0.52699,0.41494,0.41691,0.26412,1.37383,2.5598,2.41101,1.38647,0.00975151,0.00975151,0.00975151
253,1275.44,0.60262,0.92063,0.44713,0.865,0.45355,0.42112,0.40422,0.2663,0.45422,0.42017,0.39612,0.26796,1.36511,2.49339,2.43572,1.38145,0.00975052,0.00975052,0.00975052
254,1280.51,0.58205,0.83938,0.44196,0.84668,0.59671,0.3995,0.43423,0.30946,0.59671,0.3995,0.42182,0.30114,1.29559,2.36291,2.34195,1.32592,0.00974953,0.00974953,0.00974953
255,1285.55,0.59646,0.92356,0.44466,0.86824,0.71886,0.36749,0.45446,0.31683,0.73391,0.37885,0.47234,0.30059,1.28909,2.43659,2.35908,1.32045,0.00974854,0.00974854,0.00974854
256,1290.62,0.58445,0.9309,0.42965,0.85649,0.6069,0.37839,0.4226,0.29017,0.6069,0.37839,0.41856,0.28392,1.32482,2.35194,2.25601,1.35273,0.00974755,0.00974755,0.00974755
257,1295.69,0.63887,0.92845,0.45735,0.85513,0.49493,0.42385,0.43227,0.30131,0.49429,0.42331,0.42801,0.28932,1.30853,2.36349,2.31045,1.34135,0.00974656,0.00974656,0.00974656
258,1300.74,0.59976,0.86791,0.43558,0.85039,0.50106,0.41393,0.41786,0.2872,0.50106,0.41393,0.41348,0.28983,1.35102,2.38171,2.4284,1.36334,0.00974557,0.00974557,0.00974557
259,1305.82,0.61278,0.87228,0.46334,0.86107,0.42276,0.43831,0.41824,0.29006,0.44141,0.46089,0.42599,0.28876,1.31813,2.44454,2.38357,1.30858,0.00974458,0.00974458,0.00974458
260,1310.85,0.60312,0.94075,0.4294,0.85368,0.52424,0.36258,0.40861,0.27847,0.52424,0.36258,0.40631,0.26519,1.3638,2.55153,2.60947,1.33287,0.00974359,0.00974359,0.00974359
261,1315.92,0.62386,0.91583,0.47515,0.85734,0.52197,0.36377,0.41606,0.28864,0.50421,0.35214,0.40483,0.27443,1.28057,2.58163,2.31246,1.2943,0.0097426,0.0097426,0.0097426
262,1321.01,0.57891,0.88083,0.43151,0.84404,0.46193,0.42227,0.41976,0.28319,0.44949,0.41036,0.4081,0.26295,1.29112,2.59627,2.26546,1.3066,0.00974161,0.00974161,0.00974161
263,1326.06,0.60757,0.9128,0.4437,0.85278,0.44942,0.45577,0.39723,0.2793,0.45812,0.45712,0.40117,0.2636,1.28228,2.55913,2.21653,1.27971,0.00974062,0.00974062,0.00974062
264,1331.09,0.59627,0.84788,0.43677,0.85368,0.47978,0.45453,0.43135,0.29874,0.47164,0.43311,0.41889,0.27659,1.2484,2.5698,2.18971,1.26933,0.00973963,0.00973963,0.00973963
265,1336.14,0.57405,0.87453,0.42254,0.85911,0.50441,0.38674,0.39233,0.27666,0.49863,0.37999,0.39159,0.25337,1.26226,2.5539,2.24212,1.28219,0.00973864,0.00973864,0.00973864
266,1341.2,0.59659,0.9369,0.45284,0.85973,0.44076,0.44519,0.40957,0.2946,0.44522,0.44519,0.39893,0.27569,1.3053,2.72257,2.17828,1.30784,0.00973765,0.00973765,0.00973765
267,1346.24,0.57948,0.88728,0.44238,0.8453,0.44209,0.48497,0.44023,0.30783,0.43229,0.47306,0.42933,0.2908,1.33077,2.75471,2.21787,1.32227,0.00973666,0.00973666,0.00973666
268,1351.3,0.58549,0.87176,0.43042,0.86217,0.46042,0.44934,0.44088,0.30734,0.43521,0.43573,0.42364,0.29564,1.34759,2.86134,2.2101,1.34723,0.00973567,0.00973567,0.00973567
269,1356.34,0.59901,0.82482,0.43007,0.85892,0.48905,0.45094,0.4414,0.29615,0.4533,0.42526,0.41432,0.28775,1.35807,2.70728,2.14963,1.3848,0.00973468,0.00973468,0.00973468
270,1361.39,0.59963,0.88192,0.4378,0.86423,0.38352,0.50724,0.44684,0.30596,0.39263,0.49179,0.43193,0.28188,1.39959,2.63384,1.97547,1.41831,0.00973369,0.00973369,0.00973369
271,1366.42,0.57631,0.90581,0.44373,0.84954,0.45937,0.49988,0.47213,0.31316,0.43805,0.4764,0.4459,0.29288,1.35614,2.56761,1.9111,1.38566,0.0097327,0.0097327,0.0097327
272,1371.44,0.60476,0.91338,0.43859,0.8739,0.44577,0.48293,0.47754,0.31821,0.43098,0.44795,0.44585,0.29119,1.31256,2.5732,1.96735,1.36171,0.00973171,0.00973171,0.00973171
273,1376.51,0.56845,0.86174,0.42402,0.85166,0.65647,0.36479,0.47513,0.31953,0.58186,0.35105,0.4544,0.28295,1.31294,2.65619,2.16327,1.34534,0.00973072,0.00973072,0.00973072
274,1381.56,0.58182,0.83416,0.44138,0.85729,0.52382,0.46928,0.47357,0.32211,0.46702,0.43201,0.4436,0.29842,1.31459,2.56649,1.98165,1.33614,0.00972973,0.00972973,0.00972973
275,1386.58,0.57169,0.83293,0.41952,0.86312,0.54519,0.44512,0.48425,0.32789,0.52821,0.43336,0.47575,0.3018,1.27913,2.46176,1.95632,1.30629,0.00972874,0.00972874,0.00972874
276,1391.64,0.58828,0.84847,0.42678,0.85204,0.54578,0.38185,0.45936,0.32746,0.52981,0.36994,0.44544,0.29905,1.29622,2.5047,2.25531,1.29161,0.00972775,0.00972775,0.00972775
277,1396.7,0.59571,0.90071,0.43516,0.84956,0.49407,0.40682,0.43253,0.31022,0.47326,0.39536,0.42498,0.28927,1.26039,2.46723,2.26597,1.27689,0.00972676,0.00972676,0.00972676
278,1401.8,0.58085,0.89268,0.43825,0.85314,0.47006,0.35966,0.41304,0.28527,0.46027,0.34776,0.39772,0.27374,1.35467,2.61225,2.29747,1.35891,0.00972577,0.00972577,0.00972577
279,1406.85,0.59379,0.90253,0.44956,0.85568,0.50091,0.39167,0.40459,0.27646,0.45333,0.36588,0.38182,0.26189,1.41649,2.73609,2.31367,1.42651,0.00972478,0.00972478,0.00972478
280,1411.9,0.57129,0.86056,0.42457,0.84395,0.4946,0.41602,0.40469,0.27738,0.40535,0.39961,0.37014,0.24764,1.40223,2.70575,2.32511,1.40484,0.00972379,0.00972379,0.00972379
281,1416.95,0.58321,0.79665,0.43604,0.84056,0.45975,0.46847,0.41247,0.27681,0.38351,0.4226,0.37886,0.25373,1.34542,2.64365,2.46448,1.34931,0.0097228,0.0097228,0.0097228
282,1421.99,0.58628,0.8013,0.43439,0.86074,0.36572,0.42531,0.38764,0.26886,0.42977,0.3788,0.36001,0.24026,1.32355,2.63598,2.57307,1.32922,0.00972181,0.00972181,0.00972181
283,1427.06,0.6128,0.98305,0.43982,0.85946,0.44105,0.40582,0.38992,0.28349,0.42141,0.38716,0.35995,0.2546,1.36698,2.68006,2.65831,1.35122,0.00972082,0.00972082,0.00972082
284,1432.13,0.5564,0.85945,0.41687,0.84223,0.43855,0.4332,0.41893,0.29012,0.45926,0.34379,0.38125,0.24995,1.39263,2.71658,2.56129,1.38197,0.00971983,0.00971983,0.00971983
285,1437.22,0.64557,0.98472,0.48093,0.87193,0.37991,0.45766,0.39859,0.2729,0.37211,0.44521,0.38391,0.2473,1.39855,2.80395,2.45546,1.42158,0.00971884,0.00971884,0.00971884
286,1442.29,0.58688,0.88677,0.42314,0.86121,0.40437,0.38627,0.37007,0.26277,0.37042,0.38924,0.37228,0.23606,1.36777,2.74384,2.55361,1.39728,0.00971785,0.00971785,0.00971785
287,1447.36,0.55909,0.84965,0.41089,0.83678,0.46543,0.3685,0.38379,0.28115,0.46346,0.36796,0.38181,0.254,1.39783,2.64928,2.43926,1.38893,0.00971686,0.00971686,0.00971686
288,1452.41,0.58708,0.88443,0.44349,0.85049,0.47929,0.36431,0.397,0.2748,0.47587,0.36346,0.39608,0.25721,1.4269,2.64239,2.41545,1.41954,0.00971587,0.00971587,0.00971587
289,1457.43,0.61324,0.8998,0.46574,0.85451,0.49043,0.35821,0.4151,0.29592,0.48112,0.35766,0.40084,0.27242,1.35781,2.5581,2.46898,1.37045,0.00971488,0.00971488,0.00971488
290,1462.49,0.62634,0.90822,0.44953,0.86568,0.43372,0.38611,0.42686,0.30602,0.45944,0.36821,0.42119,0.28569,1.35657,2.53325,2.34528,1.38443,0.00971389,0.00971389,0.00971389
291,1467.53,0.56674,0.8248,0.43019,0.84465,0.54272,0.41232,0.45163,0.314,0.51893,0.40825,0.44373,0.29444,1.35488,2.48137,2.27561,1.38979,0.0097129,0.0097129,0.0097129
292,1472.56,0.57256,0.86118,0.43876,0.84984,0.61578,0.39182,0.4655,0.32843,0.48488,0.42845,0.46535,0.31073,1.3233,2.56391,2.16909,1.36525,0.00971191,0.00971191,0.00971191
293,1477.59,0.5892,0.86227,0.44328,0.84691,0.57712,0.4483,0.46306,0.33016,0.59869,0.45014,0.4824,0.3106,1.30687,2.63203,2.14877,1.34339,0.00971092,0.00971092,0.00971092
294,1482.66,0.56122,0.86761,0.42328,0.85574,0.63949,0.43679,0.48808,0.32467,0.58574,0.41123,0.45939,0.31084,1.30734,2.57822,2.15294,1.32748,0.00970993,0.00970993,0.00970993
295,1487.72,0.57892,0.808,0.43728,0.85653,0.6301,0.36244,0.44743,0.30692,0.61394,0.35076,0.43778,0.30296,1.28736,2.51489,2.06705,1.2593,0.00970894,0.00970894,0.00970894
296,1492.79,0.56928,0.82448,0.42663,0.85006,0.48467,0.41992,0.42777,0.29485,0.47468,0.40802,0.41565,0.28461,1.26053,2.54593,2.15566,1.27006,0.00970795,0.00970795,0.00970795
297,1497.83,0.55275,0.86836,0.41732,0.83968,0.41933,0.5088,0.42125,0.29891,0.41157,0.49704,0.41451,0.2851,1.28267,2.62658,2.15751,1.28203,0.00970696,0.00970696,0.00970696
298,1502.88,0.60226,0.85728,0.45049,0.86439,0.53631,0.47597,0.43561,0.31076,0.5441,0.48634,0.44643,0.28977,1.28029,2.69538,2.09338,1.29136,0.00970597,0.00970597,0.00970597
299,1507.92,0.58167,0.86529,0.4413,0.85722,0.59399,0.45741,0.43612,0.30717,0.58113,0.44891,0.43442,0.29058,1.31039,2.74993,2.14002,1.33065,0.00970498,0.00970498,0.00970498
300,1512.96,0.59425,0.90721,0.45084,0.85567,0.48632,0.4795,0.422,0.30058,0.4781,0.4676,0.41821,0.2836,1.28574,2.8285,2.31749,1.31597,0.00970399,0.00970399,0.00970399
301,1518.03,0.58543,0.86764,0.42933,0.86276,0.56101,0.41534,0.41667,0.29156,0.55899,0.39257,0.40601,0.27286,1.29228,2.75535,2.36605,1.29637,0.009703,0.009703,0.009703
302,1523.1,0.58349,0.8682,0.42479,0.84811,0.52443,0.38743,0.39851,0.29044,0.52443,0.38743,0.39048,0.27101,1.29434,2.7245,2.39119,1.29904,0.00970201,0.00970201,0.00970201
303,1528.16,0.54074,0.78181,0.40779,0.84334,0.47176,0.37098,0.4051,0.30032,0.4191,0.3857,0.39951,0.26878,1.30394,2.59635,2.45039,1.28719,0.00970102,0.00970102,0.00970102
304,1533.2,0.55588,0.81286,0.42537,0.8442,0.42991,0.43703,0.39258,0.2792,0.42991,0.43703,0.3927,0.25435,1.30669,2.52708,2.44509,1.30097,0.00970003,0.00970003,0.00970003
305,1538.26,0.60695,0.90383,0.44442,0.86154,0.39984,0.39755,0.38097,0.26991,0.39984,0.39755,0.38002,0.2474,1.30654,2.49958,2.4808,1.30867,0.00969904,0.00969904,0.00969904
306,1543.29,0.59907,0.81418,0.42906,0.86539,0.44561,0.41304,0.3951,0.27866,0.44487,0.40571,0.39071,0.26451,1.32684,2.43539,2.30015,1.3519,0.00969805,0.00969805,0.00969805
307,1548.35,0.53757,0.85578,0.4199,0.85527,0.43741,0.44645,0.42454,0.28822,0.48193,0.36893,0.40466,0.25967,1.31134,2.38559,2.27904,1.34271,0.00969706,0.00969706,0.00969706
308,1553.45,0.58309,0.92187,0.41874,0.85021,0.52734,0.376,0.40104,0.24994,0.50987,0.36339,0.38151,0.22168,1.47482,2.4634,2.78605,1.42656,0.00969607,0.00969607,0.00969607
309,1558.5,0.55243,0.84874,0.41471,0.85557,0.57605,0.40459,0.42904,0.30234,0.54616,0.38912,0.42485,0.2829,1.31723,2.29119,2.20056,1.34606,0.00969508,0.00969508,0.00969508
310,1563.54,0.56268,0.88508,0.43739,0.85844,0.5407,0.39242,0.42758,0.30001,0.54166,0.38608,0.41867,0.27552,1.32035,2.26384,2.21935,1.34731,0.00969409,0.00969409,0.00969409
311,1568.6,0.56277,0.83632,0.43304,0.84761,0.6891,0.3648,0.44106,0.3243,0.68356,0.34977,0.43368,0.28821,1.35739,2.26976,2.34288,1.36942,0.0096931,0.0096931,0.0096931
312,1573.66,0.57299,0.85683,0.42551,0.84962,0.66079,0.35267,0.42193,0.31634,0.66079,0.35267,0.42725,0.28401,1.30767,2.35281,2.38728,1.37491,0.00969211,0.00969211,0.00969211
313,1578.7,0.54968,0.86165,0.43297,0.85638,0.61468,0.36485,0.4247,0.3202,0.65138,0.36532,0.43248,0.29711,1.29892,2.39398,2.28128,1.40343,0.00969112,0.00969112,0.00969112
314,1583.77,0.55533,0.82325,0.40907,0.85647,0.60776,0.36558,0.41851,0.31504,0.54613,0.35515,0.42639,0.2916,1.29927,2.3755,2.20466,1.35214,0.00969013,0.00969013,0.00969013
315,1588.86,0.58766,0.85309,0.44298,0.83985,0.62866,0.3758,0.42589,0.31508,0.62866,0.3758,0.42939,0.29067,1.3075,2.39988,2.12251,1.35507,0.00968914,0.00968914,0.00968914
316,1593.89,0.55961,0.86631,0.43042,0.85531,0.62882,0.37024,0.43043,0.3232,0.62882,0.37024,0.43446,0.29728,1.27077,2.35894,2.23877,1.33035,0.00968815,0.00968815,0.00968815
317,1598.94,0.54535,0.87123,0.42303,0.84789,0.55682,0.403,0.45622,0.33156,0.55224,0.38877,0.4389,0.29886,1.26278,2.37459,2.13986,1.30436,0.00968716,0.00968716,0.00968716
318,1603.99,0.55535,0.88598,0.40097,0.85294,0.56123,0.4098,0.42705,0.30519,0.53917,0.39011,0.40919,0.27945,1.261,2.48143,2.29144,1.32584,0.00968617,0.00968617,0.00968617
319,1609.04,0.57289,0.85988,0.4172,0.84417,0.52885,0.38898,0.42965,0.30448,0.55716,0.3509,0.4086,0.28042,1.25751,2.57812,2.2141,1.3152,0.00968518,0.00968518,0.00968518
320,1614.12,0.56755,0.8714,0.41402,0.84193,0.51415,0.40996,0.40725,0.29375,0.47143,0.42078,0.40182,0.27932,1.25487,2.59194,2.24075,1.28914,0.00968419,0.00968419,0.00968419
321,1619.17,0.58497,0.84369,0.42463,0.84717,0.50299,0.41457,0.41832,0.30877,0.50184,0.41402,0.41583,0.28398,1.30072,2.61695,2.30143,1.30792,0.0096832,0.0096832,0.0096832
322,1624.22,0.5357,0.81355,0.40349,0.83562,0.61284,0.35706,0.41542,0.30573,0.40543,0.40503,0.38138,0.2685,1.33438,2.66382,2.31774,1.33497,0.00968221,0.00968221,0.00968221
323,1629.25,0.57343,0.9084,0.4282,0.85758,0.49348,0.40146,0.39235,0.29139,0.43758,0.37942,0.37248,0.27366,1.27425,2.75439,2.37331,1.31141,0.00968122,0.00968122,0.00968122
324,1634.3,0.53227,0.78902,0.40738,0.84416,0.50388,0.35596,0.38229,0.27802,0.4622,0.3381,0.36499,0.26709,1.30869,2.79615,2.51561,1.30646,0.00968023,0.00968023,0.00968023
325,1639.39,0.5702,0.82239,0.42445,0.84439,0.37177,0.41525,0.37065,0.25882,0.37177,0.41525,0.36812,0.25893,1.35029,2.87915,2.70791,1.30906,0.00967924,0.00967924,0.00967924
326,1644.46,0.56355,0.8487,0.42104,0.84405,0.53125,0.37103,0.4076,0.29494,0.53125,0.37103,0.4076,0.28196,1.33709,2.72232,2.59374,1.3305,0.00967825,0.00967825,0.00967825
327,1649.52,0.55445,0.87582,0.41392,0.8507,0.42441,0.45461,0.40155,0.27296,0.41396,0.43101,0.38806,0.26184,1.35778,2.71492,2.54855,1.35745,0.00967726,0.00967726,0.00967726
328,1654.57,0.56956,0.88783,0.43218,0.8749,0.46182,0.43677,0.42283,0.29307,0.44321,0.4181,0.39926,0.26205,1.41008,2.58931,2.55021,1.39003,0.00967627,0.00967627,0.00967627
329,1659.65,0.58978,0.79619,0.42643,0.85828,0.51667,0.43192,0.40312,0.27272,0.49832,0.41768,0.38958,0.25285,1.4386,2.67136,2.58319,1.38881,0.00967528,0.00967528,0.00967528
330,1664.69,0.57719,0.85273,0.42636,0.84655,0.4649,0.43468,0.40595,0.27991,0.45696,0.42278,0.39754,0.25525,1.41905,2.74674,2.57056,1.40572,0.00967429,0.00967429,0.00967429
331,1669.74,0.56943,0.86705,0.43093,0.84743,0.54741,0.4411,0.43252,0.29061,0.46423,0.40374,0.40941,0.26506,1.38499,2.66295,2.49109,1.36447,0.0096733,0.0096733,0.0096733
332,1674.84,0.5409,0.82093,0.40415,0.84182,0.56375,0.40512,0.43905,0.313,0.56391,0.39997,0.44115,0.30367,1.40885,2.64219,2.48486,1.37668,0.00967231,0.00967231,0.00967231
333,1679.9,0.55287,0.80334,0.42546,0.8527,0.62566,0.4135,0.47551,0.33384,0.61355,0.38905,0.45593,0.31899,1.42214,2.68475,2.41227,1.36785,0.00967132,0.00967132,0.00967132
334,1684.93,0.56946,0.82602,0.42328,0.84318,0.631,0.38904,0.47932,0.33143,0.59203,0.35854,0.45417,0.30921,1.42551,2.70261,2.31403,1.39684,0.00967033,0.00967033,0.00967033
335,1689.98,0.56474,0.86206,0.41779,0.85412,0.65745,0.39023,0.48289,0.33195,0.64322,0.37832,0.46018,0.31339,1.35509,2.69384,2.21546,1.34713,0.00966934,0.00966934,0.00966934
336,1695.02,0.55425,0.84188,0.41558,0.85114,0.68113,0.37887,0.47969,0.32711,0.78339,0.35557,0.46213,0.29955,1.39689,2.84349,2.29955,1.39523,0.00966835,0.00966835,0.00966835
337,1700.07,0.56063,0.80123,0.41381,0.84537,0.68369,0.40834,0.47905,0.32689,0.66702,0.39643,0.45793,0.29763,1.37627,2.8432,2.22834,1.40866,0.00966736,0.00966736,0.00966736
338,1705.12,0.57626,0.89267,0.41717,0.86069,0.61429,0.42058,0.47906,0.33323,0.54082,0.40695,0.45509,0.30638,1.33339,2.99568,2.30607,1.37656,0.00966637,0.00966637,0.00966637
339,1710.2,0.5535,0.85575,0.40996,0.85061,0.65754,0.34445,0.45439,0.31751,0.65754,0.34445,0.45416,0.2891,1.35271,3.11959,2.28903,1.41282,0.00966538,0.00966538,0.00966538
340,1715.26,0.55425,0.80531,0.40443,0.84222,0.56158,0.38593,0.45483,0.3242,0.58324,0.36904,0.44866,0.28148,1.36913,3.10555,2.31753,1.4034,0.00966439,0.00966439,0.00966439
341,1720.32,0.62352,0.99888,0.46025,0.87166,0.59781,0.38546,0.46065,0.33136,0.54894,0.39682,0.44182,0.29132,1.31471,3.02489,2.22121,1.41475,0.0096634,0.0096634,0.0096634
342,1725.42,0.58196,0.84364,0.42664,0.83916,0.58328,0.40412,0.45288,0.32439,0.55342,0.38546,0.43222,0.28768,1.26748,3.00196,2.31325,1.36323,0.00966241,0.00966241,0.00966241
343,1730.5,0.56374,0.82011,0.42734,0.84065,0.50133,0.42341,0.431,0.30752,0.61885,0.36588,0.42597,0.27979,1.27186,2.89019,2.38762,1.34613,0.00966142,0.00966142,0.00966142
344,1735.57,0.57773,0.85896,0.4236,0.84305,0.62833,0.3237,0.39314,0.29183,0.51362,0.36709,0.38953,0.26058,1.21101,2.80528,2.54708,1.32296,0.00966043,0.00966043,0.00966043
345,1740.68,0.55152,0.83044,0.42173,0.83024,0.49822,0.34849,0.38689,0.28504,0.48654,0.34187,0.37487,0.25887,1.24583,2.66967,2.70281,1.33454,0.00965944,0.00965944,0.00965944
346,1745.76,0.55753,0.84075,0.40761,0.84202,0.54259,0.3423,0.39318,0.29388,0.53195,0.33554,0.38653,0.27885,1.28849,2.55831,2.75087,1.36638,0.00965845,0.00965845,0.00965845
347,1750.83,0.58606,0.81675,0.42394,0.84974,0.62254,0.3246,0.38386,0.27757,0.62254,0.3246,0.38872,0.28386,1.28879,2.56996,2.6639,1.38533,0.00965746,0.00965746,0.00965746
348,1755.92,0.52707,0.82013,0.38971,0.8428,0.48646,0.43709,0.41581,0.30938,0.49032,0.42292,0.4172,0.30156,1.29968,2.62103,2.50926,1.35885,0.00965647,0.00965647,0.00965647
349,1761,0.56934,0.79585,0.40311,0.85026,0.70246,0.37247,0.45001,0.32212,0.70246,0.37247,0.44644,0.30412,1.32019,2.66361,2.41406,1.3484,0.00965548,0.00965548,0.00965548
350,1766.09,0.56014,0.88341,0.40761,0.8559,0.63572,0.43535,0.47431,0.33642,0.63572,0.43535,0.47307,0.33244,1.30901,2.62282,2.35924,1.33721,0.00965449,0.00965449,0.00965449
351,1771.17,0.56027,0.83506,0.40498,0.84642,0.69936,0.40341,0.48516,0.33769,0.69936,0.40341,0.48219,0.32602,1.31521,2.67489,2.29571,1.34267,0.0096535,0.0096535,0.0096535
352,1776.27,0.55032,0.824,0.41316,0.85138,0.6779,0.40129,0.46585,0.32654,0.66127,0.38978,0.44587,0.31392,1.35664,2.55181,2.36164,1.36441,0.00965251,0.00965251,0.00965251
353,1781.33,0.55252,0.83926,0.4158,0.85553,0.74256,0.38112,0.46351,0.3161,0.57212,0.44542,0.45691,0.3154,1.3224,2.61689,2.38234,1.33141,0.00965152,0.00965152,0.00965152
354,1786.38,0.58222,0.83318,0.42865,0.84791,0.58598,0.44953,0.46148,0.3254,0.61245,0.46662,0.47448,0.32065,1.31193,2.67213,2.26865,1.34673,0.00965053,0.00965053,0.00965053
355,1791.41,0.57021,0.88321,0.424,0.83465,0.49459,0.44682,0.46039,0.32196,0.50584,0.46016,0.47434,0.3136,1.3989,2.71053,2.32947,1.38736,0.00964954,0.00964954,0.00964954
356,1796.48,0.5807,0.78344,0.42758,0.84717,0.62035,0.40356,0.46949,0.33121,0.63919,0.41708,0.47415,0.31575,1.32349,2.68283,2.36019,1.34457,0.00964855,0.00964855,0.00964855
357,1801.56,0.56117,0.79539,0.39538,0.8528,0.60825,0.36635,0.42403,0.30958,0.57941,0.38323,0.43296,0.28961,1.3288,2.71409,2.58096,1.33164,0.00964756,0.00964756,0.00964756
358,1806.63,0.53498,0.79723,0.41847,0.84908,0.68374,0.34422,0.43329,0.31291,0.65211,0.32556,0.41698,0.28702,1.29344,2.6962,2.45654,1.30674,0.00964657,0.00964657,0.00964657
359,1811.67,0.53395,0.82802,0.39225,0.84533,0.41957,0.43953,0.4122,0.29191,0.41295,0.43939,0.40575,0.26781,1.30224,2.70465,2.60381,1.30362,0.00964558,0.00964558,0.00964558
360,1816.78,0.53779,0.77291,0.39798,0.83487,0.55262,0.38962,0.40814,0.29156,0.52919,0.36581,0.40329,0.26267,1.29976,2.71847,2.45036,1.32936,0.00964459,0.00964459,0.00964459
361,1821.85,0.55182,0.80393,0.40832,0.84999,0.62775,0.38492,0.45379,0.31241,0.61316,0.37301,0.44617,0.28531,1.29489,2.66816,2.59013,1.28623,0.0096436,0.0096436,0.0096436
362,1826.91,0.55811,0.81682,0.41197,0.83985,0.72565,0.3595,0.46297,0.33834,0.53808,0.43443,0.47015,0.30662,1.23804,2.62701,2.47173,1.28129,0.00964261,0.00964261,0.00964261
363,1831.98,0.5322,0.82414,0.39855,0.84054,0.79317,0.36948,0.49451,0.36607,0.55336,0.42987,0.49135,0.33502,1.21221,2.53956,2.4172,1.27074,0.00964162,0.00964162,0.00964162
364,1837.07,0.5134,0.7847,0.37954,0.83442,0.82148,0.39516,0.50149,0.36503,0.80206,0.38359,0.49429,0.33138,1.27476,2.54923,2.34231,1.30722,0.00964063,0.00964063,0.00964063
365,1842.17,0.53384,0.79855,0.3943,0.83842,0.55637,0.44966,0.49772,0.35081,0.53936,0.44013,0.49037,0.32692,1.29721,2.63749,2.16169,1.33725,0.00963964,0.00963964,0.00963964
366,1847.25,0.54409,0.85707,0.40265,0.84856,0.63043,0.40734,0.49225,0.35503,0.48225,0.46384,0.4663,0.31325,1.2471,2.70226,2.13594,1.32479,0.00963865,0.00963865,0.00963865
367,1852.33,0.56135,0.84262,0.41133,0.85995,0.71253,0.41649,0.48581,0.35244,0.57434,0.43596,0.48309,0.32219,1.20043,2.63118,2.25699,1.28382,0.00963766,0.00963766,0.00963766
368,1857.43,0.54203,0.85212,0.42383,0.84076,0.73206,0.39543,0.47141,0.35069,0.716,0.38353,0.4579,0.30099,1.17635,2.65605,2.29293,1.26012,0.00963667,0.00963667,0.00963667
369,1862.51,0.54952,0.83112,0.39663,0.84507,0.52877,0.43265,0.47818,0.34563,0.51687,0.4209,0.46436,0.30186,1.1596,2.62292,2.25735,1.23555,0.00963568,0.00963568,0.00963568
370,1867.59,0.55693,0.87046,0.4192,0.84207,0.52817,0.44667,0.44621,0.31072,0.49784,0.42167,0.42194,0.28057,1.2358,2.57503,2.29939,1.28199,0.00963469,0.00963469,0.00963469
371,1872.66,0.52573,0.785,0.39579,0.83151,0.55621,0.41649,0.45054,0.31467,0.5421,0.40493,0.43266,0.28608,1.22677,2.52028,2.35899,1.27455,0.0096337,0.0096337,0.0096337
372,1877.72,0.52703,0.80823,0.3802,0.83196,0.51714,0.44463,0.43164,0.30581,0.48463,0.43467,0.41277,0.27124,1.23592,2.5436,2.38397,1.30096,0.00963271,0.00963271,0.00963271
373,1882.83,0.54606,0.83194,0.40387,0.84425,0.53228,0.44749,0.43192,0.30704,0.48762,0.40781,0.40775,0.27407,1.23166,2.58525,2.34381,1.29921,0.00963172,0.00963172,0.00963172
374,1887.94,0.5244,0.78506,0.37532,0.83749,0.5707,0.38745,0.43089,0.29745,0.47295,0.43952,0.42345,0.27509,1.25848,2.69699,2.31696,1.31026,0.00963073,0.00963073,0.00963073
375,1893.03,0.54173,0.81253,0.39615,0.84071,0.49797,0.43356,0.43586,0.29361,0.43038,0.44238,0.41155,0.2576,1.27727,2.75967,2.23937,1.33345,0.00962974,0.00962974,0.00962974
376,1898.14,0.54494,0.81188,0.39461,0.84787,0.53145,0.39858,0.4515,0.30701,0.53229,0.39789,0.44426,0.27389,1.2789,2.71822,2.25245,1.33485,0.00962875,0.00962875,0.00962875
377,1903.19,0.55822,0.82129,0.41293,0.8547,0.5714,0.39263,0.44975,0.31672,0.46621,0.47762,0.44682,0.28664,1.24271,2.62167,2.2885,1.30715,0.00962776,0.00962776,0.00962776
378,1908.24,0.54409,0.80015,0.39879,0.8416,0.50312,0.4564,0.45374,0.32002,0.50025,0.44395,0.43644,0.29683,1.24134,2.59859,2.40985,1.29733,0.00962677,0.00962677,0.00962677
379,1913.32,0.55148,0.78242,0.417,0.849,0.50426,0.43496,0.44065,0.32481,0.55615,0.39167,0.42747,0.29786,1.26237,2.65166,2.58534,1.31284,0.00962578,0.00962578,0.00962578
380,1918.4,0.53184,0.79648,0.41653,0.83825,0.46248,0.39645,0.42044,0.30893,0.45261,0.38454,0.40323,0.28813,1.27952,2.71709,2.87139,1.31032,0.00962479,0.00962479,0.00962479
381,1923.54,0.51224,0.78899,0.39028,0.82985,0.47522,0.41959,0.41047,0.31238,0.47522,0.41959,0.40733,0.29245,1.24484,2.76184,2.76175,1.28674,0.0096238,0.0096238,0.0096238
382,1928.61,0.55489,0.84569,0.40921,0.8495,0.52244,0.38343,0.41984,0.30089,0.51582,0.37098,0.41194,0.30121,1.23746,2.71957,2.5848,1.27193,0.00962281,0.00962281,0.00962281
383,1933.69,0.49854,0.71708,0.38959,0.83662,0.54531,0.37864,0.43128,0.29807,0.49384,0.38672,0.42599,0.28896,1.29067,2.7424,2.4922,1.31427,0.00962182,0.00962182,0.00962182
384,1938.74,0.50056,0.77521,0.39503,0.8378,0.44757,0.49613,0.44892,0.31323,0.41301,0.45682,0.43177,0.29347,1.30849,2.76613,2.39015,1.36788,0.00962083,0.00962083,0.00962083
385,1943.82,0.55811,0.81982,0.41005,0.84593,0.4461,0.50304,0.4595,0.32067,0.42012,0.476,0.44206,0.29438,1.29526,2.71412,2.13742,1.36089,0.00961984,0.00961984,0.00961984
386,1948.87,0.51729,0.74758,0.40226,0.84119,0.48709,0.42647,0.45021,0.32242,0.56566,0.32252,0.42589,0.29281,1.37614,2.75826,2.11448,1.40975,0.00961885,0.00961885,0.00961885
387,1953.95,0.54061,0.80742,0.39964,0.843,0.51831,0.39465,0.43115,0.30911,0.50029,0.3547,0.42021,0.27853,1.39155,2.86904,2.40068,1.38776,0.00961786,0.00961786,0.00961786
388,1958.99,0.55853,0.78197,0.4073,0.84369,0.49208,0.36659,0.42766,0.31919,0.40292,0.38608,0.40674,0.28696,1.3329,2.96336,2.33381,1.36974,0.00961687,0.00961687,0.00961687
389,1964.09,0.50441,0.77489,0.38088,0.83992,0.58618,0.31711,0.41738,0.31322,0.48085,0.34153,0.40472,0.28339,1.30696,3.05341,2.40799,1.367,0.00961588,0.00961588,0.00961588
390,1969.14,0.53611,0.81267,0.39225,0.84846,0.59721,0.33256,0.41969,0.30877,0.56451,0.33332,0.42025,0.28301,1.3667,2.93688,2.38138,1.37654,0.00961489,0.00961489,0.00961489
391,1974.24,0.51677,0.75928,0.39644,0.83745,0.58039,0.32835,0.40632,0.30181,0.51498,0.31475,0.39605,0.26919,1.29611,2.80341,2.31938,1.3264,0.0096139,0.0096139,0.0096139
392,1979.31,0.58203,0.87091,0.4388,0.86877,0.50233,0.33692,0.38671,0.28013,0.4894,0.33692,0.38853,0.25702,1.27652,2.74613,2.32723,1.33333,0.00961291,0.00961291,0.00961291
393,1984.37,0.50668,0.75581,0.38738,0.84463,0.36905,0.37768,0.37012,0.28407,0.41904,0.41609,0.39581,0.26378,1.26548,2.65088,2.46948,1.32328,0.00961192,0.00961192,0.00961192
394,1989.41,0.53415,0.82316,0.42709,0.83591,0.46388,0.40718,0.40875,0.30185,0.49599,0.41958,0.42166,0.28284,1.31429,2.61588,2.34223,1.37901,0.00961093,0.00961093,0.00961093
395,1994.5,0.52887,0.80052,0.41583,0.84286,0.47143,0.43788,0.42996,0.31497,0.47635,0.43783,0.42067,0.28734,1.34606,2.54397,2.25517,1.40825,0.00960994,0.00960994,0.00960994
396,1999.58,0.53044,0.79369,0.40387,0.84221,0.45431,0.44253,0.4535,0.32605,0.44595,0.43068,0.43637,0.29093,1.29771,2.55976,2.09888,1.35567,0.00960895,0.00960895,0.00960895
397,2004.69,0.54671,0.8172,0.42314,0.84926,0.53801,0.36219,0.44574,0.31094,0.41678,0.42422,0.41868,0.29003,1.32573,2.51424,2.31925,1.38797,0.00960796,0.00960796,0.00960796
398,2009.76,0.52749,0.76209,0.39686,0.851,0.55718,0.3527,0.44434,0.30752,0.41351,0.43519,0.43338,0.29522,1.36198,2.53532,2.34695,1.39929,0.00960697,0.00960697,0.00960697
399,2014.83,0.57251,0.80032,0.41434,0.84576,0.50907,0.34299,0.41039,0.29606,0.47115,0.38049,0.41203,0.2841,1.2963,2.51322,2.55802,1.33967,0.00960598,0.00960598,0.00960598
400,2019.91,0.58373,0.80749,0.43062,0.84535,0.37086,0.37762,0.37139,0.27414,0.42435,0.38428,0.38197,0.26227,1.3091,2.50142,2.7414,1.33224,0.00960499,0.00960499,0.00960499
401,2024.99,0.53217,0.77039,0.41139,0.84244,0.47621,0.34507,0.39645,0.28354,0.48474,0.35731,0.39799,0.26211,1.31288,2.48895,2.51686,1.33087,0.009604,0.009604,0.009604
402,2030.03,0.54778,0.80118,0.41598,0.84269,0.40399,0.37263,0.4152,0.2931,0.4192,0.38353,0.40434,0.26879,1.32602,2.54126,2.36091,1.34119,0.00960301,0.00960301,0.00960301
403,2035.1,0.54021,0.81336,0.40781,0.83331,0.46457,0.35515,0.42185,0.30263,0.48898,0.3766,0.43392,0.28238,1.3347,2.64749,2.32823,1.37032,0.00960202,0.00960202,0.00960202
404,2040.16,0.53627,0.79184,0.422,0.84778,0.509,0.37977,0.44992,0.32071,0.54458,0.40502,0.4621,0.30226,1.36016,2.79789,2.31677,1.39865,0.00960103,0.00960103,0.00960103
405,2045.25,0.52137,0.87387,0.41008,0.84524,0.58189,0.3565,0.44438,0.3317,0.53979,0.38355,0.45426,0.31127,1.30576,2.69501,2.16788,1.38111,0.00960004,0.00960004,0.00960004
406,2050.32,0.53994,0.82292,0.42286,0.85289,0.62882,0.34729,0.44212,0.3232,0.60285,0.38346,0.46003,0.30451,1.30972,2.64038,2.33738,1.38292,0.00959905,0.00959905,0.00959905
407,2055.36,0.56701,0.8364,0.42576,0.85304,0.63536,0.31826,0.41977,0.31374,0.60514,0.33272,0.4306,0.29369,1.34717,2.79171,2.48327,1.3797,0.00959806,0.00959806,0.00959806
408,2060.45,0.51627,0.82202,0.39492,0.84382,0.57997,0.32096,0.41887,0.32226,0.57997,0.32096,0.4097,0.2893,1.29995,2.79816,2.45412,1.35257,0.00959707,0.00959707,0.00959707
409,2065.54,0.56545,0.78548,0.4055,0.83086,0.62638,0.36347,0.42336,0.31673,0.62784,0.36293,0.41894,0.29244,1.27933,2.82519,2.54965,1.33195,0.00959608,0.00959608,0.00959608
410,2070.63,0.53338,0.77465,0.40064,0.83253,0.59693,0.38239,0.4401,0.32816,0.58351,0.37049,0.43556,0.2911,1.2602,2.7528,2.52472,1.2808,0.00959509,0.00959509,0.00959509
411,2075.71,0.50312,0.76668,0.37488,0.83941,0.48503,0.40254,0.44628,0.33541,0.48561,0.40643,0.44949,0.31037,1.24457,2.69433,2.36874,1.27304,0.0095941,0.0095941,0.0095941
412,2080.79,0.51815,0.78505,0.39297,0.83318,0.54476,0.40047,0.47404,0.35125,0.56104,0.40699,0.47929,0.3232,1.22394,2.67939,2.22138,1.25029,0.00959311,0.00959311,0.00959311
413,2085.88,0.5454,0.77124,0.40689,0.83253,0.46046,0.447,0.46053,0.33865,0.5673,0.39868,0.46733,0.32552,1.22265,2.61802,2.15943,1.26641,0.00959212,0.00959212,0.00959212
414,2090.96,0.52491,0.77826,0.39988,0.84824,0.52715,0.43912,0.47715,0.33638,0.52701,0.43973,0.47269,0.32236,1.20839,2.59582,2.19339,1.28082,0.00959113,0.00959113,0.00959113
415,2096.07,0.55444,0.77402,0.40292,0.83303,0.53002,0.41614,0.47194,0.33504,0.54041,0.42267,0.47209,0.31956,1.22665,2.58637,2.31497,1.26675,0.00959014,0.00959014,0.00959014
416,2101.15,0.54493,0.77557,0.39603,0.84286,0.59346,0.35279,0.47124,0.33264,0.60586,0.35948,0.48389,0.31678,1.24329,2.53841,2.34401,1.28217,0.00958915,0.00958915,0.00958915
417,2106.23,0.55105,0.88252,0.42577,0.85411,0.62727,0.35188,0.46018,0.32708,0.63385,0.34778,0.45221,0.30667,1.24554,2.55387,2.38221,1.2795,0.00958816,0.00958816,0.00958816
418,2111.29,0.50841,0.77262,0.39328,0.84866,0.55465,0.34065,0.45603,0.31435,0.64329,0.31346,0.45502,0.29721,1.27936,2.59208,2.49552,1.28818,0.00958717,0.00958717,0.00958717
419,2116.39,0.53736,0.83972,0.40955,0.84919,0.56048,0.36581,0.44456,0.30388,0.66208,0.32442,0.4279,0.28673,1.29956,2.6223,2.53523,1.30734,0.00958618,0.00958618,0.00958618
420,2121.46,0.52742,0.78093,0.41477,0.84977,0.5265,0.35953,0.42826,0.29101,0.58114,0.37334,0.46723,0.27854,1.40291,2.52156,2.54576,1.37302,0.00958519,0.00958519,0.00958519
421,2126.6,0.52373,0.85413,0.40286,0.8364,0.43323,0.4005,0.41284,0.27778,0.47514,0.41439,0.43824,0.25964,1.50097,2.68146,2.52435,1.48125,0.0095842,0.0095842,0.0095842
422,2131.7,0.53385,0.7949,0.39145,0.83918,0.62363,0.31151,0.39237,0.26761,0.55226,0.38292,0.40431,0.25077,1.41163,2.55643,2.57424,1.38512,0.00958321,0.00958321,0.00958321
423,2136.79,0.51962,0.82312,0.38822,0.84267,0.51406,0.3789,0.41279,0.29488,0.5848,0.35712,0.43152,0.27133,1.38151,2.4794,2.61449,1.35511,0.00958222,0.00958222,0.00958222
424,2141.83,0.51715,0.78638,0.39007,0.83731,0.51339,0.4101,0.45864,0.32525,0.50916,0.39586,0.45422,0.29569,1.36003,2.40854,2.40355,1.3419,0.00958123,0.00958123,0.00958123
425,2146.9,0.53359,0.8164,0.40227,0.8493,0.56828,0.37578,0.44974,0.32848,0.61221,0.37569,0.4472,0.30308,1.28204,2.3407,2.3671,1.28356,0.00958024,0.00958024,0.00958024
426,2151.96,0.53544,0.75408,0.4181,0.84582,0.6178,0.35252,0.43293,0.31028,0.6178,0.35252,0.42505,0.29238,1.26947,2.42436,2.39944,1.2861,0.00957925,0.00957925,0.00957925
427,2157.04,0.57335,0.83206,0.43661,0.85037,0.56526,0.35306,0.43939,0.33412,0.56526,0.35306,0.43467,0.31333,1.20251,2.409,2.30488,1.2651,0.00957826,0.00957826,0.00957826
428,2162.11,0.52042,0.78963,0.3985,0.84893,0.53887,0.36548,0.42894,0.31918,0.53887,0.36548,0.42096,0.30728,1.24508,2.52658,2.40544,1.31396,0.00957727,0.00957727,0.00957727
429,2167.21,0.50387,0.84477,0.38997,0.83661,0.55561,0.3719,0.4183,0.31025,0.55561,0.3719,0.4157,0.3051,1.23944,2.54523,2.44538,1.31055,0.00957628,0.00957628,0.00957628
430,2172.3,0.5161,0.82199,0.3842,0.84493,0.47415,0.38254,0.42169,0.32217,0.47415,0.38254,0.41874,0.30056,1.24213,2.47683,2.59044,1.30557,0.00957529,0.00957529,0.00957529
431,2177.4,0.53251,0.80014,0.39233,0.84054,0.49459,0.41876,0.43411,0.33249,0.4816,0.40728,0.42687,0.312,1.25592,2.58978,2.58916,1.30294,0.0095743,0.0095743,0.0095743
432,2182.48,0.53395,0.78738,0.41755,0.82713,0.57933,0.37186,0.42842,0.32663,0.57933,0.37186,0.42842,0.29416,1.29801,2.70761,2.58003,1.31427,0.00957331,0.00957331,0.00957331
433,2187.57,0.50888,0.74261,0.39113,0.84799,0.65102,0.33116,0.40658,0.31305,0.65102,0.33116,0.41001,0.29659,1.31601,2.70898,2.50101,1.32012,0.00957232,0.00957232,0.00957232
434,2192.66,0.55456,0.86995,0.41726,0.84237,0.58327,0.28985,0.42281,0.31768,0.60898,0.29901,0.42223,0.30266,1.33968,2.63467,2.63755,1.333,0.00957133,0.00957133,0.00957133
435,2197.78,0.5267,0.89469,0.39257,0.8446,0.44783,0.3923,0.42554,0.31409,0.44783,0.3923,0.41808,0.29822,1.26358,2.59948,2.56023,1.29894,0.00957034,0.00957034,0.00957034
436,2202.89,0.52341,0.7679,0.38366,0.8449,0.52662,0.34181,0.4186,0.31339,0.51779,0.35821,0.41677,0.29229,1.203,2.58366,2.47436,1.25728,0.00956935,0.00956935,0.00956935
437,2207.96,0.48249,0.77683,0.37163,0.82974,0.62009,0.337,0.43094,0.31314,0.60511,0.32548,0.41429,0.28994,1.20728,2.54022,2.42956,1.27568,0.00956836,0.00956836,0.00956836
438,2213.02,0.52278,0.79997,0.39199,0.84474,0.62151,0.37846,0.42297,0.3017,0.60899,0.36656,0.40871,0.28276,1.24537,2.57065,2.42322,1.30602,0.00956737,0.00956737,0.00956737
439,2218.15,0.50319,0.75661,0.3876,0.83668,0.52806,0.40785,0.44277,0.33142,0.52806,0.40785,0.4414,0.30784,1.26954,2.54233,2.34103,1.33659,0.00956638,0.00956638,0.00956638
440,2223.24,0.53137,0.8504,0.40979,0.8416,0.59158,0.40996,0.42475,0.31308,0.53703,0.39607,0.41655,0.2856,1.28276,2.60986,2.4793,1.36253,0.00956539,0.00956539,0.00956539
441,2228.3,0.49,0.74886,0.36967,0.83071,0.5342,0.38615,0.41716,0.30853,0.5342,0.38615,0.41854,0.29406,1.30413,2.65371,2.53842,1.3616,0.0095644,0.0095644,0.0095644
442,2233.4,0.54859,0.77495,0.40563,0.84168,0.56935,0.32179,0.39117,0.30062,0.58679,0.3336,0.40184,0.28815,1.29203,2.74063,2.60451,1.37,0.00956341,0.00956341,0.00956341
443,2238.49,0.5053,0.78688,0.38186,0.83808,0.56273,0.3498,0.37934,0.28238,0.56273,0.3498,0.38545,0.26336,1.3906,2.83246,2.66269,1.42538,0.00956242,0.00956242,0.00956242
444,2243.56,0.51853,0.75132,0.38322,0.8473,0.53629,0.37424,0.40509,0.29916,0.50429,0.40941,0.41343,0.3006,1.39377,2.77788,2.40936,1.47976,0.00956143,0.00956143,0.00956143
445,2248.65,0.50502,0.74167,0.38711,0.83814,0.71762,0.32395,0.43898,0.3113,0.71762,0.32395,0.43677,0.31325,1.39217,2.64645,2.5066,1.43916,0.00956044,0.00956044,0.00956044
446,2253.79,0.48633,0.7052,0.36961,0.8297,0.4528,0.41273,0.41555,0.29627,0.4528,0.41273,0.41356,0.30288,1.25719,2.55065,2.69733,1.31835,0.00955945,0.00955945,0.00955945
447,2258.88,0.49579,0.7376,0.37482,0.83764,0.61057,0.33931,0.41085,0.29239,0.61057,0.33931,0.4049,0.2955,1.29758,2.62109,2.63978,1.35456,0.00955846,0.00955846,0.00955846
448,2263.97,0.51841,0.76617,0.38533,0.84375,0.60025,0.3445,0.40376,0.29763,0.60025,0.3445,0.40376,0.28873,1.3315,2.62806,2.81764,1.36258,0.00955747,0.00955747,0.00955747
449,2269.07,0.52902,0.82643,0.38607,0.84777,0.70957,0.30248,0.38904,0.28228,0.69193,0.29692,0.37763,0.26739,1.3863,2.5449,3.04883,1.39409,0.00955648,0.00955648,0.00955648
450,2274.13,0.48934,0.75818,0.36516,0.83491,0.46876,0.35858,0.36634,0.26209,0.62742,0.28464,0.37347,0.25504,1.36307,2.47863,3.14442,1.36494,0.00955549,0.00955549,0.00955549
451,2279.2,0.50741,0.80098,0.38338,0.84107,0.59942,0.30999,0.37261,0.27648,0.48704,0.33006,0.38086,0.25904,1.32692,2.49479,3.02542,1.34268,0.0095545,0.0095545,0.0095545
452,2284.27,0.5272,0.82561,0.38288,0.84003,0.60104,0.33016,0.36836,0.26691,0.58798,0.32341,0.37391,0.24756,1.32549,2.4409,2.96317,1.32893,0.00955351,0.00955351,0.00955351
453,2289.36,0.51875,0.81847,0.3915,0.84493,0.64371,0.31321,0.38786,0.26688,0.62411,0.3013,0.37923,0.25101,1.33588,2.40087,2.78919,1.35637,0.00955252,0.00955252,0.00955252
454,2294.46,0.55551,0.88787,0.41069,0.83913,0.60162,0.31298,0.38615,0.27622,0.58532,0.29555,0.37582,0.25255,1.35357,2.43908,2.79478,1.3373,0.00955153,0.00955153,0.00955153
455,2299.55,0.53791,0.74535,0.39302,0.83211,0.596,0.32856,0.412,0.29698,0.48566,0.29601,0.38556,0.26839,1.35838,2.48014,2.83193,1.34059,0.00955054,0.00955054,0.00955054
456,2304.65,0.4939,0.75913,0.37845,0.84836,0.76981,0.2761,0.39887,0.28488,0.52001,0.25076,0.36955,0.25779,1.30844,2.61679,2.79488,1.30486,0.00954955,0.00954955,0.00954955
457,2309.75,0.49166,0.76953,0.37808,0.84796,0.68374,0.30546,0.3983,0.27431,0.50603,0.28578,0.3687,0.25273,1.34875,2.63605,2.79309,1.36111,0.00954856,0.00954856,0.00954856
458,2314.87,0.48603,0.77114,0.36668,0.83651,0.4926,0.38711,0.41176,0.29147,0.48281,0.37562,0.40102,0.27116,1.35001,2.55056,2.71133,1.34797,0.00954757,0.00954757,0.00954757
459,2319.95,0.49916,0.74131,0.36082,0.83517,0.57903,0.37177,0.42794,0.30669,0.51649,0.34604,0.40372,0.2786,1.37173,2.50195,2.69982,1.39864,0.00954658,0.00954658,0.00954658
460,2325.08,0.48061,0.76711,0.3692,0.83788,0.62465,0.36463,0.42303,0.31269,0.55075,0.33891,0.41518,0.28277,1.37477,2.53762,2.7262,1.41347,0.00954559,0.00954559,0.00954559
461,2330.16,0.50506,0.77798,0.3839,0.83965,0.67169,0.35605,0.42929,0.32587,0.59582,0.33043,0.42016,0.28657,1.34459,2.59826,2.59483,1.39293,0.0095446,0.0095446,0.0095446
462,2335.24,0.50352,0.75045,0.37568,0.82945,0.6201,0.35966,0.43684,0.32518,0.56203,0.33387,0.40789,0.30216,1.35143,2.84834,2.50803,1.417,0.00954361,0.00954361,0.00954361
463,2340.31,0.49494,0.72107,0.37614,0.83319,0.60552,0.34495,0.45983,0.33454,0.58424,0.33305,0.44992,0.30921,1.35678,2.95533,2.39704,1.38804,0.00954262,0.00954262,0.00954262
464,2345.38,0.50992,0.73944,0.3743,0.82715,0.50145,0.38454,0.44583,0.32717,0.49804,0.384,0.44438,0.31203,1.31578,3.07093,2.39981,1.36416,0.00954163,0.00954163,0.00954163
465,2350.45,0.52053,0.78753,0.38514,0.84165,0.60605,0.39563,0.43424,0.32173,0.49521,0.38202,0.41155,0.29471,1.25906,2.99786,2.27255,1.31869,0.00954064,0.00954064,0.00954064
466,2355.53,0.48613,0.68676,0.37017,0.83118,0.49043,0.41505,0.41915,0.3102,0.48773,0.38089,0.40312,0.28803,1.247,2.89256,2.36819,1.29562,0.00953965,0.00953965,0.00953965
467,2360.57,0.4986,0.78282,0.38321,0.83691,0.44821,0.38454,0.41883,0.3228,0.4501,0.34523,0.39849,0.28759,1.24971,2.92648,2.33932,1.33574,0.00953866,0.00953866,0.00953866
468,2365.66,0.50227,0.78683,0.37515,0.83173,0.47411,0.41435,0.43221,0.32608,0.50869,0.35998,0.41648,0.30288,1.23158,2.76509,2.49926,1.3133,0.00953767,0.00953767,0.00953767
469,2370.77,0.51535,0.70857,0.37593,0.84133,0.42446,0.38797,0.42157,0.32122,0.42568,0.38793,0.42504,0.29735,1.23316,2.72939,2.56652,1.31568,0.00953668,0.00953668,0.00953668
470,2375.84,0.51011,0.75904,0.39494,0.83395,0.57647,0.33662,0.44161,0.32495,0.57647,0.33662,0.43887,0.30553,1.22766,2.64498,2.41027,1.32268,0.00953569,0.00953569,0.00953569
471,2380.91,0.5078,0.79573,0.38316,0.84743,0.44675,0.44379,0.43328,0.32319,0.45025,0.45315,0.43519,0.29896,1.2088,2.55716,2.4936,1.28874,0.0095347,0.0095347,0.0095347
472,2386.01,0.51496,0.7666,0.37916,0.83937,0.43781,0.44839,0.4441,0.32028,0.48475,0.38291,0.43287,0.30762,1.25403,2.44343,2.44583,1.3128,0.00953371,0.00953371,0.00953371
473,2391.15,0.49939,0.73465,0.3814,0.82772,0.43106,0.44682,0.45044,0.31923,0.42451,0.45298,0.44277,0.29542,1.30658,2.43552,2.38203,1.35876,0.00953272,0.00953272,0.00953272
474,2396.23,0.50425,0.76556,0.37526,0.83992,0.39885,0.42908,0.44346,0.29897,0.39129,0.42232,0.43567,0.29402,1.36148,2.3885,2.40784,1.43292,0.00953173,0.00953173,0.00953173
475,2401.3,0.49534,0.74216,0.37076,0.8156,0.38084,0.36248,0.41929,0.29589,0.49724,0.31945,0.40387,0.27547,1.2633,2.44472,2.52736,1.34927,0.00953074,0.00953074,0.00953074
476,2406.36,0.47117,0.71998,0.35777,0.84062,0.40991,0.39416,0.43394,0.30928,0.53755,0.2999,0.42038,0.28127,1.22975,2.43605,2.55037,1.33351,0.00952975,0.00952975,0.00952975
477,2411.48,0.51271,0.70602,0.38087,0.82466,0.61681,0.31006,0.43882,0.31328,0.41747,0.39325,0.44909,0.29317,1.2002,2.42497,2.49665,1.33634,0.00952876,0.00952876,0.00952876
478,2416.55,0.50789,0.75756,0.37075,0.83871,0.6658,0.31314,0.4488,0.32132,0.70607,0.31006,0.45033,0.29939,1.20966,2.4356,2.47365,1.3439,0.00952777,0.00952777,0.00952777
479,2421.63,0.48758,0.76519,0.36418,0.8375,0.61707,0.33418,0.43399,0.31374,0.6006,0.32774,0.4201,0.29173,1.2416,2.50376,2.51094,1.3741,0.00952678,0.00952678,0.00952678
480,2426.7,0.49032,0.77542,0.38295,0.8447,0.5832,0.32196,0.41027,0.29315,0.5832,0.32196,0.40662,0.2858,1.29553,2.50203,2.48447,1.43393,0.00952579,0.00952579,0.00952579
481,2431.79,0.4817,0.71069,0.35675,0.82473,0.50276,0.33636,0.41664,0.29984,0.50092,0.34097,0.41715,0.2894,1.26785,2.44189,2.50522,1.38996,0.0095248,0.0095248,0.0095248
482,2436.87,0.49245,0.74183,0.36324,0.84212,0.57629,0.27751,0.39599,0.29385,0.52369,0.32744,0.40664,0.29018,1.30292,2.42325,2.5043,1.39384,0.00952381,0.00952381,0.00952381
483,2441.92,0.47922,0.72124,0.35679,0.82589,0.49979,0.33279,0.41952,0.30231,0.51038,0.34415,0.42356,0.29582,1.25134,2.40697,2.71152,1.33209,0.00952282,0.00952282,0.00952282
484,2447.01,0.52223,0.7976,0.38579,0.83275,0.4564,0.43518,0.41903,0.30135,0.43843,0.40908,0.41398,0.29299,1.24006,2.45438,2.60181,1.30927,0.00952183,0.00952183,0.00952183
485,2452.1,0.47604,0.72002,0.36431,0.8385,0.57179,0.35448,0.43054,0.31246,0.57179,0.35448,0.42402,0.28802,1.20995,2.50466,2.48255,1.28849,0.00952084,0.00952084,0.00952084
486,2457.21,0.52517,0.75377,0.39058,0.84432,0.53161,0.37418,0.44493,0.31826,0.53161,0.37418,0.45152,0.29963,1.20635,2.48003,2.42724,1.30575,0.00951985,0.00951985,0.00951985
487,2462.3,0.50531,0.7473,0.37077,0.83489,0.57035,0.35553,0.46232,0.32241,0.57035,0.35553,0.47095,0.30859,1.22417,2.52098,2.39114,1.32258,0.00951886,0.00951886,0.00951886
488,2467.41,0.50358,0.74475,0.37293,0.83676,0.47094,0.4907,0.46752,0.33253,0.47094,0.4907,0.46272,0.30887,1.24423,2.49358,2.27106,1.33417,0.00951787,0.00951787,0.00951787
489,2472.51,0.48583,0.70529,0.36642,0.83589,0.51118,0.43303,0.48069,0.35543,0.56485,0.44079,0.49219,0.31868,1.23567,2.56058,2.28824,1.33968,0.00951688,0.00951688,0.00951688
490,2477.61,0.47782,0.71506,0.35709,0.8266,0.58211,0.41625,0.48223,0.35815,0.59178,0.42734,0.48951,0.32705,1.25046,2.56562,2.17045,1.33106,0.00951589,0.00951589,0.00951589
491,2482.68,0.52118,0.77154,0.37796,0.84164,0.53936,0.40774,0.44909,0.3407,0.57208,0.43277,0.46433,0.32633,1.29024,2.59074,2.2526,1.37092,0.0095149,0.0095149,0.0095149
492,2487.77,0.49381,0.7349,0.36711,0.8277,0.63119,0.38782,0.45368,0.34207,0.57317,0.38898,0.43767,0.31674,1.29395,2.62809,2.35098,1.38678,0.00951391,0.00951391,0.00951391
493,2492.84,0.50823,0.80702,0.39447,0.84034,0.57283,0.39187,0.4321,0.32111,0.61291,0.41711,0.44899,0.30171,1.29434,2.6422,2.2802,1.39121,0.00951292,0.00951292,0.00951292
494,2497.94,0.50964,0.73398,0.37037,0.8291,0.52141,0.43091,0.43622,0.31871,0.59657,0.4071,0.45587,0.29076,1.26023,2.71705,2.30585,1.37964,0.00951193,0.00951193,0.00951193
495,2503.01,0.50341,0.7384,0.36517,0.83598,0.48114,0.42873,0.42643,0.30342,0.47271,0.41569,0.40504,0.27716,1.3076,2.71095,2.44447,1.40929,0.00951094,0.00951094,0.00951094
496,2508.1,0.52433,0.74798,0.39454,0.83769,0.64854,0.34627,0.39838,0.29814,0.59576,0.36684,0.41362,0.27664,1.30335,2.77101,2.50487,1.39163,0.00950995,0.00950995,0.00950995
497,2513.18,0.49196,0.69991,0.37336,0.83138,0.69913,0.34372,0.43008,0.32068,0.59103,0.33279,0.41375,0.30178,1.26166,2.84598,2.53659,1.35996,0.00950896,0.00950896,0.00950896
498,2518.29,0.51023,0.74362,0.38829,0.82282,0.75929,0.30866,0.43415,0.31515,0.47258,0.34469,0.41982,0.28587,1.28405,2.90652,2.54869,1.37812,0.00950797,0.00950797,0.00950797
499,2523.41,0.48231,0.74509,0.37953,0.83104,0.75029,0.30798,0.44087,0.3199,0.73402,0.30122,0.4319,0.29726,1.25979,2.75263,2.50873,1.33649,0.00950698,0.00950698,0.00950698
500,2528.5,0.49594,0.73576,0.37428,0.83891,0.61602,0.34398,0.43807,0.32101,0.60333,0.33838,0.43183,0.29879,1.26224,2.73743,2.4875,1.31188,0.00950599,0.00950599,0.00950599
501,2533.6,0.49857,0.73499,0.37022,0.83597,0.67814,0.33586,0.43037,0.31693,0.63232,0.32717,0.41638,0.3041,1.21351,2.7262,2.41971,1.28565,0.009505,0.009505,0.009505
502,2538.68,0.51396,0.74342,0.37575,0.83958,0.59704,0.35548,0.44099,0.33086,0.59116,0.3492,0.44263,0.30439,1.18389,2.70755,2.41592,1.2751,0.00950401,0.00950401,0.00950401
503,2543.76,0.48294,0.82275,0.36,0.83221,0.63605,0.3542,0.4384,0.32872,0.57316,0.34207,0.42779,0.29416,1.17648,2.75111,2.36984,1.28531,0.00950302,0.00950302,0.00950302
504,2548.87,0.52119,0.79166,0.39722,0.83993,0.64614,0.32395,0.4139,0.32018,0.48049,0.36234,0.41929,0.28842,1.18164,2.77224,2.31073,1.29138,0.00950203,0.00950203,0.00950203
505,2553.99,0.52085,0.78874,0.37945,0.82554,0.59693,0.32194,0.41044,0.31785,0.59787,0.3033,0.40484,0.29811,1.1785,2.76031,2.33867,1.27125,0.00950104,0.00950104,0.00950104
506,2559.05,0.49762,0.72356,0.37535,0.84173,0.55323,0.35699,0.41769,0.31917,0.56636,0.36831,0.426,0.30621,1.2048,2.66445,2.43155,1.28727,0.00950005,0.00950005,0.00950005
507,2564.13,0.4935,0.70746,0.37746,0.84564,0.497,0.35663,0.43317,0.33714,0.468,0.33265,0.42585,0.30555,1.21066,2.59938,2.4724,1.29945,0.00949906,0.00949906,0.00949906
508,2569.21,0.47482,0.81467,0.35724,0.8304,0.54744,0.32767,0.4369,0.33556,0.56275,0.33999,0.42105,0.31022,1.21265,2.55758,2.51868,1.30041,0.00949807,0.00949807,0.00949807
509,2574.3,0.47493,0.76602,0.36457,0.82841,0.39759,0.38503,0.45824,0.34743,0.39087,0.37798,0.44864,0.32341,1.21755,2.6131,2.44892,1.30125,0.00949708,0.00949708,0.00949708
510,2579.45,0.46016,0.70892,0.35554,0.83446,0.5219,0.41369,0.46901,0.35067,0.51309,0.40706,0.46351,0.32967,1.22337,2.61469,2.47082,1.29965,0.00949609,0.00949609,0.00949609
511,2584.53,0.48179,0.80335,0.37031,0.82798,0.64254,0.3609,0.46796,0.34554,0.62926,0.35414,0.46074,0.33171,1.25724,2.66469,2.6158,1.29786,0.0094951,0.0094951,0.0094951
512,2589.6,0.48662,0.69891,0.37576,0.82385,0.50772,0.41018,0.47097,0.33955,0.46211,0.39845,0.446,0.32665,1.2289,2.5897,2.53572,1.30593,0.00949411,0.00949411,0.00949411
513,2594.68,0.50861,0.79698,0.38849,0.84091,0.50493,0.39702,0.45414,0.33117,0.49063,0.39038,0.44542,0.32263,1.1943,2.52801,2.53167,1.27752,0.00949312,0.00949312,0.00949312
514,2599.8,0.47764,0.69575,0.35856,0.83194,0.52338,0.38991,0.44878,0.33083,0.47505,0.38605,0.44234,0.31791,1.24538,2.52478,2.52171,1.29855,0.00949213,0.00949213,0.00949213
515,2604.89,0.48083,0.69945,0.36526,0.83006,0.48897,0.43269,0.45246,0.32836,0.49135,0.40385,0.44801,0.31182,1.26848,2.53477,2.49202,1.29915,0.00949114,0.00949114,0.00949114
516,2609.96,0.50455,0.69593,0.39202,0.84409,0.4997,0.43324,0.46639,0.33501,0.58871,0.36829,0.46144,0.32458,1.24997,2.49697,2.53678,1.28185,0.00949015,0.00949015,0.00949015
517,2615.05,0.48936,0.71458,0.36494,0.83805,0.61613,0.34935,0.44976,0.33369,0.61613,0.34935,0.44841,0.31523,1.21034,2.48414,2.57205,1.25606,0.00948916,0.00948916,0.00948916
518,2620.14,0.49027,0.68044,0.37055,0.84216,0.52201,0.41875,0.45729,0.33931,0.50439,0.41296,0.45069,0.30767,1.21854,2.5344,2.66357,1.2326,0.00948817,0.00948817,0.00948817
519,2625.21,0.47604,0.69853,0.36039,0.82326,0.56624,0.39739,0.44587,0.33245,0.53384,0.37219,0.4332,0.2936,1.23322,2.55595,2.53697,1.25878,0.00948718,0.00948718,0.00948718
520,2630.33,0.49385,0.75058,0.36584,0.83825,0.56771,0.39965,0.44697,0.3413,0.52316,0.37063,0.44225,0.3099,1.20475,2.52492,2.43927,1.22121,0.00948619,0.00948619,0.00948619
521,2635.43,0.48437,0.73169,0.36768,0.83644,0.5034,0.4143,0.4436,0.33076,0.48275,0.40502,0.43746,0.30422,1.19231,2.52693,2.4825,1.22411,0.0094852,0.0094852,0.0094852
522,2640.53,0.47093,0.69582,0.36992,0.84277,0.62433,0.37041,0.44956,0.33825,0.49866,0.4144,0.43486,0.30821,1.22034,2.568,2.48606,1.23961,0.00948421,0.00948421,0.00948421
523,2645.63,0.47799,0.71619,0.36469,0.8182,0.62922,0.40685,0.4533,0.33284,0.60767,0.39296,0.44542,0.30809,1.20378,2.48867,2.44334,1.23801,0.00948322,0.00948322,0.00948322
524,2650.69,0.47147,0.69456,0.3596,0.82379,0.55055,0.43174,0.42972,0.31124,0.45896,0.46177,0.42619,0.29787,1.24367,2.44743,2.4866,1.28984,0.00948223,0.00948223,0.00948223
525,2655.77,0.47824,0.75494,0.37879,0.83475,0.51899,0.41955,0.43187,0.30763,0.49395,0.40709,0.42138,0.28559,1.23484,2.42664,2.50466,1.29123,0.00948124,0.00948124,0.00948124
526,2660.89,0.46668,0.72919,0.34669,0.81845,0.54946,0.40778,0.4386,0.31894,0.54946,0.40778,0.43479,0.30769,1.21359,2.45264,2.49199,1.30419,0.00948025,0.00948025,0.00948025
527,2666,0.52746,0.77984,0.39562,0.8397,0.55041,0.43939,0.43444,0.31732,0.55041,0.43939,0.43704,0.30636,1.23122,2.48243,2.49835,1.30326,0.00947926,0.00947926,0.00947926
528,2671.1,0.46949,0.72931,0.35873,0.82284,0.47062,0.44326,0.42307,0.31271,0.44547,0.45573,0.42094,0.29995,1.24748,2.53465,2.49794,1.33381,0.00947827,0.00947827,0.00947827
529,2676.2,0.45495,0.7457,0.35054,0.82615,0.438,0.44766,0.40162,0.29174,0.43914,0.44766,0.39875,0.27936,1.27267,2.60241,2.46525,1.34083,0.00947728,0.00947728,0.00947728
530,2681.28,0.47882,0.74823,0.36991,0.83099,0.48275,0.36796,0.41081,0.30224,0.3982,0.40307,0.39793,0.27887,1.25781,2.735,2.55229,1.32339,0.00947629,0.00947629,0.00947629
531,2686.39,0.48727,0.73767,0.37668,0.8277,0.44989,0.42472,0.42927,0.3122,0.41473,0.39413,0.4064,0.29314,1.27878,2.77286,2.55682,1.34395,0.0094753,0.0094753,0.0094753
532,2691.47,0.50496,0.73437,0.38068,0.84207,0.46842,0.43521,0.43917,0.31566,0.41906,0.40013,0.41207,0.29528,1.15782,2.7112,2.35962,1.24342,0.00947431,0.00947431,0.00947431
533,2696.58,0.46438,0.70654,0.35537,0.83398,0.46932,0.50356,0.45429,0.32656,0.43307,0.469,0.42937,0.29836,1.17901,2.62279,2.34522,1.25081,0.00947332,0.00947332,0.00947332
534,2701.64,0.46591,0.69285,0.36037,0.83644,0.4807,0.53024,0.48098,0.35326,0.4635,0.51166,0.45082,0.30639,1.21627,2.63429,2.10661,1.31082,0.00947233,0.00947233,0.00947233
535,2706.72,0.48596,0.71899,0.35946,0.84134,0.51185,0.54208,0.48089,0.34151,0.46077,0.49049,0.44174,0.3075,1.21009,2.63586,2.03965,1.31011,0.00947134,0.00947134,0.00947134
536,2711.8,0.48005,0.75007,0.35628,0.83267,0.61299,0.43286,0.49015,0.35581,0.55248,0.38947,0.44042,0.31491,1.19017,2.64097,2.06113,1.29704,0.00947035,0.00947035,0.00947035
537,2716.88,0.49528,0.71465,0.35982,0.83092,0.59236,0.41052,0.48712,0.3526,0.52386,0.35633,0.42954,0.31419,1.20967,2.68417,2.11433,1.32093,0.00946936,0.00946936,0.00946936
538,2721.95,0.47436,0.74064,0.3541,0.82909,0.61217,0.38544,0.47165,0.34989,0.52458,0.37676,0.43276,0.3161,1.20692,2.68477,2.14309,1.3139,0.00946837,0.00946837,0.00946837
539,2727.05,0.49697,0.74857,0.36468,0.82786,0.54843,0.41733,0.4753,0.35853,0.42729,0.42388,0.42164,0.31621,1.22236,2.78319,2.27364,1.33194,0.00946738,0.00946738,0.00946738
540,2732.17,0.50905,0.74234,0.37476,0.83414,0.65793,0.38283,0.46014,0.33565,0.61567,0.35704,0.41649,0.28966,1.23209,2.85987,2.38122,1.32347,0.00946639,0.00946639,0.00946639
541,2737.27,0.49002,0.7209,0.36731,0.82317,0.54547,0.43255,0.45546,0.33096,0.51244,0.3922,0.41401,0.28604,1.22834,2.9443,2.38328,1.3216,0.0094654,0.0094654,0.0094654
542,2742.37,0.50171,0.76168,0.37621,0.82849,0.46651,0.44472,0.44088,0.32415,0.43464,0.39874,0.40347,0.28239,1.31138,2.90468,2.47255,1.3683,0.00946441,0.00946441,0.00946441
543,2747.47,0.48472,0.73508,0.35824,0.82483,0.44811,0.45634,0.41931,0.31268,0.42724,0.43766,0.3961,0.26943,1.29298,2.82658,2.45205,1.35368,0.00946342,0.00946342,0.00946342
544,2752.55,0.49049,0.73798,0.3628,0.82323,0.49274,0.43757,0.42658,0.31526,0.4709,0.41891,0.39737,0.27658,1.277,2.73446,2.45918,1.35186,0.00946243,0.00946243,0.00946243
545,2757.65,0.45878,0.67613,0.34246,0.82424,0.45551,0.43609,0.42709,0.31773,0.41241,0.43254,0.40266,0.2761,1.24994,2.65119,2.50173,1.32973,0.00946144,0.00946144,0.00946144
546,2762.73,0.46971,0.69366,0.36056,0.82753,0.45272,0.39826,0.41597,0.31114,0.45516,0.40025,0.43065,0.2774,1.24356,2.60475,2.60713,1.30885,0.00946045,0.00946045,0.00946045
547,2767.85,0.47361,0.76115,0.34697,0.82391,0.49732,0.36534,0.40593,0.29881,0.47898,0.35343,0.39933,0.26949,1.23368,2.63965,2.55566,1.29592,0.00945946,0.00945946,0.00945946
548,2772.93,0.4818,0.73196,0.3699,0.83762,0.47036,0.35397,0.38641,0.2811,0.45762,0.35343,0.38542,0.26118,1.26519,2.67892,2.68916,1.32267,0.00945847,0.00945847,0.00945847
549,2778.05,0.46802,0.72198,0.3633,0.8192,0.53874,0.33162,0.39698,0.29658,0.41739,0.39336,0.39636,0.26919,1.27359,2.68219,2.58766,1.34729,0.00945748,0.00945748,0.00945748
550,2783.12,0.48282,0.67777,0.36009,0.83908,0.48644,0.39736,0.42012,0.30053,0.47311,0.36792,0.40422,0.27107,1.27176,2.71477,2.54137,1.34304,0.00945649,0.00945649,0.00945649
551,2788.23,0.4785,0.69829,0.37022,0.81852,0.44006,0.41548,0.39762,0.28476,0.42742,0.36939,0.37361,0.26253,1.26954,2.69333,2.49886,1.34243,0.0094555,0.0094555,0.0094555
552,2793.32,0.48892,0.73718,0.37022,0.83413,0.38241,0.38769,0.40357,0.29586,0.35207,0.36619,0.3908,0.26609,1.26443,2.6676,2.52345,1.33336,0.00945451,0.00945451,0.00945451
553,2798.42,0.48487,0.70192,0.37722,0.82224,0.43065,0.38506,0.38903,0.29112,0.41834,0.37246,0.38776,0.25955,1.24474,2.74678,2.51357,1.32476,0.00945352,0.00945352,0.00945352
554,2803.56,0.46203,0.70272,0.35123,0.82313,0.4386,0.37724,0.40098,0.30435,0.40869,0.35033,0.38663,0.27671,1.19952,2.68611,2.46442,1.27916,0.00945253,0.00945253,0.00945253
555,2808.66,0.47687,0.70565,0.37958,0.83626,0.46493,0.3691,0.39482,0.30448,0.46493,0.3691,0.40873,0.28138,1.22824,2.74227,2.50029,1.29939,0.00945154,0.00945154,0.00945154
556,2813.77,0.4738,0.7546,0.35628,0.83163,0.55706,0.34341,0.39949,0.29893,0.44709,0.31728,0.39744,0.2706,1.1989,2.76325,2.57497,1.27398,0.00945055,0.00945055,0.00945055
557,2818.8,0.47941,0.68373,0.35208,0.82869,0.62727,0.35132,0.4162,0.31493,0.69506,0.3447,0.42809,0.2894,1.20813,2.63551,2.54236,1.28604,0.00944956,0.00944956,0.00944956
558,2823.92,0.48503,0.73349,0.36428,0.83455,0.54479,0.361,0.40985,0.31268,0.53524,0.36046,0.42364,0.29306,1.26366,2.60669,2.52164,1.33499,0.00944857,0.00944857,0.00944857
559,2828.98,0.49478,0.67579,0.36803,0.82754,0.57863,0.34368,0.39743,0.30084,0.51453,0.32925,0.3996,0.28443,1.33944,2.63785,2.53876,1.41489,0.00944758,0.00944758,0.00944758
560,2834.08,0.45155,0.70308,0.35465,0.81838,0.59122,0.29538,0.40435,0.29922,0.43728,0.29976,0.37043,0.27205,1.31879,2.66186,2.58826,1.39353,0.00944659,0.00944659,0.00944659
561,2839.22,0.48244,0.70695,0.35813,0.82359,0.50248,0.33212,0.40834,0.30167,0.48334,0.32651,0.39674,0.2833,1.28644,2.70711,2.73717,1.36421,0.0094456,0.0094456,0.0094456
562,2844.29,0.47773,0.70761,0.35905,0.83475,0.51621,0.34405,0.41334,0.30783,0.49394,0.33215,0.40547,0.28936,1.2743,2.70923,2.7179,1.36419,0.00944461,0.00944461,0.00944461
563,2849.4,0.46936,0.68468,0.35664,0.82861,0.51059,0.32303,0.40487,0.30048,0.46779,0.29742,0.39424,0.26817,1.2856,2.76399,2.7698,1.37793,0.00944362,0.00944362,0.00944362
564,2854.5,0.45891,0.69541,0.35164,0.8189,0.5796,0.32878,0.40642,0.30656,0.52909,0.30317,0.39893,0.27862,1.24576,2.76732,2.81578,1.34758,0.00944263,0.00944263,0.00944263
565,2859.63,0.48128,0.70218,0.35358,0.83748,0.53797,0.33252,0.41265,0.32452,0.51928,0.31864,0.41495,0.29416,1.25826,2.83405,2.73649,1.35335,0.00944164,0.00944164,0.00944164
566,2864.75,0.46719,0.7316,0.35907,0.82865,0.55244,0.31021,0.40235,0.30528,0.44171,0.3455,0.39899,0.2886,1.26409,2.86236,2.90567,1.35944,0.00944065,0.00944065,0.00944065
567,2869.84,0.46622,0.71471,0.35357,0.83558,0.45237,0.34389,0.38017,0.29428,0.43549,0.33,0.36612,0.26978,1.27586,2.82133,2.82439,1.31602,0.00943966,0.00943966,0.00943966
568,2874.93,0.4603,0.72309,0.35272,0.824,0.50785,0.34866,0.39117,0.29139,0.46251,0.32287,0.37066,0.26469,1.26961,2.83793,2.83894,1.29511,0.00943867,0.00943867,0.00943867
569,2880.02,0.46606,0.71226,0.36148,0.82631,0.45723,0.32269,0.38205,0.29398,0.40238,0.32767,0.37058,0.26601,1.2513,2.79025,2.8305,1.28465,0.00943768,0.00943768,0.00943768
570,2885.12,0.46408,0.7172,0.35262,0.81833,0.4977,0.30646,0.38149,0.29704,0.41125,0.32287,0.37278,0.27448,1.20523,2.7222,2.91056,1.26573,0.00943669,0.00943669,0.00943669
571,2890.23,0.47619,0.71531,0.34541,0.82006,0.55417,0.31044,0.4027,0.29861,0.53421,0.29853,0.39708,0.28679,1.23449,2.61043,2.99827,1.29337,0.0094357,0.0094357,0.0094357
572,2895.32,0.47464,0.7034,0.35178,0.82496,0.44823,0.34948,0.40066,0.30227,0.46655,0.36337,0.4196,0.30005,1.25626,2.53068,2.87393,1.3166,0.00943471,0.00943471,0.00943471
573,2900.43,0.47194,0.77091,0.35736,0.83908,0.44031,0.37093,0.39694,0.29065,0.49333,0.34046,0.39854,0.28459,1.28383,2.58381,2.777,1.33779,0.00943372,0.00943372,0.00943372
574,2905.53,0.46511,0.68883,0.34942,0.82347,0.42416,0.38426,0.40955,0.2934,0.47297,0.36275,0.40611,0.27882,1.32034,2.62338,2.65663,1.36987,0.00943273,0.00943273,0.00943273
575,2910.6,0.46667,0.65915,0.34557,0.82726,0.41539,0.37209,0.40851,0.29131,0.48955,0.34096,0.40111,0.26335,1.32005,2.61952,2.57577,1.35664,0.00943174,0.00943174,0.00943174
576,2915.7,0.48708,0.7291,0.35927,0.83814,0.56969,0.3123,0.40369,0.29577,0.51699,0.32755,0.40977,0.28366,1.3162,2.58646,2.55538,1.36703,0.00943075,0.00943075,0.00943075
577,2920.79,0.48557,0.70992,0.37067,0.82999,0.56776,0.32872,0.39795,0.29032,0.56776,0.32872,0.39714,0.27892,1.32716,2.63402,2.53347,1.36087,0.00942976,0.00942976,0.00942976
578,2925.89,0.49543,0.78388,0.38128,0.83353,0.52865,0.31006,0.37874,0.28091,0.47958,0.29617,0.36878,0.25648,1.32054,2.65075,2.59032,1.35097,0.00942877,0.00942877,0.00942877
579,2931.03,0.46088,0.73919,0.35184,0.82771,0.46089,0.31964,0.39097,0.28716,0.42511,0.30633,0.37179,0.26882,1.32571,2.62222,2.68452,1.35252,0.00942778,0.00942778,0.00942778
580,2936.16,0.44824,0.69847,0.33684,0.82254,0.4577,0.35808,0.41012,0.29947,0.44244,0.34641,0.40845,0.27285,1.26468,2.5576,2.7582,1.29767,0.00942679,0.00942679,0.00942679
581,2941.23,0.47214,0.73235,0.36363,0.84124,0.44331,0.35468,0.3864,0.28518,0.42435,0.34356,0.38109,0.26972,1.2782,2.57723,2.86661,1.33847,0.0094258,0.0094258,0.0094258
582,2946.35,0.49728,0.70539,0.36579,0.82802,0.45041,0.36999,0.39719,0.28455,0.4378,0.3606,0.3883,0.26607,1.25669,2.58832,2.84928,1.30869,0.00942481,0.00942481,0.00942481
583,2951.43,0.50053,0.76997,0.37587,0.83772,0.45576,0.37448,0.41744,0.29838,0.44198,0.3603,0.41658,0.27892,1.23865,2.57592,2.6939,1.2899,0.00942382,0.00942382,0.00942382
584,2956.51,0.43514,0.68315,0.33966,0.82267,0.61006,0.2895,0.42561,0.30375,0.58848,0.27775,0.41724,0.28251,1.27582,2.59872,2.70482,1.32221,0.00942283,0.00942283,0.00942283
585,2961.6,0.46894,0.69898,0.35432,0.83476,0.69565,0.26941,0.42296,0.28488,0.46979,0.31136,0.41609,0.27727,1.28742,2.60102,2.77669,1.32692,0.00942184,0.00942184,0.00942184
586,2966.68,0.5022,0.69862,0.376,0.82798,0.49304,0.29218,0.38228,0.25656,0.50594,0.30329,0.38961,0.24777,1.29856,2.59506,2.99611,1.33312,0.00942085,0.00942085,0.00942085
587,2971.77,0.45765,0.69733,0.36214,0.83175,0.6461,0.30215,0.41292,0.27779,0.62142,0.29032,0.39337,0.25655,1.32815,2.64568,3.00604,1.36919,0.00941986,0.00941986,0.00941986
588,2976.89,0.4813,0.73276,0.3709,0.82717,0.58145,0.33824,0.44923,0.30513,0.56028,0.32634,0.43135,0.29451,1.27428,2.60601,2.85354,1.32639,0.00941887,0.00941887,0.00941887
589,2982.02,0.5106,0.81803,0.38721,0.83672,0.53684,0.36301,0.40396,0.28002,0.51714,0.35114,0.38949,0.26777,1.25879,2.60685,2.84807,1.3072,0.00941788,0.00941788,0.00941788
590,2987.09,0.46145,0.68675,0.36241,0.82505,0.50718,0.34914,0.40083,0.28294,0.50718,0.34914,0.39002,0.25871,1.27059,2.63725,2.93571,1.31182,0.00941689,0.00941689,0.00941689
591,2992.2,0.50096,0.70569,0.37475,0.83573,0.45955,0.39015,0.42812,0.29766,0.58392,0.31712,0.40829,0.2805,1.33663,2.75086,2.82664,1.35768,0.0094159,0.0094159,0.0094159
592,2997.32,0.47603,0.73568,0.36366,0.83624,0.5557,0.38169,0.44104,0.32535,0.55482,0.36252,0.43099,0.29455,1.33806,2.87454,2.92704,1.35013,0.00941491,0.00941491,0.00941491
593,3002.43,0.47024,0.69944,0.36183,0.81969,0.50227,0.35581,0.43279,0.33706,0.51391,0.35186,0.42402,0.28991,1.30888,2.91769,2.67961,1.37734,0.00941392,0.00941392,0.00941392
594,3007.49,0.4933,0.6936,0.37708,0.8408,0.50821,0.39241,0.44096,0.33811,0.5463,0.34756,0.43463,0.30071,1.25376,2.9525,2.51024,1.34219,0.00941293,0.00941293,0.00941293
595,3012.62,0.50177,0.74152,0.37763,0.8315,0.54419,0.40048,0.45838,0.33861,0.48614,0.37472,0.44366,0.31467,1.25719,2.91942,2.21783,1.34214,0.00941194,0.00941194,0.00941194
596,3017.75,0.49823,0.70645,0.36335,0.83964,0.48584,0.44092,0.47097,0.35112,0.46836,0.43297,0.461,0.31251,1.27552,2.90824,2.17158,1.35485,0.00941095,0.00941095,0.00941095
597,3022.85,0.46766,0.70767,0.34894,0.82503,0.53378,0.43635,0.47519,0.33979,0.52269,0.42458,0.46999,0.31406,1.23793,2.88013,2.11462,1.32336,0.00940996,0.00940996,0.00940996
598,3027.94,0.49427,0.72792,0.37452,0.82409,0.64953,0.42345,0.48566,0.35627,0.63694,0.4116,0.47746,0.32601,1.24766,2.76673,2.05429,1.33909,0.00940897,0.00940897,0.00940897
599,3033.04,0.47685,0.71368,0.35612,0.83754,0.75579,0.3683,0.45882,0.34107,0.72554,0.34527,0.4459,0.31147,1.27685,2.78403,2.34593,1.35519,0.00940798,0.00940798,0.00940798
600,3038.13,0.46411,0.70824,0.35076,0.82156,0.49507,0.3767,0.43048,0.31683,0.44928,0.35091,0.40185,0.29016,1.29561,2.80007,2.58606,1.35835,0.00940699,0.00940699,0.00940699
601,3043.27,0.47013,0.65469,0.35927,0.8309,0.50565,0.35865,0.41181,0.31328,0.49151,0.34685,0.40196,0.29082,1.28567,2.72215,2.54248,1.36271,0.009406,0.009406,0.009406
602,3048.4,0.46746,0.73319,0.35124,0.82453,0.60121,0.3355,0.41121,0.32113,0.58051,0.32392,0.40495,0.29997,1.26692,2.66008,2.53564,1.32037,0.00940501,0.00940501,0.00940501
603,3053.52,0.47132,0.69085,0.35002,0.82443,0.58946,0.34685,0.42287,0.33392,0.5283,0.33685,0.40147,0.30748,1.22116,2.64903,2.34184,1.29178,0.00940402,0.00940402,0.00940402
604,3058.61,0.46026,0.73293,0.3467,0.82617,0.60826,0.33739,0.41904,0.33302,0.47886,0.3116,0.40953,0.30021,1.19205,2.69398,2.2278,1.27579,0.00940303,0.00940303,0.00940303
605,3063.75,0.4813,0.71584,0.35548,0.83371,0.57666,0.339,0.42336,0.32758,0.50425,0.32511,0.41743,0.30275,1.22327,2.69196,2.178,1.27934,0.00940204,0.00940204,0.00940204
606,3068.82,0.4357,0.64028,0.32908,0.82424,0.43427,0.38254,0.40892,0.32104,0.53991,0.29563,0.4062,0.29984,1.23925,2.73999,2.31338,1.29063,0.00940105,0.00940105,0.00940105
607,3073.93,0.49679,0.75385,0.36773,0.82776,0.50436,0.31937,0.40867,0.30921,0.49485,0.29563,0.40634,0.29286,1.29917,2.73543,2.45183,1.32135,0.00940006,0.00940006,0.00940006
608,3079.02,0.45709,0.71802,0.34767,0.82409,0.48286,0.30772,0.4071,0.30306,0.56976,0.28497,0.40405,0.28711,1.3432,2.78295,2.54438,1.35951,0.00939907,0.00939907,0.00939907
609,3084.11,0.45115,0.73668,0.34451,0.82225,0.45757,0.37675,0.39971,0.2963,0.44307,0.37076,0.39502,0.28272,1.29544,2.71011,2.65113,1.34358,0.00939808,0.00939808,0.00939808
610,3089.21,0.45081,0.69695,0.35398,0.82985,0.51726,0.30802,0.39929,0.29652,0.52636,0.30595,0.40558,0.28061,1.27439,2.66466,2.69121,1.37389,0.00939709,0.00939709,0.00939709
611,3094.31,0.47317,0.74014,0.3576,0.83795,0.45963,0.3566,0.38931,0.29067,0.49754,0.31006,0.38589,0.2749,1.27631,2.66099,2.64906,1.37265,0.0093961,0.0093961,0.0093961
612,3099.44,0.48293,0.7353,0.36523,0.84143,0.48607,0.37331,0.40887,0.30056,0.47372,0.36147,0.4046,0.28483,1.33351,2.58227,2.61183,1.39343,0.00939511,0.00939511,0.00939511
613,3104.56,0.45263,0.68976,0.34631,0.82616,0.58936,0.34999,0.41698,0.30917,0.57347,0.33876,0.40601,0.28766,1.26143,2.59397,2.63123,1.35773,0.00939412,0.00939412,0.00939412
614,3109.63,0.46377,0.70193,0.36008,0.82956,0.60357,0.32586,0.40477,0.30133,0.58655,0.314,0.39944,0.26716,1.29817,2.60513,2.63578,1.38545,0.00939313,0.00939313,0.00939313
615,3114.77,0.46155,0.74598,0.34488,0.82382,0.5705,0.33947,0.41166,0.30581,0.55573,0.32761,0.40065,0.2734,1.24683,2.66133,2.56896,1.34091,0.00939214,0.00939214,0.00939214
616,3119.89,0.47258,0.73124,0.35825,0.82736,0.46214,0.39929,0.41758,0.29764,0.44989,0.38738,0.40614,0.27281,1.24335,2.65672,2.31143,1.349,0.00939115,0.00939115,0.00939115
617,3124.97,0.46375,0.71321,0.35477,0.82487,0.43417,0.46646,0.41915,0.29556,0.42175,0.45473,0.40568,0.27216,1.26269,2.67609,2.20893,1.34907,0.00939016,0.00939016,0.00939016
618,3130.1,0.4565,0.72146,0.33475,0.82298,0.44592,0.45789,0.41207,0.29395,0.43977,0.44519,0.4132,0.26992,1.23394,2.71297,2.33591,1.30673,0.00938917,0.00938917,0.00938917
619,3135.26,0.46143,0.66004,0.34169,0.81568,0.46676,0.462,0.42504,0.303,0.44589,0.44453,0.41957,0.27487,1.24147,2.78229,2.35367,1.31856,0.00938818,0.00938818,0.00938818
620,3140.38,0.47877,0.706,0.34119,0.81944,0.46594,0.41747,0.41045,0.28954,0.43966,0.40562,0.39651,0.26118,1.25257,2.83112,2.43076,1.30674,0.00938719,0.00938719,0.00938719
621,3145.45,0.45639,0.66399,0.35158,0.82547,0.51221,0.41017,0.42337,0.31179,0.49386,0.36313,0.41257,0.27122,1.28753,2.84539,2.44584,1.33467,0.0093862,0.0093862,0.0093862
622,3150.56,0.46911,0.69075,0.35787,0.8251,0.5367,0.40015,0.42355,0.32082,0.50177,0.3789,0.39973,0.27864,1.28692,2.793,2.45011,1.3272,0.00938521,0.00938521,0.00938521
623,3155.69,0.4657,0.66044,0.36361,0.8122,0.55984,0.41678,0.45032,0.32849,0.52519,0.39283,0.41703,0.29875,1.26845,2.67284,2.43422,1.29219,0.00938422,0.00938422,0.00938422
624,3160.74,0.45706,0.67622,0.34988,0.83652,0.69154,0.33887,0.42995,0.31349,0.45611,0.4058,0.4141,0.29148,1.27299,2.57027,2.41552,1.28712,0.00938323,0.00938323,0.00938323
625,3165.85,0.53791,0.87822,0.39224,0.84669,0.46006,0.41732,0.42816,0.31543,0.4427,0.40343,0.41034,0.28909,1.20402,2.52413,2.30611,1.27904,0.00938224,0.00938224,0.00938224
626,3170.96,0.4409,0.67981,0.33518,0.82495,0.43723,0.45595,0.4362,0.32745,0.42976,0.45038,0.41942,0.31154,1.18848,2.56763,2.28726,1.27043,0.00938125,0.00938125,0.00938125
627,3176.1,0.44131,0.63894,0.32939,0.81533,0.48701,0.41259,0.44097,0.32551,0.48159,0.38138,0.41802,0.30241,1.2362,2.65201,2.33201,1.30042,0.00938026,0.00938026,0.00938026
628,3181.17,0.46443,0.67564,0.35086,0.82705,0.48317,0.41819,0.42589,0.30679,0.5111,0.38308,0.41227,0.28483,1.28654,2.76405,2.33699,1.34451,0.00937927,0.00937927,0.00937927
629,3186.27,0.43732,0.6906,0.34226,0.83503,0.46561,0.46066,0.4488,0.3245,0.44429,0.44069,0.43022,0.30899,1.27095,2.7874,2.33647,1.35443,0.00937828,0.00937828,0.00937828
630,3191.39,0.47266,0.71287,0.35858,0.8353,0.43585,0.46245,0.44642,0.31669,0.60009,0.32872,0.44265,0.30183,1.30894,2.82589,2.48732,1.36678,0.00937729,0.00937729,0.00937729
631,3196.52,0.45259,0.65177,0.35233,0.83675,0.32614,0.58009,0.44992,0.32111,0.32146,0.57757,0.45364,0.30916,1.23522,2.94204,2.44408,1.33239,0.0093763,0.0093763,0.0093763
632,3201.62,0.47094,0.72967,0.35197,0.83323,0.58198,0.35413,0.44553,0.33655,0.52313,0.33973,0.42851,0.30068,1.2431,2.88762,2.28909,1.34613,0.00937531,0.00937531,0.00937531
633,3206.69,0.47013,0.75352,0.3531,0.83063,0.47942,0.42431,0.4441,0.31775,0.4598,0.40974,0.42889,0.29582,1.27099,2.93586,2.56563,1.37707,0.00937432,0.00937432,0.00937432
634,3211.8,0.47724,0.7683,0.35479,0.82712,0.54964,0.39946,0.43018,0.32478,0.50956,0.3856,0.42281,0.29289,1.21322,2.92853,2.4733,1.32327,0.00937333,0.00937333,0.00937333
635,3216.91,0.48331,0.68513,0.35759,0.84085,0.48351,0.4227,0.43922,0.32314,0.4541,0.40881,0.42571,0.29088,1.2079,2.94234,2.45144,1.31933,0.00937234,0.00937234,0.00937234
636,3222.03,0.44511,0.67609,0.33966,0.82881,0.42022,0.39121,0.43591,0.30916,0.42022,0.39121,0.42591,0.2809,1.32726,2.92442,2.75488,1.35655,0.00937135,0.00937135,0.00937135
637,3227.15,0.4432,0.681,0.33819,0.82649,0.43087,0.41834,0.43034,0.30593,0.40864,0.40445,0.41607,0.28154,1.30442,2.79903,2.55082,1.3441,0.00937036,0.00937036,0.00937036
638,3232.25,0.45531,0.68552,0.34566,0.8238,0.44778,0.43231,0.44537,0.33395,0.42377,0.42007,0.43145,0.30081,1.23876,2.74867,2.46164,1.31692,0.00936937,0.00936937,0.00936937
639,3237.35,0.45829,0.66517,0.35583,0.82339,0.43802,0.43832,0.46741,0.35235,0.40735,0.42591,0.45107,0.32199,1.18726,2.80226,2.31423,1.29339,0.00936838,0.00936838,0.00936838
640,3242.49,0.45223,0.70878,0.34483,0.82795,0.48408,0.43861,0.47322,0.35489,0.50224,0.43744,0.46607,0.32583,1.19562,2.73996,2.25613,1.27436,0.00936739,0.00936739,0.00936739
641,3247.59,0.45564,0.71849,0.34628,0.83357,0.54438,0.43547,0.47318,0.35413,0.54438,0.43547,0.47166,0.33207,1.22898,2.74909,2.24293,1.27346,0.0093664,0.0093664,0.0093664
642,3252.7,0.45765,0.71821,0.33866,0.83081,0.5372,0.44927,0.48583,0.36625,0.5372,0.44927,0.48909,0.35272,1.27774,2.74451,2.27953,1.30321,0.00936541,0.00936541,0.00936541
643,3257.88,0.47681,0.69841,0.35323,0.82423,0.61883,0.4014,0.47025,0.35984,0.57044,0.38763,0.46592,0.33903,1.26611,2.7994,2.51832,1.29392,0.00936442,0.00936442,0.00936442
644,3263.01,0.46856,0.71155,0.35348,0.81696,0.59686,0.38658,0.46135,0.34798,0.54601,0.37289,0.43883,0.31599,1.22142,2.82342,2.71333,1.27122,0.00936343,0.00936343,0.00936343
645,3268.11,0.47049,0.71482,0.36581,0.82974,0.54238,0.3599,0.42768,0.32711,0.54499,0.35771,0.42206,0.2987,1.21495,2.85069,2.92645,1.28156,0.00936244,0.00936244,0.00936244
646,3273.21,0.44513,0.66973,0.35511,0.827,0.68065,0.31467,0.41734,0.31719,0.6576,0.30276,0.40637,0.29326,1.25654,2.90867,2.84202,1.30521,0.00936145,0.00936145,0.00936145
647,3278.33,0.44057,0.69373,0.34222,0.83146,0.5613,0.34414,0.43337,0.35135,0.5613,0.34414,0.42493,0.32478,1.23397,2.84453,2.75114,1.30631,0.00936046,0.00936046,0.00936046
648,3283.47,0.4312,0.64579,0.34043,0.82284,0.58113,0.37703,0.44225,0.34746,0.55436,0.3585,0.42372,0.32272,1.21384,2.83566,2.56857,1.29541,0.00935947,0.00935947,0.00935947
649,3288.58,0.44445,0.66345,0.33409,0.81584,0.5446,0.37497,0.42852,0.32907,0.51907,0.35685,0.40801,0.30214,1.17885,2.92729,2.47331,1.27693,0.00935848,0.00935848,0.00935848
650,3293.68,0.47004,0.70526,0.35838,0.82919,0.52657,0.38362,0.42343,0.32565,0.5566,0.35414,0.40458,0.29674,1.14461,2.95765,2.32943,1.27737,0.00935749,0.00935749,0.00935749
651,3298.81,0.44547,0.67758,0.338,0.82705,0.5575,0.40743,0.42131,0.32263,0.53024,0.38362,0.40462,0.29762,1.13125,2.88729,2.27448,1.27761,0.0093565,0.0093565,0.0093565
652,3303.93,0.44514,0.65166,0.341,0.81279,0.58362,0.40689,0.42944,0.33002,0.58362,0.40689,0.42462,0.29701,1.1202,2.84862,2.26952,1.2636,0.00935551,0.00935551,0.00935551
653,3309.04,0.4462,0.63274,0.352,0.81663,0.59903,0.37085,0.44419,0.33949,0.54305,0.36833,0.43915,0.30477,1.12197,2.89186,2.22889,1.24679,0.00935452,0.00935452,0.00935452
654,3314.12,0.45156,0.64919,0.35495,0.81882,0.61642,0.36036,0.44715,0.3401,0.50447,0.36405,0.43974,0.30275,1.16766,2.85885,2.26493,1.25468,0.00935353,0.00935353,0.00935353
655,3319.24,0.47158,0.67919,0.35049,0.83281,0.48269,0.39578,0.42628,0.31387,0.43275,0.36379,0.40553,0.28169,1.17831,2.7858,2.46809,1.23145,0.00935254,0.00935254,0.00935254
656,3324.36,0.48389,0.74494,0.3714,0.82865,0.55008,0.35821,0.41801,0.31899,0.51848,0.33954,0.40731,0.28715,1.15175,2.75916,2.46028,1.22478,0.00935155,0.00935155,0.00935155
657,3329.48,0.47657,0.70365,0.36086,0.83053,0.46344,0.41412,0.42382,0.3289,0.5224,0.3893,0.41822,0.29172,1.13731,2.72017,2.41039,1.21915,0.00935056,0.00935056,0.00935056
658,3334.62,0.4863,0.81508,0.36945,0.82701,0.51978,0.35932,0.42319,0.33039,0.5091,0.35993,0.42383,0.29734,1.07713,2.68358,2.51066,1.18243,0.00934957,0.00934957,0.00934957
659,3339.75,0.44596,0.69706,0.34083,0.82064,0.56995,0.40943,0.44788,0.3505,0.55469,0.40223,0.44338,0.32709,1.095,2.68326,2.37978,1.20054,0.00934858,0.00934858,0.00934858
660,3344.88,0.45581,0.66452,0.33974,0.82693,0.56852,0.40359,0.44486,0.33736,0.56052,0.39479,0.44512,0.31676,1.09524,2.71551,2.3319,1.20462,0.00934759,0.00934759,0.00934759
661,3350.02,0.47088,0.68211,0.3523,0.82675,0.5126,0.40689,0.43611,0.33381,0.52408,0.41826,0.45223,0.31233,1.14755,2.78734,2.34903,1.25461,0.0093466,0.0093466,0.0093466
662,3355.14,0.45697,0.66382,0.33883,0.83164,0.48634,0.39894,0.43739,0.3317,0.45368,0.39636,0.44787,0.31261,1.14773,2.82104,2.38069,1.27381,0.00934561,0.00934561,0.00934561
663,3360.27,0.46647,0.70694,0.34047,0.84301,0.52865,0.41774,0.44959,0.34281,0.51758,0.42228,0.44759,0.31432,1.18048,2.826,2.20379,1.28132,0.00934462,0.00934462,0.00934462
664,3365.37,0.45035,0.68967,0.33806,0.81435,0.48737,0.44143,0.45604,0.34524,0.48737,0.44143,0.46132,0.32702,1.18196,2.82737,2.18068,1.29696,0.00934363,0.00934363,0.00934363
665,3370.49,0.40114,0.64538,0.32171,0.82936,0.51749,0.45293,0.46659,0.34511,0.51017,0.44559,0.46739,0.32183,1.17139,2.80949,2.18646,1.28669,0.00934264,0.00934264,0.00934264
666,3375.61,0.44983,0.66263,0.34464,0.8233,0.54793,0.45512,0.47351,0.34547,0.5381,0.44996,0.48075,0.32301,1.19866,2.79309,2.25362,1.29939,0.00934165,0.00934165,0.00934165
667,3380.74,0.45594,0.6863,0.34288,0.82325,0.55327,0.42519,0.4702,0.35087,0.55306,0.39936,0.46378,0.3171,1.23232,2.81931,2.28431,1.34296,0.00934066,0.00934066,0.00934066
668,3385.89,0.45438,0.64893,0.33883,0.81687,0.57696,0.37004,0.42713,0.32679,0.54023,0.35631,0.42309,0.30976,1.24532,2.7849,2.36492,1.35063,0.00933967,0.00933967,0.00933967
669,3391.01,0.4582,0.62056,0.34707,0.82571,0.54199,0.36814,0.4346,0.33448,0.51689,0.35455,0.42504,0.3111,1.21597,2.84498,2.44142,1.33426,0.00933868,0.00933868,0.00933868
670,3396.13,0.44467,0.67642,0.33576,0.82929,0.55502,0.33862,0.41031,0.32362,0.53095,0.32473,0.40254,0.2963,1.22896,2.9331,2.61388,1.32976,0.00933769,0.00933769,0.00933769
671,3401.25,0.44634,0.66552,0.33975,0.8215,0.58714,0.33306,0.42205,0.31797,0.56688,0.31802,0.41704,0.30594,1.27674,3.05181,2.76702,1.35393,0.0093367,0.0093367,0.0093367
672,3406.38,0.46333,0.71289,0.3463,0.82382,0.61852,0.32126,0.43048,0.32552,0.61852,0.32126,0.42794,0.317,1.24902,3.03822,2.82803,1.3629,0.00933571,0.00933571,0.00933571
673,3411.46,0.45455,0.65895,0.35503,0.83167,0.63006,0.3187,0.44886,0.3307,0.58981,0.30506,0.42895,0.31646,1.28893,2.94723,2.71234,1.37718,0.00933472,0.00933472,0.00933472
674,3416.59,0.44499,0.67537,0.34061,0.82332,0.61843,0.32126,0.43624,0.32279,0.57723,0.31873,0.41663,0.30674,1.29863,2.88573,2.6162,1.36834,0.00933373,0.00933373,0.00933373
675,3421.73,0.46152,0.68662,0.34377,0.82096,0.5361,0.37247,0.43149,0.31373,0.45708,0.34717,0.40331,0.28672,1.30097,2.84524,2.59023,1.36195,0.00933274,0.00933274,0.00933274
676,3426.84,0.4639,0.68602,0.35479,0.82672,0.58558,0.34459,0.42652,0.31017,0.56102,0.32395,0.41424,0.28809,1.25771,2.80297,2.56374,1.34573,0.00933175,0.00933175,0.00933175
677,3431.96,0.45409,0.68477,0.34191,0.82279,0.53224,0.38797,0.43349,0.31503,0.4507,0.37563,0.41366,0.29329,1.26563,2.7699,2.56437,1.36153,0.00933076,0.00933076,0.00933076
678,3437.06,0.44621,0.67009,0.34446,0.83316,0.70225,0.31584,0.45937,0.33186,0.45454,0.3785,0.44152,0.31945,1.34308,2.72045,2.58759,1.4051,0.00932977,0.00932977,0.00932977
679,3442.19,0.44384,0.66903,0.33595,0.82234,0.56944,0.36677,0.43803,0.32675,0.52338,0.34697,0.42331,0.31116,1.28642,2.68362,2.59784,1.36112,0.00932878,0.00932878,0.00932878
680,3447.31,0.45915,0.6813,0.33946,0.83282,0.57695,0.35847,0.43671,0.32524,0.5624,0.34952,0.43618,0.30228,1.28362,2.65996,2.83308,1.32647,0.00932779,0.00932779,0.00932779
681,3452.44,0.46345,0.66108,0.33656,0.82594,0.66622,0.33531,0.44048,0.32121,0.66622,0.33531,0.44729,0.30397,1.29271,2.69595,2.84489,1.3429,0.0093268,0.0093268,0.0093268
682,3457.58,0.48488,0.69049,0.36229,0.83735,0.62777,0.35817,0.43593,0.32547,0.62777,0.35817,0.44542,0.30012,1.28788,2.68046,2.81251,1.35125,0.00932581,0.00932581,0.00932581
683,3462.69,0.44201,0.64499,0.3291,0.82807,0.61779,0.382,0.44903,0.31989,0.60137,0.3701,0.44439,0.29499,1.29997,2.67091,2.71175,1.32936,0.00932482,0.00932482,0.00932482
684,3467.82,0.44922,0.68549,0.33741,0.81119,0.70678,0.35786,0.44897,0.31711,0.70482,0.34319,0.44008,0.29632,1.2753,2.66214,2.5909,1.31689,0.00932383,0.00932383,0.00932383
685,3472.97,0.45817,0.63968,0.33466,0.83272,0.52265,0.41588,0.4556,0.31571,0.65733,0.33264,0.42442,0.28792,1.29487,2.64228,2.57433,1.32297,0.00932284,0.00932284,0.00932284
686,3478.1,0.45266,0.63984,0.33968,0.82382,0.56976,0.36234,0.42629,0.30218,0.55093,0.3492,0.41095,0.28702,1.2679,2.67611,2.58821,1.31202,0.00932185,0.00932185,0.00932185
687,3483.25,0.45052,0.71133,0.34098,0.81351,0.53612,0.36653,0.43108,0.30833,0.49782,0.36725,0.41279,0.28933,1.22068,2.70201,2.64666,1.27931,0.00932086,0.00932086,0.00932086
688,3488.38,0.43605,0.66094,0.32208,0.81561,0.53964,0.39039,0.43683,0.32008,0.51653,0.37974,0.42531,0.30233,1.25095,2.79767,2.68857,1.29402,0.00931987,0.00931987,0.00931987
689,3493.52,0.43479,0.64725,0.33366,0.83146,0.52204,0.41967,0.43084,0.31285,0.50695,0.40821,0.41704,0.29601,1.27164,2.88382,2.63439,1.3087,0.00931888,0.00931888,0.00931888
690,3498.67,0.44614,0.6575,0.33484,0.83271,0.52427,0.41719,0.43632,0.32049,0.51993,0.4114,0.4205,0.29969,1.2537,2.89524,2.57208,1.29984,0.00931789,0.00931789,0.00931789
691,3503.8,0.484,0.78662,0.36231,0.82773,0.49294,0.39986,0.43023,0.31344,0.44671,0.39789,0.42012,0.29643,1.25445,2.82913,2.58102,1.31458,0.0093169,0.0093169,0.0093169
692,3508.9,0.44035,0.67731,0.33645,0.82094,0.49748,0.42338,0.40716,0.30895,0.4849,0.41309,0.40542,0.28192,1.22175,2.80193,2.65386,1.29625,0.00931591,0.00931591,0.00931591
693,3514.03,0.46036,0.66858,0.35711,0.82099,0.48155,0.39682,0.41162,0.31534,0.47661,0.37804,0.41064,0.28656,1.23887,2.80015,2.69757,1.29648,0.00931492,0.00931492,0.00931492
694,3519.11,0.46819,0.68045,0.34951,0.83052,0.52674,0.38385,0.42973,0.32042,0.51772,0.37194,0.43097,0.30062,1.22875,2.80287,2.68207,1.26111,0.00931393,0.00931393,0.00931393
695,3524.25,0.44366,0.69754,0.34201,0.82948,0.52262,0.42427,0.45033,0.33586,0.4987,0.40575,0.43618,0.30808,1.24187,2.77329,2.51721,1.26505,0.00931294,0.00931294,0.00931294
696,3529.41,0.45692,0.6963,0.33517,0.81398,0.44607,0.40396,0.44654,0.32869,0.57533,0.31719,0.43501,0.30491,1.27314,2.72074,2.53003,1.30048,0.00931195,0.00931195,0.00931195
697,3534.52,0.4499,0.67338,0.33182,0.82053,0.49187,0.37939,0.4277,0.32211,0.42384,0.41427,0.42462,0.2974,1.2345,2.71792,2.46892,1.29633,0.00931096,0.00931096,0.00931096
698,3539.65,0.44844,0.69477,0.33869,0.81763,0.48324,0.36749,0.40712,0.31678,0.44383,0.39115,0.40331,0.27941,1.22061,2.69857,2.42047,1.29585,0.00930997,0.00930997,0.00930997
699,3544.79,0.46246,0.65836,0.33465,0.82043,0.44675,0.40931,0.40953,0.30599,0.42721,0.39547,0.39831,0.27944,1.21657,2.75479,2.50149,1.28851,0.00930898,0.00930898,0.00930898
700,3549.92,0.44538,0.68172,0.35354,0.83101,0.46415,0.39968,0.42044,0.31009,0.44376,0.3816,0.40172,0.28082,1.22039,2.79542,2.50071,1.27948,0.00930799,0.00930799,0.00930799
701,3555.09,0.45529,0.64598,0.35105,0.81687,0.47165,0.35625,0.41769,0.31357,0.51883,0.31665,0.40393,0.28689,1.20845,2.77862,2.65079,1.25835,0.009307,0.009307,0.009307
702,3560.25,0.46298,0.69659,0.35636,0.82464,0.58772,0.32404,0.41145,0.30544,0.57056,0.31728,0.39853,0.28118,1.23741,2.79542,2.81046,1.2737,0.00930601,0.00930601,0.00930601
703,3565.37,0.44077,0.66409,0.32683,0.824,0.49616,0.35784,0.42629,0.32528,0.48352,0.35109,0.414,0.28711,1.20383,2.7828,2.73634,1.25794,0.00930502,0.00930502,0.00930502
704,3570.49,0.40697,0.61534,0.32151,0.82209,0.54986,0.38194,0.43122,0.32868,0.53543,0.37532,0.41903,0.28606,1.21453,2.78393,2.70707,1.28711,0.00930403,0.00930403,0.00930403
705,3575.61,0.45049,0.65227,0.32904,0.82175,0.60104,0.32125,0.43099,0.33789,0.5471,0.30748,0.41459,0.30558,1.17998,2.74482,2.5048,1.27185,0.00930304,0.00930304,0.00930304
706,3580.73,0.48677,0.71889,0.35077,0.83266,0.55701,0.32938,0.43817,0.33276,0.43822,0.33984,0.40708,0.2996,1.16974,2.74881,2.40741,1.2683,0.00930205,0.00930205,0.00930205
707,3585.86,0.4528,0.65922,0.33532,0.82085,0.51511,0.32926,0.4327,0.33304,0.47115,0.35821,0.42423,0.29936,1.19933,2.73096,2.48647,1.28118,0.00930106,0.00930106,0.00930106
708,3591.01,0.43307,0.64179,0.32333,0.82156,0.52003,0.39865,0.44379,0.33331,0.52065,0.40291,0.43324,0.29833,1.19247,2.74653,2.48237,1.28356,0.00930007,0.00930007,0.00930007
709,3596.09,0.42408,0.61903,0.33275,0.80678,0.51784,0.40266,0.44167,0.33197,0.51906,0.40727,0.43095,0.30009,1.20059,2.78456,2.43822,1.28245,0.00929908,0.00929908,0.00929908
710,3601.21,0.47193,0.64638,0.34881,0.83362,0.60258,0.39745,0.45423,0.33077,0.58844,0.39076,0.44617,0.3101,1.20875,2.77578,2.33916,1.30196,0.00929809,0.00929809,0.00929809
711,3606.28,0.47461,0.71916,0.36239,0.82391,0.55024,0.40092,0.42739,0.3179,0.55024,0.40092,0.42631,0.30127,1.17227,2.80508,2.40814,1.25084,0.0092971,0.0092971,0.0092971
712,3611.41,0.43952,0.67031,0.3277,0.81621,0.5449,0.42116,0.42708,0.31566,0.554,0.42116,0.42506,0.29375,1.19723,2.73241,2.40706,1.27606,0.00929611,0.00929611,0.00929611
713,3616.5,0.45757,0.64106,0.3433,0.8214,0.52003,0.41529,0.42678,0.31612,0.52454,0.41601,0.42798,0.29568,1.22866,2.72909,2.39471,1.30104,0.00929512,0.00929512,0.00929512
714,3621.67,0.44092,0.69022,0.32875,0.82325,0.56399,0.35672,0.42439,0.31866,0.54292,0.37411,0.42847,0.29634,1.24134,2.76475,2.49969,1.29666,0.00929413,0.00929413,0.00929413
715,3626.8,0.44168,0.69121,0.33757,0.83045,0.58366,0.33585,0.42113,0.31991,0.58366,0.33585,0.42878,0.29275,1.23007,2.79333,2.61993,1.2901,0.00929314,0.00929314,0.00929314
716,3631.95,0.45012,0.7299,0.32837,0.82514,0.60883,0.30756,0.40876,0.31074,0.49785,0.32142,0.39656,0.28759,1.22523,2.78534,2.76028,1.26291,0.00929215,0.00929215,0.00929215
717,3637.08,0.42872,0.62529,0.3314,0.81532,0.57801,0.34111,0.41875,0.31236,0.57801,0.34111,0.41787,0.29517,1.28056,2.77897,2.94378,1.29858,0.00929116,0.00929116,0.00929116
718,3642.22,0.45452,0.64072,0.34917,0.82042,0.53966,0.34193,0.42807,0.32082,0.53966,0.34193,0.42644,0.30036,1.24833,2.82051,2.94594,1.28551,0.00929017,0.00929017,0.00929017
719,3647.34,0.45944,0.63683,0.3356,0.81148,0.53674,0.36132,0.42318,0.31757,0.53674,0.36132,0.42107,0.29356,1.24953,2.86581,2.90156,1.2811,0.00928918,0.00928918,0.00928918
720,3652.45,0.44371,0.64832,0.33875,0.81946,0.60647,0.32902,0.44696,0.32916,0.60647,0.32902,0.44383,0.30086,1.25298,2.86561,2.88762,1.27429,0.00928819,0.00928819,0.00928819
721,3657.61,0.43314,0.64797,0.33789,0.81879,0.71531,0.28979,0.42299,0.31569,0.57242,0.27609,0.39729,0.28628,1.21212,2.93824,2.89977,1.26432,0.0092872,0.0092872,0.0092872
722,3662.78,0.44266,0.65659,0.333,0.82622,0.60153,0.28936,0.41811,0.32354,0.45629,0.31927,0.39292,0.2877,1.20192,3.0672,2.93492,1.25716,0.00928621,0.00928621,0.00928621
723,3667.93,0.42546,0.67659,0.32332,0.82754,0.62048,0.3087,0.41758,0.31405,0.62048,0.3087,0.41159,0.29046,1.2335,3.19679,2.99312,1.30239,0.00928522,0.00928522,0.00928522
724,3673.05,0.4246,0.64012,0.32166,0.82728,0.63422,0.30896,0.40329,0.31438,0.63422,0.30896,0.40517,0.28847,1.221,3.22413,3.02986,1.2976,0.00928423,0.00928423,0.00928423
725,3678.15,0.43805,0.73277,0.34154,0.82699,0.59989,0.35498,0.42512,0.31986,0.57259,0.34867,0.4088,0.30348,1.19922,3.18763,2.96988,1.2679,0.00928324,0.00928324,0.00928324
726,3683.28,0.43847,0.73639,0.33583,0.8387,0.5966,0.33531,0.42173,0.32326,0.57798,0.32856,0.4086,0.29809,1.23399,3.16822,2.83817,1.28957,0.00928225,0.00928225,0.00928225
727,3688.45,0.45378,0.6573,0.33168,0.82139,0.51425,0.35745,0.40876,0.31663,0.63811,0.29086,0.40586,0.28254,1.22831,3.16729,2.63611,1.30277,0.00928126,0.00928126,0.00928126
728,3693.61,0.44012,0.64237,0.34123,0.82035,0.56158,0.33638,0.42579,0.31609,0.44846,0.39038,0.41553,0.28422,1.26441,3.14889,2.47746,1.29873,0.00928027,0.00928027,0.00928027
729,3698.75,0.45649,0.63476,0.33679,0.82599,0.42726,0.39908,0.435,0.32461,0.44822,0.3655,0.42575,0.30068,1.22577,3.10389,2.47751,1.26937,0.00927928,0.00927928,0.00927928
730,3703.89,0.44788,0.64188,0.32691,0.82639,0.50774,0.36389,0.43404,0.33226,0.49744,0.35199,0.42272,0.29976,1.23389,3.10199,2.44243,1.28634,0.00927829,0.00927829,0.00927829
731,3708.99,0.44935,0.66881,0.34347,0.82477,0.43706,0.42132,0.42973,0.32705,0.45581,0.38097,0.40349,0.2884,1.23074,3.08221,2.38399,1.2708,0.0092773,0.0092773,0.0092773
732,3714.21,0.48355,0.80645,0.34937,0.82266,0.41612,0.42293,0.42917,0.3228,0.38703,0.4085,0.4013,0.28826,1.22991,3.10299,2.34394,1.28853,0.00927631,0.00927631,0.00927631
733,3719.31,0.44977,0.69304,0.34227,0.8186,0.41696,0.41022,0.44128,0.33347,0.51422,0.33019,0.40747,0.29799,1.19657,3.1014,2.38439,1.27521,0.00927532,0.00927532,0.00927532
734,3724.47,0.45698,0.67486,0.33431,0.81724,0.44058,0.40335,0.42832,0.32781,0.46144,0.36708,0.40948,0.30417,1.24491,3.08564,2.5494,1.31248,0.00927433,0.00927433,0.00927433
735,3729.6,0.45118,0.65693,0.35093,0.82233,0.54272,0.33033,0.42762,0.31555,0.44954,0.36657,0.41136,0.28835,1.27742,3.05247,2.65188,1.31183,0.00927334,0.00927334,0.00927334
736,3734.74,0.4045,0.59928,0.32513,0.811,0.50722,0.32191,0.40312,0.31634,0.46578,0.36056,0.39208,0.28463,1.26652,2.92956,2.71388,1.30068,0.00927235,0.00927235,0.00927235
737,3739.87,0.43372,0.66658,0.33214,0.82248,0.48272,0.35433,0.39106,0.29516,0.48611,0.35402,0.38659,0.27842,1.28872,2.8695,2.79708,1.31341,0.00927136,0.00927136,0.00927136
738,3745.03,0.45297,0.67313,0.34835,0.82504,0.47315,0.33655,0.39471,0.29809,0.47315,0.33655,0.39056,0.27912,1.32093,2.85998,2.82608,1.33137,0.00927037,0.00927037,0.00927037
739,3750.16,0.453,0.66881,0.34237,0.82979,0.54586,0.30276,0.40303,0.3129,0.56362,0.31467,0.40222,0.28991,1.27079,2.90887,2.64131,1.31696,0.00926938,0.00926938,0.00926938
740,3755.31,0.43971,0.65076,0.33459,0.82464,0.47884,0.38941,0.41191,0.31668,0.46809,0.38266,0.41036,0.29026,1.25376,3.01583,2.44432,1.32105,0.00926839,0.00926839,0.00926839
741,3760.42,0.42666,0.66812,0.32509,0.83255,0.53569,0.38716,0.43487,0.32558,0.50783,0.3685,0.42242,0.29726,1.24736,3.08323,2.32134,1.32928,0.0092674,0.0092674,0.0092674
742,3765.57,0.44897,0.67424,0.33552,0.82924,0.53749,0.37832,0.42244,0.3194,0.44285,0.40519,0.41451,0.29864,1.24024,3.09359,2.28405,1.33501,0.00926641,0.00926641,0.00926641
743,3770.72,0.44757,0.64162,0.33489,0.82403,0.54482,0.37157,0.41793,0.31729,0.46113,0.35527,0.39843,0.29863,1.26076,3.1225,2.32116,1.35732,0.00926542,0.00926542,0.00926542
744,3775.85,0.44407,0.71018,0.34736,0.82664,0.5102,0.41692,0.43627,0.32529,0.48444,0.39881,0.41484,0.2945,1.31771,3.12606,2.33319,1.41264,0.00926443,0.00926443,0.00926443
745,3780.98,0.4397,0.64912,0.32781,0.82906,0.54933,0.42407,0.4517,0.33849,0.51319,0.39947,0.4281,0.30786,1.3216,3.06104,2.39955,1.42828,0.00926344,0.00926344,0.00926344
746,3786.08,0.42631,0.64366,0.32599,0.81694,0.54071,0.38235,0.44114,0.33125,0.48968,0.35403,0.41788,0.30017,1.3102,3.0184,2.56537,1.41665,0.00926245,0.00926245,0.00926245
747,3791.21,0.45597,0.69403,0.33993,0.82083,0.53927,0.37135,0.44177,0.32136,0.50356,0.3358,0.41536,0.28628,1.30046,2.99944,2.70819,1.39975,0.00926146,0.00926146,0.00926146
748,3796.39,0.425,0.63451,0.32434,0.81765,0.61746,0.31477,0.4347,0.3163,0.42923,0.32879,0.3831,0.28112,1.29134,2.96182,2.75938,1.38461,0.00926047,0.00926047,0.00926047
749,3801.5,0.40589,0.6489,0.31836,0.80994,0.51388,0.34009,0.40914,0.30391,0.50009,0.32818,0.3937,0.27963,1.31536,3.01637,2.85683,1.39286,0.00925948,0.00925948,0.00925948
750,3806.63,0.42721,0.67935,0.32415,0.82528,0.53327,0.37778,0.42331,0.31351,0.47463,0.3381,0.3902,0.29055,1.28802,3.09366,2.64507,1.37602,0.00925849,0.00925849,0.00925849
751,3811.74,0.42382,0.65786,0.31651,0.81545,0.52716,0.38617,0.43067,0.32202,0.4912,0.3607,0.41595,0.29472,1.29481,3.12036,2.59707,1.35879,0.0092575,0.0092575,0.0092575
752,3816.86,0.42691,0.60368,0.32304,0.81444,0.57578,0.35578,0.43157,0.32828,0.5861,0.32094,0.42786,0.3061,1.25133,3.157,2.50817,1.33454,0.00925651,0.00925651,0.00925651
753,3821.98,0.43432,0.64115,0.32358,0.81278,0.66562,0.3207,0.44475,0.33957,0.66562,0.3207,0.44157,0.31404,1.22158,3.14947,2.5325,1.3122,0.00925552,0.00925552,0.00925552
754,3827.16,0.43238,0.66593,0.33315,0.8195,0.60516,0.3792,0.46132,0.34687,0.55724,0.34657,0.43746,0.31385,1.2473,3.13414,2.50157,1.31706,0.00925453,0.00925453,0.00925453
755,3832.25,0.42411,0.65299,0.33244,0.81931,0.53713,0.40563,0.46582,0.3462,0.46718,0.37078,0.43015,0.31455,1.24367,3.19091,2.52183,1.32491,0.00925354,0.00925354,0.00925354
756,3837.42,0.3996,0.67636,0.29979,0.82654,0.54573,0.40985,0.47546,0.35653,0.63771,0.3348,0.45562,0.33267,1.22415,3.22737,2.49179,1.33357,0.00925255,0.00925255,0.00925255
757,3842.52,0.42492,0.66786,0.31717,0.81527,0.50361,0.42593,0.47243,0.35777,0.64523,0.33794,0.45652,0.33389,1.24622,3.21118,2.47885,1.35877,0.00925156,0.00925156,0.00925156
758,3847.66,0.43632,0.65777,0.32614,0.82941,0.52336,0.42435,0.47656,0.36025,0.47579,0.38859,0.45674,0.33395,1.26957,3.2113,2.50271,1.35009,0.00925057,0.00925057,0.00925057
759,3852.8,0.44088,0.6068,0.32965,0.82347,0.60228,0.39851,0.47534,0.35869,0.61209,0.35232,0.45596,0.32823,1.26317,3.32803,2.43616,1.36673,0.00924958,0.00924958,0.00924958
760,3857.98,0.45578,0.70796,0.34712,0.82366,0.52755,0.41457,0.4807,0.3516,0.51405,0.40266,0.4625,0.32704,1.26638,3.40718,2.47091,1.36076,0.00924859,0.00924859,0.00924859
761,3863.1,0.42909,0.63605,0.32979,0.82791,0.57011,0.39875,0.46128,0.34034,0.55496,0.38693,0.44888,0.31984,1.24148,3.38765,2.3647,1.35358,0.0092476,0.0092476,0.0092476
762,3868.27,0.42695,0.65663,0.34051,0.81663,0.5814,0.3849,0.45359,0.33354,0.5657,0.37305,0.44143,0.3121,1.26491,3.37143,2.44108,1.35779,0.00924661,0.00924661,0.00924661
763,3873.41,0.42398,0.65844,0.32121,0.81599,0.67784,0.3291,0.45211,0.33588,0.51303,0.36422,0.43988,0.31635,1.28308,3.32594,2.51626,1.37336,0.00924562,0.00924562,0.00924562
764,3878.56,0.42084,0.68703,0.3137,0.83188,0.56781,0.37613,0.44598,0.33012,0.55289,0.36687,0.43558,0.30469,1.3304,3.42124,2.64752,1.39822,0.00924463,0.00924463,0.00924463
765,3883.68,0.42311,0.65733,0.31508,0.82959,0.5574,0.37832,0.4302,0.32693,0.54409,0.36642,0.41869,0.29885,1.33058,3.50138,2.61061,1.39697,0.00924364,0.00924364,0.00924364
766,3888.79,0.43814,0.65405,0.31705,0.83597,0.6926,0.3359,0.4173,0.31581,0.67716,0.3237,0.40458,0.29687,1.27358,3.50945,2.66312,1.3421,0.00924265,0.00924265,0.00924265
767,3893.94,0.42001,0.68416,0.32172,0.81538,0.5068,0.42072,0.42486,0.31902,0.49485,0.4091,0.41575,0.29799,1.28229,3.57114,2.58381,1.33417,0.00924166,0.00924166,0.00924166
768,3899.1,0.44098,0.71987,0.33432,0.83278,0.54329,0.38454,0.42259,0.31993,0.50719,0.3655,0.40549,0.29819,1.27969,3.5956,2.62381,1.34813,0.00924067,0.00924067,0.00924067
769,3904.26,0.41677,0.60627,0.31161,0.81697,0.5305,0.40825,0.41971,0.31551,0.50681,0.38107,0.40305,0.29589,1.23545,3.40625,2.61734,1.31523,0.00923968,0.00923968,0.00923968
770,3909.37,0.4561,0.63309,0.34733,0.81494,0.49477,0.3983,0.42646,0.31519,0.56943,0.3478,0.42025,0.29417,1.18826,3.35687,2.56619,1.28414,0.00923869,0.00923869,0.00923869
771,3914.55,0.43355,0.63712,0.3303,0.82757,0.47644,0.38308,0.41785,0.31752,0.49509,0.3939,0.42825,0.29343,1.20578,3.31309,2.57168,1.30592,0.0092377,0.0092377,0.0092377
772,3919.69,0.4195,0.62861,0.32476,0.81794,0.45405,0.40591,0.41979,0.32757,0.44571,0.39524,0.43044,0.30127,1.20415,3.36358,2.60642,1.29572,0.00923671,0.00923671,0.00923671
773,3924.82,0.43384,0.65627,0.32355,0.81889,0.45103,0.41324,0.43428,0.34517,0.52592,0.36957,0.44285,0.30937,1.15353,3.30297,2.52659,1.26074,0.00923572,0.00923572,0.00923572
774,3929.94,0.43586,0.66189,0.34573,0.82789,0.4617,0.39731,0.43337,0.34017,0.47246,0.38464,0.42563,0.29969,1.14515,3.14787,2.508,1.26762,0.00923473,0.00923473,0.00923473
775,3935.11,0.44201,0.70355,0.33893,0.82359,0.47977,0.387,0.43887,0.33883,0.48448,0.36635,0.42946,0.29703,1.1989,3.09257,2.54394,1.31408,0.00923374,0.00923374,0.00923374
776,3940.23,0.43942,0.63249,0.32104,0.8211,0.58298,0.40851,0.44179,0.3382,0.54515,0.39286,0.43325,0.29923,1.2179,3.07842,2.61692,1.31325,0.00923275,0.00923275,0.00923275
777,3945.4,0.42215,0.66799,0.33612,0.82141,0.5053,0.4174,0.43445,0.32303,0.45121,0.37772,0.40728,0.29527,1.23135,3.13247,2.82957,1.33405,0.00923176,0.00923176,0.00923176
778,3950.53,0.43868,0.66921,0.33965,0.82319,0.52888,0.41901,0.44534,0.33658,0.56619,0.36319,0.4318,0.31432,1.22323,3.06871,2.73445,1.31928,0.00923077,0.00923077,0.00923077
779,3955.72,0.43917,0.66826,0.33476,0.82046,0.50994,0.38176,0.44365,0.3357,0.56543,0.35805,0.42728,0.31263,1.22475,3.01534,2.74378,1.31054,0.00922978,0.00922978,0.00922978
780,3960.89,0.43584,0.61848,0.33458,0.81851,0.55032,0.36497,0.45613,0.3442,0.55892,0.36383,0.43923,0.31556,1.3025,2.91796,2.65283,1.37311,0.00922879,0.00922879,0.00922879
781,3966.03,0.44386,0.67292,0.33393,0.81832,0.5696,0.36406,0.44049,0.33254,0.57415,0.35657,0.42082,0.31108,1.30815,2.91631,2.81002,1.37416,0.0092278,0.0092278,0.0092278
782,3971.11,0.4228,0.63287,0.32953,0.81063,0.57274,0.37736,0.44149,0.33412,0.53968,0.36213,0.41754,0.30757,1.32677,3.00554,2.80265,1.35598,0.00922681,0.00922681,0.00922681
783,3976.26,0.42672,0.63356,0.33033,0.82493,0.56386,0.36271,0.423,0.31548,0.51841,0.34207,0.39827,0.28727,1.31263,3.07139,2.77837,1.34736,0.00922582,0.00922582,0.00922582
784,3981.44,0.42732,0.65368,0.3195,0.82281,0.50932,0.354,0.43994,0.32458,0.4717,0.32818,0.41009,0.29547,1.31476,3.08473,2.7445,1.35261,0.00922483,0.00922483,0.00922483
785,3986.59,0.42945,0.62252,0.34118,0.8274,0.60891,0.35379,0.44578,0.33037,0.58811,0.33808,0.43563,0.31144,1.32212,3.03122,2.71906,1.30558,0.00922384,0.00922384,0.00922384
786,3991.73,0.41501,0.62953,0.32363,0.81638,0.51201,0.38008,0.44825,0.33193,0.50221,0.37332,0.4461,0.29908,1.24368,2.95273,2.59977,1.26841,0.00922285,0.00922285,0.00922285
787,3996.86,0.40788,0.6611,0.32037,0.82605,0.60155,0.40062,0.46972,0.35885,0.60155,0.40062,0.46118,0.32883,1.18542,2.85447,2.39377,1.24558,0.00922186,0.00922186,0.00922186
788,4001.98,0.40975,0.64178,0.32049,0.82513,0.62502,0.39089,0.47535,0.36372,0.62502,0.39089,0.46723,0.33471,1.17313,2.92754,2.28394,1.26609,0.00922087,0.00922087,0.00922087
789,4007.11,0.41349,0.60555,0.32129,0.81701,0.49931,0.43575,0.48546,0.3695,0.44553,0.40068,0.45237,0.32984,1.16588,3.01986,2.28787,1.27731,0.00921988,0.00921988,0.00921988
790,4012.24,0.42387,0.65911,0.32423,0.82463,0.53056,0.44656,0.48432,0.3714,0.4868,0.42092,0.46876,0.34099,1.18783,2.95846,2.35812,1.29674,0.00921889,0.00921889,0.00921889
791,4017.44,0.41782,0.65373,0.32479,0.81948,0.53424,0.41663,0.47372,0.36515,0.51727,0.39753,0.45809,0.33168,1.16431,2.80167,2.38766,1.26755,0.0092179,0.0092179,0.0092179
792,4022.59,0.42562,0.66134,0.33771,0.82062,0.45254,0.41365,0.46224,0.34725,0.74467,0.3143,0.45496,0.32012,1.20138,2.82037,2.39556,1.26155,0.00921691,0.00921691,0.00921691
793,4027.72,0.41341,0.60517,0.31777,0.81278,0.53914,0.36116,0.47287,0.35093,0.58431,0.34345,0.46769,0.32705,1.25101,2.78305,2.56609,1.29773,0.00921592,0.00921592,0.00921592
794,4032.87,0.4428,0.6914,0.33293,0.81589,0.55107,0.3566,0.45564,0.34126,0.53633,0.34984,0.44496,0.30777,1.25468,2.74734,2.62669,1.29865,0.00921493,0.00921493,0.00921493
795,4038.01,0.42053,0.6277,0.32276,0.82139,0.57961,0.34743,0.42338,0.32784,0.58205,0.34008,0.41415,0.28642,1.25175,2.73674,2.66179,1.30819,0.00921394,0.00921394,0.00921394
796,4043.16,0.43723,0.67736,0.33071,0.82007,0.52987,0.33958,0.43014,0.32246,0.59559,0.31152,0.41785,0.28987,1.26749,2.72731,2.65756,1.316,0.00921295,0.00921295,0.00921295
797,4048.28,0.4331,0.66445,0.32452,0.81549,0.52391,0.34173,0.42644,0.31186,0.67495,0.29494,0.41487,0.26717,1.27808,2.726,2.62762,1.31804,0.00921196,0.00921196,0.00921196
798,4053.39,0.42938,0.65421,0.33569,0.82351,0.60266,0.35637,0.45374,0.33827,0.67509,0.30662,0.42432,0.28354,1.30463,2.78282,2.4907,1.34551,0.00921097,0.00921097,0.00921097
799,4058.48,0.43273,0.63147,0.33044,0.82272,0.50325,0.38414,0.43768,0.32817,0.50325,0.38414,0.43428,0.28974,1.3161,2.79263,2.51569,1.35574,0.00920998,0.00920998,0.00920998
800,4063.61,0.42811,0.59555,0.32788,0.8289,0.56053,0.38827,0.45016,0.33417,0.46178,0.39648,0.43397,0.28623,1.32424,2.83917,2.33712,1.39268,0.00920899,0.00920899,0.00920899
801,4068.74,0.42854,0.6595,0.33481,0.81674,0.4677,0.42793,0.44425,0.32816,0.41033,0.37343,0.41433,0.27848,1.28868,2.91779,2.25089,1.37295,0.009208,0.009208,0.009208
802,4073.88,0.43085,0.64534,0.3339,0.8278,0.46969,0.38235,0.43703,0.33244,0.3979,0.35443,0.41128,0.28781,1.28539,2.93542,2.3233,1.38529,0.00920701,0.00920701,0.00920701
803,4079.01,0.43038,0.64139,0.32557,0.82654,0.58299,0.3648,0.43435,0.314,0.48082,0.34892,0.39934,0.27318,1.29964,2.98535,2.47441,1.38562,0.00920602,0.00920602,0.00920602
804,4084.12,0.44232,0.6146,0.34004,0.81761,0.60466,0.366,0.43519,0.31001,0.51783,0.33026,0.39255,0.27811,1.3447,2.94341,2.68198,1.38437,0.00920503,0.00920503,0.00920503
805,4089.28,0.4217,0.61161,0.32722,0.82228,0.60368,0.38089,0.43893,0.29833,0.57738,0.34277,0.39615,0.25629,1.32452,2.89498,2.81544,1.3655,0.00920404,0.00920404,0.00920404
806,4094.4,0.43789,0.63912,0.34128,0.8262,0.51003,0.34938,0.40903,0.28937,0.60475,0.31935,0.40752,0.26305,1.30934,2.88776,2.82243,1.3865,0.00920305,0.00920305,0.00920305
807,4099.57,0.42465,0.63045,0.32659,0.81794,0.53785,0.36942,0.39867,0.29186,0.5109,0.34561,0.38909,0.25762,1.29561,2.92005,2.8067,1.38826,0.00920206,0.00920206,0.00920206
808,4104.73,0.42039,0.61889,0.33171,0.8194,0.55957,0.29635,0.397,0.29507,0.55957,0.29635,0.38477,0.2555,1.32288,2.84372,3.06332,1.3871,0.00920107,0.00920107,0.00920107
809,4109.89,0.42207,0.65731,0.32187,0.81239,0.45934,0.30573,0.39035,0.28775,0.45887,0.27648,0.36887,0.25352,1.32291,2.84865,3.14975,1.37135,0.00920008,0.00920008,0.00920008
810,4115.05,0.42704,0.65241,0.33104,0.82785,0.54535,0.3034,0.40811,0.30257,0.54535,0.3034,0.39798,0.27394,1.30512,2.89723,3.05576,1.38481,0.00919909,0.00919909,0.00919909
811,4120.18,0.42376,0.642,0.32274,0.83178,0.55702,0.3152,0.41656,0.30824,0.5581,0.31655,0.40769,0.27901,1.32562,2.94282,2.99861,1.39413,0.0091981,0.0091981,0.0091981
812,4125.32,0.42803,0.65502,0.31323,0.82387,0.56179,0.32765,0.41539,0.31099,0.56179,0.32765,0.411,0.28277,1.32887,2.90586,2.95855,1.38434,0.00919711,0.00919711,0.00919711
813,4130.46,0.41228,0.61941,0.31545,0.81666,0.52947,0.33271,0.41922,0.30921,0.58755,0.30918,0.40755,0.27993,1.32821,2.79329,2.94609,1.3849,0.00919612,0.00919612,0.00919612
814,4135.65,0.41155,0.63275,0.31084,0.81309,0.55563,0.33585,0.42282,0.30548,0.65694,0.29655,0.40806,0.27795,1.29565,2.72049,2.93316,1.34714,0.00919513,0.00919513,0.00919513
815,4140.81,0.42811,0.66975,0.323,0.81687,0.62379,0.32086,0.44004,0.32908,0.62379,0.32086,0.42259,0.29982,1.33727,2.73489,2.99847,1.37309,0.00919414,0.00919414,0.00919414
816,4145.95,0.46793,0.69942,0.345,0.82354,0.66216,0.30846,0.4257,0.32196,0.66216,0.30846,0.40684,0.2954,1.30194,2.67289,2.92962,1.33371,0.00919315,0.00919315,0.00919315
817,4151.1,0.42997,0.67961,0.31599,0.83602,0.56921,0.33694,0.43215,0.31909,0.61124,0.31682,0.41823,0.29745,1.3305,2.61648,2.97106,1.36016,0.00919216,0.00919216,0.00919216
818,4156.24,0.41702,0.6411,0.31227,0.80741,0.64083,0.34091,0.42321,0.3089,0.60121,0.33033,0.40691,0.29659,1.32841,2.67416,2.90862,1.32647,0.00919117,0.00919117,0.00919117
819,4161.38,0.42264,0.65998,0.32835,0.80958,0.6216,0.34316,0.40213,0.30617,0.56703,0.33033,0.39633,0.29325,1.30756,2.72127,2.9058,1.31967,0.00919018,0.00919018,0.00919018
820,4166.52,0.42958,0.64782,0.32295,0.83611,0.62834,0.32395,0.41918,0.30993,0.70088,0.30074,0.40591,0.29419,1.26678,2.66754,2.86692,1.31755,0.00918919,0.00918919,0.00918919
821,4171.69,0.43227,0.66853,0.32525,0.82504,0.68711,0.3414,0.43981,0.32792,0.6414,0.32782,0.42222,0.30447,1.25149,2.72298,2.90651,1.31173,0.0091882,0.0091882,0.0091882
822,4176.82,0.41292,0.63861,0.31163,0.8104,0.64869,0.33746,0.43068,0.32198,0.59998,0.30903,0.41422,0.30412,1.28258,2.76964,2.89782,1.32943,0.00918721,0.00918721,0.00918721
823,4181.95,0.42674,0.65228,0.32889,0.8248,0.59797,0.32755,0.43065,0.3214,0.54203,0.30639,0.40854,0.29829,1.30413,2.74621,2.80341,1.35231,0.00918622,0.00918622,0.00918622
824,4187.08,0.40779,0.6013,0.30406,0.81806,0.57872,0.35267,0.4328,0.31658,0.50341,0.32575,0.40787,0.29243,1.35759,2.74777,2.78295,1.39526,0.00918523,0.00918523,0.00918523
825,4192.26,0.42324,0.59804,0.31942,0.81273,0.52101,0.37066,0.44603,0.31483,0.5444,0.31483,0.43066,0.30745,1.37239,2.73458,2.77703,1.4123,0.00918424,0.00918424,0.00918424
826,4197.41,0.45882,0.69012,0.34778,0.82944,0.57856,0.32829,0.43305,0.30849,0.52423,0.31457,0.41881,0.2989,1.36668,2.7637,2.72463,1.3981,0.00918325,0.00918325,0.00918325
827,4202.54,0.43246,0.60116,0.3137,0.81596,0.72453,0.28518,0.42386,0.3071,0.72453,0.28518,0.41738,0.30107,1.36115,2.79001,2.70952,1.39771,0.00918226,0.00918226,0.00918226
828,4207.65,0.42197,0.60736,0.32996,0.82498,0.62642,0.29254,0.43038,0.31817,0.62642,0.29254,0.42278,0.30808,1.30657,2.82149,2.78965,1.3878,0.00918127,0.00918127,0.00918127
829,4212.77,0.40023,0.61514,0.32266,0.81362,0.50593,0.36571,0.43786,0.3107,0.51017,0.35312,0.42414,0.299,1.33403,2.93687,2.68567,1.40647,0.00918028,0.00918028,0.00918028
830,4217.89,0.44631,0.66201,0.33357,0.82606,0.54116,0.3824,0.43401,0.3137,0.52266,0.36549,0.42347,0.29674,1.3612,2.93116,2.76152,1.42564,0.00917929,0.00917929,0.00917929
831,4223,0.44108,0.62675,0.33741,0.82681,0.52973,0.38705,0.44498,0.31271,0.5194,0.37608,0.41716,0.29474,1.36015,2.88825,2.82005,1.40281,0.0091783,0.0091783,0.0091783
832,4228.16,0.4058,0.63711,0.31403,0.82605,0.57883,0.40036,0.44698,0.30889,0.55582,0.38272,0.41839,0.29853,1.33344,2.84223,2.76148,1.36682,0.00917731,0.00917731,0.00917731
833,4233.26,0.42462,0.62467,0.32028,0.81446,0.5678,0.40554,0.44083,0.30776,0.5393,0.37905,0.41581,0.29504,1.36539,2.83539,2.69682,1.39464,0.00917632,0.00917632,0.00917632
834,4238.4,0.41376,0.67286,0.31699,0.82283,0.55785,0.38213,0.44832,0.30933,0.53031,0.36436,0.42667,0.29558,1.36491,2.78879,2.7058,1.38802,0.00917533,0.00917533,0.00917533
835,4243.55,0.43016,0.65405,0.32766,0.82168,0.57255,0.34009,0.44276,0.31239,0.55514,0.33333,0.41916,0.29677,1.3744,2.73016,2.71536,1.41404,0.00917434,0.00917434,0.00917434
836,4248.69,0.43556,0.61011,0.31701,0.81884,0.52682,0.3729,0.44401,0.31365,0.53508,0.33279,0.41253,0.29336,1.38796,2.72105,2.81246,1.4412,0.00917335,0.00917335,0.00917335
837,4253.87,0.40982,0.62236,0.32114,0.81461,0.54166,0.37654,0.43786,0.32176,0.59002,0.32762,0.41662,0.29708,1.37497,2.71312,2.87602,1.42916,0.00917236,0.00917236,0.00917236
838,4258.99,0.45103,0.64002,0.33465,0.82506,0.57627,0.37652,0.43529,0.31617,0.55459,0.36227,0.42388,0.30407,1.38428,2.69054,2.73914,1.43984,0.00917137,0.00917137,0.00917137
839,4264.19,0.42054,0.64112,0.32234,0.82668,0.61685,0.35858,0.44408,0.32202,0.56936,0.36893,0.4235,0.30766,1.38217,2.64726,2.75704,1.42273,0.00917038,0.00917038,0.00917038
840,4269.32,0.41261,0.64992,0.30356,0.80933,0.58905,0.37115,0.43885,0.31628,0.57144,0.36439,0.41611,0.29993,1.37348,2.69249,2.78828,1.42299,0.00916939,0.00916939,0.00916939
841,4274.48,0.4081,0.64707,0.32352,0.81728,0.57745,0.36674,0.41702,0.30526,0.54285,0.34726,0.3911,0.29186,1.26578,2.74507,2.76277,1.37252,0.0091684,0.0091684,0.0091684
842,4279.57,0.46344,0.76819,0.34082,0.84479,0.64179,0.36873,0.4091,0.30108,0.59019,0.34852,0.3822,0.28419,1.25237,2.80279,2.67183,1.36626,0.00916741,0.00916741,0.00916741
843,4284.73,0.44634,0.66211,0.33187,0.81843,0.54611,0.40927,0.40792,0.30435,0.52749,0.36154,0.37955,0.28834,1.20429,2.84794,2.68416,1.33951,0.00916642,0.00916642,0.00916642
844,4289.91,0.45351,0.69686,0.33793,0.81742,0.52032,0.40873,0.42182,0.31644,0.53165,0.34951,0.39452,0.29496,1.1899,2.83063,2.63736,1.33596,0.00916543,0.00916543,0.00916543
845,4295,0.42208,0.62941,0.31146,0.8121,0.5354,0.42208,0.4421,0.32967,0.49515,0.38011,0.41353,0.30345,1.23839,2.84818,2.54335,1.33869,0.00916444,0.00916444,0.00916444
846,4300.14,0.44199,0.67272,0.3269,0.83,0.56709,0.39645,0.46598,0.3393,0.52157,0.38223,0.43537,0.31334,1.24121,2.83459,2.4745,1.35778,0.00916345,0.00916345,0.00916345
847,4305.25,0.41351,0.63049,0.31448,0.82774,0.54848,0.4263,0.47383,0.34441,0.56106,0.37853,0.45207,0.31338,1.26667,2.85057,2.36231,1.39438,0.00916246,0.00916246,0.00916246
848,4310.42,0.43222,0.6811,0.32663,0.82194,0.52042,0.43748,0.46428,0.33584,0.49198,0.4136,0.45018,0.3108,1.2784,2.84141,2.22407,1.41426,0.00916147,0.00916147,0.00916147
849,4315.56,0.42641,0.68464,0.32287,0.81821,0.47992,0.42279,0.44842,0.3234,0.44888,0.40678,0.43594,0.30928,1.27388,2.84084,2.27765,1.41521,0.00916048,0.00916048,0.00916048
850,4320.68,0.40757,0.62664,0.31343,0.81378,0.57035,0.39978,0.43182,0.32131,0.60523,0.35929,0.42005,0.29549,1.24425,2.8596,2.30974,1.40289,0.00915949,0.00915949,0.00915949
851,4325.78,0.41926,0.61648,0.31243,0.82023,0.52511,0.41058,0.43644,0.33165,0.5308,0.38037,0.43222,0.29931,1.26166,2.89177,2.38929,1.38174,0.0091585,0.0091585,0.0091585
852,4330.93,0.42812,0.61073,0.33063,0.81687,0.52882,0.38634,0.42654,0.32131,0.49791,0.36499,0.42298,0.29792,1.28199,2.94152,2.46849,1.37886,0.00915751,0.00915751,0.00915751
853,4336.09,0.42694,0.59166,0.329,0.81751,0.5138,0.37763,0.41687,0.31317,0.48375,0.3615,0.41475,0.28934,1.28034,2.97169,2.52383,1.3694,0.00915652,0.00915652,0.00915652
854,4341.21,0.40092,0.66614,0.30926,0.82248,0.51874,0.36394,0.40443,0.30091,0.49054,0.34501,0.39737,0.27547,1.2852,2.93378,2.7135,1.3499,0.00915553,0.00915553,0.00915553
855,4346.38,0.41575,0.61127,0.31517,0.818,0.4936,0.3433,0.40631,0.31537,0.50766,0.3409,0.40052,0.28801,1.25252,2.95496,2.67968,1.30378,0.00915454,0.00915454,0.00915454
856,4351.51,0.4101,0.62601,0.31791,0.8161,0.53996,0.34211,0.42374,0.32744,0.4776,0.30833,0.40251,0.29693,1.224,2.97982,2.58774,1.29252,0.00915355,0.00915355,0.00915355
857,4356.64,0.43107,0.66292,0.32561,0.82418,0.4642,0.39389,0.42134,0.3247,0.40023,0.34801,0.40898,0.29071,1.23712,3.06655,2.5501,1.29185,0.00915256,0.00915256,0.00915256
858,4361.79,0.41373,0.60483,0.31773,0.80707,0.56477,0.34776,0.43395,0.32299,0.40892,0.34746,0.4062,0.28246,1.21936,3.12915,2.52983,1.27966,0.00915157,0.00915157,0.00915157
859,4366.93,0.42176,0.61743,0.324,0.81013,0.44003,0.40782,0.41896,0.314,0.39482,0.37549,0.39532,0.28216,1.18526,3.11561,2.56664,1.25804,0.00915058,0.00915058,0.00915058
860,4372.06,0.41935,0.6274,0.31563,0.82395,0.4571,0.42743,0.42117,0.31877,0.42029,0.40781,0.40595,0.28836,1.21309,3.07543,2.55947,1.28392,0.00914959,0.00914959,0.00914959
861,4377.21,0.4109,0.61879,0.3175,0.81604,0.53472,0.39484,0.44085,0.32233,0.49914,0.36904,0.41651,0.29718,1.29743,3.1008,2.52662,1.36285,0.0091486,0.0091486,0.0091486
862,4382.32,0.42662,0.64765,0.3369,0.82399,0.55885,0.36786,0.45144,0.33446,0.50714,0.3431,0.42689,0.30279,1.32629,3.14579,2.41492,1.38419,0.00914761,0.00914761,0.00914761
863,4387.44,0.44359,0.70519,0.34341,0.81412,0.63382,0.36541,0.45299,0.33608,0.56874,0.34009,0.42524,0.29703,1.36111,3.2697,2.35028,1.42994,0.00914662,0.00914662,0.00914662
864,4392.55,0.422,0.64901,0.32794,0.81727,0.53059,0.41753,0.44686,0.32117,0.48928,0.3927,0.42702,0.28975,1.34779,3.17617,2.45397,1.429,0.00914563,0.00914563,0.00914563
865,4397.69,0.43825,0.69681,0.33427,0.82063,0.60255,0.37157,0.441,0.31944,0.57913,0.34436,0.4216,0.29762,1.31883,3.15223,2.66785,1.42071,0.00914464,0.00914464,0.00914464
866,4402.87,0.42659,0.63431,0.32532,0.82314,0.59164,0.38941,0.4222,0.31063,0.54678,0.36387,0.39899,0.28092,1.33757,3.18471,2.64487,1.42932,0.00914365,0.00914365,0.00914365
867,4408.01,0.4288,0.64793,0.32823,0.81176,0.55249,0.38546,0.43728,0.32532,0.47749,0.34618,0.394,0.2865,1.34568,3.10009,2.71227,1.42774,0.00914266,0.00914266,0.00914266
868,4413.14,0.42915,0.61016,0.31993,0.81215,0.53828,0.37225,0.44642,0.32804,0.4769,0.33782,0.40846,0.30044,1.27265,2.96554,2.62022,1.38341,0.00914167,0.00914167,0.00914167
869,4418.3,0.44091,0.65558,0.32266,0.82206,0.58601,0.38324,0.44736,0.32619,0.54715,0.35758,0.41963,0.30313,1.28411,2.89919,2.59693,1.37613,0.00914068,0.00914068,0.00914068
870,4423.43,0.43534,0.61642,0.33363,0.82261,0.6178,0.36359,0.44767,0.32434,0.49084,0.36372,0.4114,0.30043,1.29182,2.89224,2.58147,1.36221,0.00913969,0.00913969,0.00913969
871,4428.58,0.42616,0.60587,0.32597,0.82158,0.58756,0.38102,0.42666,0.30782,0.59771,0.3291,0.39742,0.28701,1.34115,2.8453,2.6394,1.38016,0.0091387,0.0091387,0.0091387
872,4433.76,0.42996,0.67862,0.32353,0.81557,0.61698,0.3767,0.43443,0.32012,0.56798,0.35102,0.40579,0.29491,1.32475,3.0022,2.61374,1.37782,0.00913771,0.00913771,0.00913771
873,4438.93,0.40958,0.63306,0.30897,0.81522,0.60182,0.37174,0.44007,0.31759,0.55714,0.34669,0.40841,0.29142,1.29702,3.1404,2.64313,1.35705,0.00913672,0.00913672,0.00913672
874,4444.08,0.42323,0.64782,0.31811,0.82203,0.59596,0.36802,0.43736,0.307,0.55016,0.34372,0.40033,0.27347,1.30482,3.27162,2.62767,1.37759,0.00913573,0.00913573,0.00913573
875,4449.23,0.43391,0.62094,0.32723,0.82945,0.57426,0.4258,0.45265,0.32187,0.53837,0.39973,0.41721,0.27485,1.28704,3.27269,2.55205,1.36324,0.00913474,0.00913474,0.00913474
876,4454.38,0.42068,0.69969,0.31579,0.81941,0.55746,0.42012,0.47569,0.33275,0.49862,0.3875,0.41641,0.27753,1.28163,3.22964,2.55338,1.36106,0.00913375,0.00913375,0.00913375
877,4459.55,0.41208,0.64606,0.32935,0.81222,0.56212,0.43433,0.47028,0.33568,0.52836,0.40937,0.42449,0.28525,1.25938,3.10978,2.5839,1.33573,0.00913276,0.00913276,0.00913276
878,4464.68,0.40821,0.631,0.32803,0.81593,0.61263,0.42258,0.48535,0.35123,0.54423,0.38304,0.42475,0.28715,1.22537,2.93546,2.54136,1.31613,0.00913177,0.00913177,0.00913177
879,4469.88,0.4369,0.69352,0.32799,0.82637,0.52268,0.45325,0.46799,0.34717,0.46272,0.41748,0.41316,0.28419,1.18165,2.86457,2.49029,1.29867,0.00913078,0.00913078,0.00913078
880,4475.02,0.42073,0.65186,0.31454,0.81761,0.48846,0.46072,0.45836,0.34217,0.42933,0.42406,0.40748,0.28415,1.18528,2.88315,2.57359,1.30233,0.00912979,0.00912979,0.00912979
881,4480.17,0.40463,0.64328,0.32473,0.82417,0.46081,0.42404,0.44787,0.3299,0.38201,0.38496,0.38961,0.27275,1.24124,2.93264,2.69329,1.35964,0.0091288,0.0091288,0.0091288
882,4485.32,0.41638,0.61015,0.32456,0.82252,0.53252,0.37832,0.43567,0.31263,0.3686,0.35519,0.3685,0.25696,1.31217,3.04279,2.72732,1.41591,0.00912781,0.00912781,0.00912781
883,4490.45,0.41691,0.68058,0.31974,0.82352,0.57507,0.35291,0.42878,0.30886,0.4419,0.30132,0.37876,0.26212,1.34193,3.12542,2.81689,1.42374,0.00912682,0.00912682,0.00912682
884,4495.59,0.40985,0.61148,0.3198,0.81116,0.48046,0.35912,0.4099,0.29446,0.39956,0.32547,0.37595,0.25954,1.35199,3.13763,2.88603,1.41093,0.00912583,0.00912583,0.00912583
885,4500.76,0.4253,0.63845,0.32423,0.81562,0.45101,0.3641,0.4065,0.29809,0.38312,0.31388,0.35717,0.25073,1.34628,3.10873,2.95968,1.39204,0.00912484,0.00912484,0.00912484
886,4505.88,0.43165,0.62934,0.33103,0.8213,0.44363,0.35858,0.39222,0.28916,0.5204,0.25493,0.34847,0.25083,1.33141,3.10106,2.93497,1.39372,0.00912385,0.00912385,0.00912385
887,4511.03,0.42206,0.70364,0.32092,0.8322,0.55861,0.32149,0.41655,0.30139,0.59043,0.27734,0.38184,0.26858,1.353,3.05895,2.96059,1.4021,0.00912286,0.00912286,0.00912286
888,4516.17,0.39386,0.68112,0.31459,0.82012,0.45996,0.32341,0.41076,0.30388,0.4909,0.29319,0.38304,0.2677,1.33801,2.97135,3.06221,1.38306,0.00912187,0.00912187,0.00912187
889,4521.38,0.43045,0.62406,0.31805,0.82564,0.49324,0.36865,0.43054,0.32055,0.35958,0.3122,0.37598,0.2747,1.35346,2.92596,3.03807,1.37691,0.00912088,0.00912088,0.00912088
890,4526.54,0.44081,0.627,0.32668,0.82051,0.48934,0.35397,0.43308,0.32293,0.4438,0.30239,0.39729,0.2872,1.35647,2.87864,3.03265,1.36108,0.00911989,0.00911989,0.00911989
891,4531.73,0.45863,0.65706,0.34358,0.82154,0.3827,0.44459,0.4355,0.33124,0.41754,0.31628,0.40797,0.2956,1.32394,2.85724,2.91855,1.34732,0.0091189,0.0091189,0.0091189
892,4536.85,0.40803,0.63996,0.32399,0.82498,0.45265,0.36369,0.44627,0.34395,0.42824,0.34556,0.42103,0.30875,1.29195,2.86093,2.7265,1.32795,0.00911791,0.00911791,0.00911791
893,4542.02,0.42404,0.63716,0.32753,0.82848,0.57853,0.30491,0.44834,0.34513,0.56319,0.29816,0.42598,0.3146,1.23983,2.86429,2.6509,1.30327,0.00911692,0.00911692,0.00911692
894,4547.15,0.41836,0.6234,0.32884,0.81092,0.61243,0.31167,0.4367,0.32727,0.59822,0.30491,0.4241,0.3069,1.22695,2.9216,2.60021,1.30515,0.00911593,0.00911593,0.00911593
895,4552.35,0.42641,0.6263,0.33753,0.8238,0.56653,0.31086,0.42171,0.31439,0.55209,0.3046,0.40298,0.29775,1.24587,2.89555,2.64769,1.3144,0.00911494,0.00911494,0.00911494
896,4557.5,0.4248,0.63608,0.32805,0.82156,0.57353,0.30653,0.41825,0.3094,0.5595,0.29978,0.40378,0.29134,1.26535,2.84843,2.57548,1.33816,0.00911395,0.00911395,0.00911395
897,4562.64,0.45668,0.68915,0.33915,0.82992,0.50256,0.34169,0.41681,0.30118,0.49167,0.33494,0.39574,0.28233,1.31343,2.77375,2.52114,1.379,0.00911296,0.00911296,0.00911296
898,4567.77,0.39897,0.60376,0.30692,0.82426,0.39884,0.38316,0.40216,0.30427,0.39856,0.37118,0.38786,0.27756,1.32037,2.77167,2.57106,1.37205,0.00911197,0.00911197,0.00911197
899,4572.91,0.42647,0.60365,0.31229,0.83093,0.40113,0.35814,0.40367,0.30941,0.40903,0.36876,0.3936,0.27811,1.31171,2.76424,2.60636,1.3658,0.00911098,0.00911098,0.00911098
900,4578.05,0.42544,0.61275,0.31478,0.8259,0.46318,0.34101,0.40806,0.30929,0.45106,0.35089,0.38951,0.27785,1.29748,2.77377,2.69883,1.35058,0.00910999,0.00910999,0.00910999
901,4583.19,0.42178,0.61937,0.31136,0.8257,0.46372,0.33342,0.412,0.31089,0.46372,0.33342,0.39946,0.28164,1.27827,2.74784,2.69558,1.34097,0.009109,0.009109,0.009109
902,4588.35,0.44539,0.69837,0.3267,0.82819,0.57133,0.30856,0.40682,0.3066,0.57133,0.30856,0.39858,0.28095,1.27459,2.73714,2.66203,1.34283,0.00910801,0.00910801,0.00910801
903,4593.5,0.40445,0.64081,0.31115,0.83119,0.52994,0.33408,0.41912,0.32044,0.52994,0.33408,0.41534,0.28488,1.26413,2.7533,2.61596,1.35026,0.00910702,0.00910702,0.00910702
904,4598.65,0.44268,0.74361,0.33354,0.8271,0.48311,0.38845,0.43077,0.32023,0.47797,0.39456,0.42796,0.27972,1.31146,2.77239,2.62437,1.38115,0.00910603,0.00910603,0.00910603
905,4603.8,0.39582,0.57573,0.30336,0.81489,0.49704,0.35989,0.43348,0.32705,0.51018,0.37124,0.43237,0.29738,1.2736,2.78394,2.7121,1.35526,0.00910504,0.00910504,0.00910504
906,4608.93,0.41817,0.6431,0.3168,0.8188,0.51239,0.37262,0.45083,0.33748,0.51094,0.35892,0.4516,0.29645,1.25775,2.89369,2.7843,1.36375,0.00910405,0.00910405,0.00910405
907,4614.09,0.44756,0.6396,0.32977,0.82601,0.5712,0.35061,0.43965,0.32341,0.54799,0.3493,0.43456,0.30026,1.27351,2.94487,2.83095,1.36168,0.00910306,0.00910306,0.00910306
908,4619.2,0.43354,0.62441,0.32948,0.82712,0.55765,0.35715,0.43917,0.32296,0.57459,0.32036,0.42421,0.29471,1.27585,2.99939,2.85889,1.355,0.00910207,0.00910207,0.00910207
909,4624.37,0.43356,0.66367,0.33196,0.82064,0.52264,0.36814,0.436,0.31228,0.62936,0.32036,0.41891,0.28781,1.28521,2.98218,2.79985,1.36958,0.00910108,0.00910108,0.00910108
910,4629.54,0.43228,0.66773,0.32562,0.81336,0.65086,0.30743,0.4261,0.30633,0.65086,0.30743,0.40446,0.28316,1.28581,2.93321,2.7763,1.36595,0.00910009,0.00910009,0.00910009
911,4634.69,0.39565,0.64267,0.30496,0.80832,0.45439,0.38623,0.43195,0.30811,0.59262,0.32568,0.40887,0.28515,1.29527,2.93371,2.67052,1.37271,0.0090991,0.0090991,0.0090991
912,4639.79,0.433,0.62143,0.33208,0.82646,0.53382,0.36516,0.4313,0.31701,0.52148,0.3566,0.41447,0.29032,1.30906,2.97711,2.60176,1.38808,0.00909811,0.00909811,0.00909811
913,4644.92,0.4402,0.63248,0.32382,0.81265,0.59265,0.33651,0.43722,0.31452,0.57882,0.32996,0.42019,0.29244,1.31797,3.02251,2.55069,1.39634,0.00909712,0.00909712,0.00909712
914,4650.08,0.42223,0.62917,0.30904,0.82843,0.57721,0.3488,0.42191,0.3112,0.5637,0.34204,0.41165,0.29275,1.29312,2.96436,2.60276,1.38495,0.00909613,0.00909613,0.00909613
915,4655.18,0.39562,0.59252,0.31804,0.80414,0.60663,0.33794,0.44006,0.32092,0.59067,0.33118,0.41947,0.30371,1.24411,2.91562,2.59107,1.35078,0.00909514,0.00909514,0.00909514
916,4660.32,0.40501,0.59086,0.30628,0.82163,0.58498,0.33794,0.4381,0.32581,0.56884,0.33118,0.42159,0.3037,1.2382,2.94565,2.64904,1.34577,0.00909415,0.00909415,0.00909415
917,4665.47,0.42716,0.62779,0.31266,0.81891,0.52764,0.36335,0.43858,0.32102,0.53141,0.35591,0.41834,0.30859,1.22956,2.91842,2.611,1.34202,0.00909316,0.00909316,0.00909316
918,4670.6,0.42624,0.65055,0.33006,0.83379,0.59652,0.34469,0.43155,0.31374,0.58045,0.33794,0.41267,0.30451,1.25644,2.79313,2.67149,1.35543,0.00909217,0.00909217,0.00909217
919,4675.74,0.41758,0.6182,0.31146,0.81749,0.58436,0.34469,0.42771,0.30996,0.56851,0.33794,0.40607,0.29831,1.28108,2.70614,2.6909,1.36536,0.00909118,0.00909118,0.00909118
920,4680.92,0.41545,0.64268,0.30826,0.81796,0.48444,0.37778,0.4249,0.31606,0.56548,0.32657,0.40537,0.30667,1.25607,2.66639,2.7316,1.35419,0.00909019,0.00909019,0.00909019
921,4686.06,0.41401,0.61561,0.31325,0.81154,0.59212,0.37096,0.4354,0.32528,0.56265,0.3523,0.41512,0.303,1.25188,2.64855,2.79656,1.3416,0.0090892,0.0090892,0.0090892
922,4691.21,0.40592,0.60461,0.30634,0.8183,0.64723,0.35912,0.43557,0.31533,0.61174,0.34046,0.41256,0.30479,1.22658,2.63562,2.73059,1.32892,0.00908821,0.00908821,0.00908821
923,4696.32,0.41949,0.64918,0.33035,0.81074,0.52508,0.37931,0.43667,0.31871,0.69431,0.31643,0.41545,0.29704,1.23456,2.59766,2.75848,1.33014,0.00908722,0.00908722,0.00908722
924,4701.44,0.41131,0.67349,0.31798,0.82246,0.5522,0.3888,0.43193,0.32082,0.50257,0.35237,0.40692,0.29243,1.23471,2.57381,2.73159,1.33403,0.00908623,0.00908623,0.00908623
925,4706.6,0.40562,0.61639,0.3198,0.81947,0.60178,0.38422,0.43131,0.31229,0.57046,0.36657,0.41718,0.28247,1.24882,2.53304,2.78714,1.36661,0.00908524,0.00908524,0.00908524
926,4711.79,0.40884,0.61674,0.3221,0.80871,0.66269,0.35918,0.42952,0.30862,0.62784,0.34121,0.40773,0.28111,1.27547,2.49721,2.77268,1.37533,0.00908425,0.00908425,0.00908425
927,4716.93,0.42702,0.60759,0.32568,0.82562,0.66287,0.32389,0.41967,0.29747,0.62306,0.30529,0.40492,0.26963,1.29756,2.4767,2.85544,1.3915,0.00908326,0.00908326,0.00908326
928,4722.11,0.41874,0.64828,0.3149,0.8248,0.58705,0.38536,0.41567,0.29658,0.56195,0.36011,0.38821,0.28023,1.25478,2.43405,2.83375,1.363,0.00908227,0.00908227,0.00908227
929,4727.3,0.39571,0.62371,0.30939,0.81008,0.54012,0.36612,0.41842,0.30211,0.52022,0.3453,0.39251,0.29076,1.27798,2.45171,2.77906,1.38525,0.00908128,0.00908128,0.00908128
930,4732.47,0.40941,0.62657,0.31995,0.81941,0.55759,0.36865,0.40956,0.30177,0.50605,0.33865,0.38207,0.28628,1.27554,2.44273,2.82892,1.381,0.00908029,0.00908029,0.00908029
931,4737.62,0.40412,0.59045,0.3195,0.81936,0.50619,0.35002,0.39732,0.29531,0.56355,0.311,0.37641,0.28723,1.26082,2.43339,2.80335,1.3635,0.0090793,0.0090793,0.0090793
932,4742.79,0.38504,0.60639,0.29979,0.81553,0.47619,0.36171,0.39972,0.3058,0.52838,0.31447,0.38506,0.28939,1.21939,2.43867,2.72579,1.32315,0.00907831,0.00907831,0.00907831
933,4747.93,0.39726,0.61522,0.30656,0.81515,0.4376,0.35414,0.40194,0.31201,0.50414,0.31075,0.39028,0.29089,1.20872,2.43886,2.70856,1.30334,0.00907732,0.00907732,0.00907732
934,4753.1,0.40067,0.62194,0.3053,0.81215,0.43265,0.37223,0.40267,0.31118,0.42097,0.35975,0.38798,0.29052,1.20304,2.46813,2.70253,1.29036,0.00907633,0.00907633,0.00907633
935,4758.29,0.41118,0.61597,0.30779,0.81132,0.43287,0.37956,0.4005,0.31155,0.39439,0.34675,0.37819,0.29028,1.17756,2.51033,2.66976,1.27203,0.00907534,0.00907534,0.00907534
936,4763.43,0.41096,0.58597,0.31883,0.81948,0.46088,0.39774,0.40955,0.31667,0.40127,0.35156,0.39029,0.29095,1.16328,2.53696,2.63374,1.2887,0.00907435,0.00907435,0.00907435
937,4768.57,0.43011,0.60079,0.32263,0.80927,0.46933,0.40808,0.40867,0.31724,0.42955,0.37678,0.39278,0.29427,1.16128,2.53079,2.60324,1.28105,0.00907336,0.00907336,0.00907336
938,4773.7,0.41342,0.65496,0.3266,0.81904,0.50414,0.41278,0.42324,0.32471,0.49068,0.36784,0.40745,0.30195,1.13813,2.56144,2.56328,1.24989,0.00907237,0.00907237,0.00907237
939,4778.85,0.4033,0.59115,0.31487,0.81825,0.48837,0.41913,0.43431,0.32586,0.51591,0.36362,0.41473,0.30825,1.13518,2.56856,2.48315,1.22534,0.00907138,0.00907138,0.00907138
940,4784,0.40726,0.61666,0.31294,0.80688,0.52912,0.39817,0.43371,0.32125,0.50005,0.38012,0.4087,0.29619,1.15008,2.65447,2.42015,1.22157,0.00907039,0.00907039,0.00907039
941,4789.15,0.41778,0.64681,0.31102,0.82413,0.51899,0.40835,0.44495,0.3342,0.4907,0.38256,0.42722,0.30917,1.16685,2.6403,2.41423,1.23091,0.0090694,0.0090694,0.0090694
942,4794.26,0.42741,0.62853,0.33628,0.81617,0.53153,0.40835,0.43758,0.32417,0.51352,0.37108,0.41551,0.30301,1.20594,2.66568,2.44359,1.2644,0.00906841,0.00906841,0.00906841
