epoch,time,train/box_loss,train/seg_loss,train/cls_loss,train/dfl_loss,metrics/precision(B),metrics/recall(B),metrics/mAP50(B),metrics/mAP50-95(B),metrics/precision(M),metrics/recall(M),metrics/mAP50(M),metrics/mAP50-95(M),val/box_loss,val/seg_loss,val/cls_loss,val/dfl_loss,lr/pg0,lr/pg1,lr/pg2
1,14.2104,1.93624,3.52408,5.98864,1.68722,0.00031,0.01786,0.00018,5e-05,0.00041,0.02381,0.00028,8e-05,2.56116,4.19969,5.3785,2.42208,3.75e-05,3.75e-05,3.75e-05
2,17.0104,2.00636,3.93519,6.05671,1.77009,0.32619,0.02753,0.0217,0.0071,0.29962,0.04828,0.02428,0.01023,1.95337,3.19323,4.26727,1.75142,8.74913e-05,8.74913e-05,8.74913e-05
3,19.911,1.68099,3.01239,4.11758,1.47406,0.61623,0.21131,0.12543,0.08091,0.62912,0.20536,0.11498,0.06961,1.53941,2.97659,3.52132,1.3926,0.000137473,0.000137473,0.000137473
4,22.8089,1.51363,2.72859,3.33969,1.32546,0.64386,0.31027,0.16218,0.08252,0.63529,0.29382,0.14137,0.0774,1.60097,2.82325,4.64472,1.4551,0.000187444,0.000187444,0.000187444
5,25.6394,1.42785,2.519,2.79897,1.25923,0.38065,0.30283,0.14463,0.07083,0.37811,0.29911,0.1404,0.06089,1.59338,2.81889,3.25067,1.42025,0.000237406,0.000237406,0.000237406
6,28.4083,1.2916,2.41833,2.50569,1.20919,0.6948,0.1756,0.24277,0.16607,0.70739,0.16369,0.23688,0.14045,1.45165,2.67329,3.15447,1.31867,0.000287358,0.000287358,0.000287358
7,31.2328,1.25645,2.33733,2.37016,1.2272,0.28801,0.5558,0.30158,0.14137,0.28036,0.58507,0.32159,0.15241,1.59857,2.83261,2.76049,1.505,0.0003373,0.0003373,0.0003373
8,34.0065,1.1842,2.06829,2.20634,1.22367,0.66929,0.33418,0.19888,0.10016,0.66529,0.32822,0.2004,0.10399,1.49289,2.6574,2.6385,1.4578,0.000387231,0.000387231,0.000387231
9,36.7703,1.15356,2.13758,1.9356,1.13992,0.71078,0.30729,0.23381,0.11983,0.70928,0.33854,0.23736,0.1168,1.62098,2.90742,2.33973,1.56077,0.000437154,0.000437154,0.000437154
10,39.5124,1.17234,2.14881,1.90005,1.146,0.43044,0.30878,0.20187,0.10082,0.14989,0.32068,0.20772,0.10229,1.6759,2.80846,2.26854,1.53245,0.000487066,0.000487066,0.000487066
11,42.2403,1.12603,1.94417,1.75402,1.1701,0.20218,0.4462,0.2714,0.13868,0.19183,0.42355,0.24568,0.11399,1.57832,2.95631,2.47871,1.54731,0.000536968,0.000536968,0.000536968
12,44.9911,1.13044,1.93766,1.61914,1.11542,0.24994,0.43656,0.29298,0.1328,0.2516,0.45974,0.29422,0.12095,1.60407,3.14746,2.16725,1.5497,0.00058686,0.00058686,0.00058686
13,47.7103,1.21688,2.0559,1.79381,1.14371,0.37176,0.29836,0.2246,0.10939,0.35201,0.27679,0.21973,0.08884,1.75794,2.98615,2.35308,1.58879,0.000636743,0.000636743,0.000636743
14,50.431,1.17417,2.05258,1.5674,1.11914,0.41019,0.34524,0.26858,0.13601,0.37579,0.33929,0.26392,0.09407,1.74785,3.21044,2.43345,1.59269,0.000686615,0.000686615,0.000686615
15,53.2129,1.1443,2.10322,1.47135,1.13914,0.36158,0.32979,0.26363,0.14342,0.35877,0.32143,0.25237,0.10922,1.62351,3.33107,2.29433,1.50486,0.000736478,0.000736478,0.000736478
16,55.9327,1.03165,1.83557,1.33629,1.06321,0.38988,0.32366,0.27586,0.14581,0.60464,0.23212,0.27655,0.13305,1.63372,3.368,2.22812,1.50345,0.000786331,0.000786331,0.000786331
17,58.6666,1.06968,1.97936,1.37575,1.08229,0.33319,0.46549,0.35085,0.18506,0.48879,0.30615,0.33775,0.17649,1.62415,3.86496,2.23656,1.55123,0.000836173,0.000836173,0.000836173
18,61.467,1.10038,2.02959,1.38986,1.11776,0.45798,0.32589,0.33349,0.17822,0.38079,0.40464,0.36703,0.1653,1.72164,4.11981,2.18999,1.70261,0.000886006,0.000886006,0.000886006
19,64.2652,1.08109,1.89078,1.30667,1.09378,0.35561,0.42188,0.32411,0.16692,0.3621,0.44122,0.33299,0.16163,1.61814,4.2076,2.21813,1.6531,0.000935829,0.000935829,0.000935829
20,67.0371,1.05773,1.84081,1.16031,1.07623,0.24551,0.51414,0.28441,0.14452,0.23561,0.50595,0.27146,0.13415,1.76357,4.44355,2.32852,1.78827,0.000985643,0.000985643,0.000985643
21,69.8026,1.01895,1.90876,1.29466,1.06609,0.2644,0.39713,0.26801,0.15181,0.28096,0.41022,0.27502,0.12722,1.52186,3.50601,2.81406,1.51644,0.00103545,0.00103545,0.00103545
22,72.6362,1.11061,1.92214,1.33196,1.06813,0.23887,0.45312,0.30567,0.15387,0.21938,0.47247,0.28954,0.1106,1.63319,4.06403,2.70024,1.5778,0.00108524,0.00108524,0.00108524
23,75.4144,1.04095,1.98308,1.20128,1.03228,0.26441,0.35938,0.26836,0.14433,0.265,0.35938,0.26858,0.10939,1.57412,3.7356,2.30219,1.55142,0.00113502,0.00113502,0.00113502
24,78.1685,1.03507,1.81973,1.22028,1.06343,0.19012,0.43266,0.21182,0.11763,0.18978,0.42118,0.21118,0.08977,1.52936,3.50536,2.2187,1.55305,0.0011848,0.0011848,0.0011848
25,80.942,1.02406,1.90454,1.29107,1.06107,0.18469,0.34463,0.21854,0.1258,0.18075,0.33527,0.21754,0.10626,1.51186,3.90805,2.84471,1.50863,0.00123456,0.00123456,0.00123456
26,83.7065,1.01441,1.765,1.17705,1.07705,0.16575,0.44879,0.22101,0.14238,0.17007,0.4607,0.22575,0.11845,1.63867,3.90463,2.3777,1.65574,0.00124691,0.00124691,0.00124691
27,86.4702,1.05192,1.81198,1.15225,1.06915,0.62227,0.23505,0.28156,0.15782,0.6106,0.22936,0.27441,0.11355,1.67574,3.6372,2.16294,1.70757,0.00124678,0.00124678,0.00124678
28,89.2525,1.04155,1.8108,1.11958,1.04773,0.55723,0.32073,0.293,0.14066,0.54588,0.30288,0.27889,0.10134,1.86366,3.92803,2.11343,1.95909,0.00124666,0.00124666,0.00124666
29,92.0385,1.11868,1.84841,1.25197,1.14123,0.26989,0.37642,0.23526,0.12308,0.26496,0.37248,0.22943,0.09637,1.67857,3.75948,2.24048,1.6846,0.00124654,0.00124654,0.00124654
30,94.8493,1.1071,2.05844,1.12867,1.08835,0.29284,0.34598,0.24176,0.11185,0.39913,0.23586,0.20576,0.09063,1.74004,4.06724,2.41396,1.67364,0.00124641,0.00124641,0.00124641
31,97.6242,1.01548,1.76407,1.12249,1.06144,0.52191,0.28356,0.22046,0.10827,0.51482,0.2657,0.19966,0.08104,1.72492,4.24387,2.58218,1.70009,0.00124629,0.00124629,0.00124629
32,100.419,0.99972,1.68134,1.08199,1.04279,0.55952,0.31399,0.32155,0.15404,0.53011,0.27083,0.27625,0.11962,1.65544,4.12954,2.63379,1.6208,0.00124616,0.00124616,0.00124616
33,103.211,0.98926,1.69525,1.00889,1.0468,0.53308,0.33557,0.32324,0.15441,0.52998,0.32961,0.29685,0.1213,1.67944,4.27224,3.23096,1.70667,0.00124604,0.00124604,0.00124604
34,106.008,0.94449,1.66534,1.01353,1.00367,0.29122,0.4256,0.26481,0.14295,0.27541,0.38244,0.24221,0.12267,1.68123,4.17492,4.07687,1.68392,0.00124592,0.00124592,0.00124592
35,108.825,0.99951,1.73027,0.97707,1.0461,0.168,0.42801,0.23873,0.11066,0.16826,0.43737,0.23217,0.09344,1.61794,3.72554,3.49065,1.65911,0.00124579,0.00124579,0.00124579
36,111.658,0.9945,1.7408,0.99758,1.0392,0.27413,0.4561,0.30132,0.15962,0.26799,0.4442,0.28424,0.11678,1.55825,3.72962,2.33086,1.61102,0.00124567,0.00124567,0.00124567
37,114.47,0.98459,1.71862,1.12507,1.05611,0.59203,0.25744,0.253,0.13139,0.59579,0.26711,0.25011,0.10283,1.52561,3.6207,2.27955,1.52922,0.00124555,0.00124555,0.00124555
38,117.246,0.93798,1.63761,0.94787,1.00151,0.42283,0.32738,0.25727,0.13031,0.42655,0.36458,0.26489,0.10376,1.54386,3.6272,2.98052,1.51115,0.00124542,0.00124542,0.00124542
39,120.029,0.99353,1.60959,1.00791,1.04332,0.17858,0.5811,0.31718,0.16792,0.17377,0.55414,0.31289,0.14115,1.51302,3.97194,3.06568,1.5587,0.0012453,0.0012453,0.0012453
40,122.816,0.89351,1.63156,0.91793,1.01988,0.21189,0.57292,0.30024,0.16168,0.21116,0.56696,0.28532,0.13429,1.52005,4.0045,3.44634,1.52563,0.00124517,0.00124517,0.00124517
41,125.608,0.97384,1.68031,0.95121,1.02581,0.45606,0.38462,0.27841,0.16017,0.479,0.41462,0.29172,0.104,1.5868,4.10877,4.08841,1.59544,0.00124505,0.00124505,0.00124505
42,128.419,0.90376,1.68206,0.88705,0.99774,0.45125,0.34369,0.25127,0.14702,0.4385,0.33408,0.25097,0.10938,1.6604,4.14702,3.27784,1.68523,0.00124493,0.00124493,0.00124493
43,131.208,0.87335,1.51999,0.82011,0.99952,0.6014,0.19974,0.25593,0.14841,0.59508,0.19048,0.252,0.12156,1.59586,4.21645,2.47436,1.64532,0.0012448,0.0012448,0.0012448
44,134.013,0.82452,1.50183,0.794,0.98162,0.29139,0.3244,0.28001,0.15567,0.29139,0.3244,0.26046,0.12504,1.63783,4.31847,2.2641,1.74505,0.00124468,0.00124468,0.00124468
45,136.784,0.87405,1.65644,0.91403,0.99004,0.274,0.32812,0.2633,0.1409,0.26104,0.30655,0.25479,0.12956,1.69776,3.868,2.15927,1.76993,0.00124456,0.00124456,0.00124456
46,139.569,0.95062,1.68419,0.9101,1.04582,0.22146,0.32217,0.26314,0.14313,0.23139,0.34747,0.26846,0.13025,1.65961,3.38122,2.31428,1.67938,0.00124443,0.00124443,0.00124443
47,142.357,0.88564,1.54719,0.80041,0.98406,0.18844,0.43378,0.24329,0.13624,0.19042,0.53125,0.25129,0.10911,1.61478,3.0424,2.52299,1.59535,0.00124431,0.00124431,0.00124431
48,145.14,0.88608,1.63894,0.83661,0.9763,0.36638,0.56851,0.3388,0.18384,0.38353,0.5657,0.34092,0.16085,1.62098,3.00446,1.93538,1.56464,0.00124418,0.00124418,0.00124418
49,147.95,0.85098,1.52663,0.75578,0.96172,0.43247,0.41443,0.39185,0.20033,0.41125,0.49159,0.40202,0.20442,1.62775,3.03212,1.91787,1.55923,0.00124406,0.00124406,0.00124406
50,150.75,0.87204,1.55215,0.86804,0.97537,0.34384,0.49777,0.34124,0.1764,0.3476,0.5329,0.36465,0.1695,1.74737,2.95515,1.96286,1.66106,0.00124394,0.00124394,0.00124394
51,153.562,0.86977,1.57374,0.89498,0.9653,0.37,0.49554,0.38749,0.19282,0.34552,0.46801,0.35473,0.16251,1.71532,2.97365,2.08299,1.60147,0.00124381,0.00124381,0.00124381
52,156.367,0.91634,1.6003,0.78895,1.01729,0.415,0.45128,0.3518,0.17468,0.41061,0.44533,0.3398,0.17016,1.65765,3.10332,2.40961,1.58161,0.00124369,0.00124369,0.00124369
53,159.153,0.84932,1.42674,0.84195,0.98675,0.30967,0.50933,0.35795,0.18454,0.33278,0.52192,0.36284,0.17642,1.67979,3.02832,2.24062,1.57495,0.00124357,0.00124357,0.00124357
54,161.956,0.84797,1.56279,0.77555,0.98283,0.42704,0.43607,0.38185,0.20601,0.44213,0.44865,0.38586,0.18637,1.64056,2.94753,2.08699,1.5694,0.00124344,0.00124344,0.00124344
55,164.74,0.82838,1.41847,0.80336,0.96609,0.4075,0.61048,0.43735,0.22354,0.38863,0.5737,0.42563,0.22792,1.68227,3.03363,1.7483,1.6172,0.00124332,0.00124332,0.00124332
56,167.576,0.81934,1.48396,0.70148,0.95205,0.37085,0.65104,0.41441,0.2114,0.3597,0.63914,0.4147,0.2163,1.65379,3.04384,1.74228,1.52833,0.00124319,0.00124319,0.00124319
57,170.393,0.82268,1.45198,0.69644,0.93552,0.39096,0.45817,0.39926,0.20872,0.4261,0.37939,0.38936,0.20374,1.59285,3.04815,1.80963,1.49121,0.00124307,0.00124307,0.00124307
58,173.174,0.80448,1.3712,0.71386,0.95548,0.45014,0.4375,0.39969,0.20257,0.49162,0.43263,0.39425,0.2085,1.54356,2.92959,1.79254,1.51038,0.00124295,0.00124295,0.00124295
59,175.947,0.84929,1.39515,0.77675,0.98352,0.26094,0.49949,0.33811,0.17722,0.41752,0.35193,0.34616,0.174,1.56424,2.98605,1.90953,1.45035,0.00124282,0.00124282,0.00124282
60,178.722,0.82118,1.41505,0.71785,0.96352,0.28272,0.49702,0.34678,0.1807,0.26288,0.46949,0.35691,0.17272,1.57145,2.9985,1.90333,1.46879,0.0012427,0.0012427,0.0012427
61,181.499,0.79975,1.45288,0.6889,0.95854,0.25747,0.53731,0.33825,0.17275,0.25288,0.53121,0.3529,0.18269,1.57552,3.13115,2.01101,1.48638,0.00124257,0.00124257,0.00124257
62,184.281,0.81357,1.38395,0.71592,0.95009,0.30434,0.43006,0.33953,0.20002,0.30048,0.43378,0.33069,0.18404,1.56113,3.33905,2.07609,1.48333,0.00124245,0.00124245,0.00124245
63,187.105,0.82749,1.5607,0.69561,0.96206,0.44525,0.34375,0.30625,0.16179,0.43557,0.33185,0.30034,0.1512,1.55259,3.45521,2.36079,1.50497,0.00124233,0.00124233,0.00124233
64,189.898,0.85205,1.51832,0.75521,1.00003,0.41289,0.375,0.38196,0.18731,0.4074,0.36905,0.36577,0.16671,1.55643,3.36967,2.046,1.49634,0.0012422,0.0012422,0.0012422
65,192.641,0.86221,1.42873,0.79161,1.00276,0.38717,0.37872,0.39204,0.20582,0.38244,0.38839,0.37838,0.19638,1.51105,3.14918,1.93229,1.45582,0.00124208,0.00124208,0.00124208
66,195.422,0.8679,1.47852,0.78267,0.98535,0.44955,0.49324,0.42304,0.21996,0.4405,0.48784,0.40081,0.21006,1.52789,3.19118,1.96076,1.47347,0.00124196,0.00124196,0.00124196
67,198.217,0.80893,1.43715,0.68806,0.94597,0.70278,0.39583,0.47682,0.22498,0.40615,0.57183,0.4613,0.21954,1.47645,3.27472,2.00815,1.44939,0.00124183,0.00124183,0.00124183
68,201.044,0.77178,1.36853,0.68685,0.96022,0.44676,0.51722,0.44348,0.22583,0.47148,0.52663,0.4563,0.21704,1.56436,3.48072,2.01367,1.51196,0.00124171,0.00124171,0.00124171
69,203.837,0.77833,1.37639,0.65163,0.94081,0.63362,0.41913,0.46949,0.2437,0.66225,0.43121,0.48455,0.22933,1.62672,3.59003,1.9625,1.57274,0.00124158,0.00124158,0.00124158
70,206.67,0.80979,1.45745,0.69764,0.96226,0.58977,0.45168,0.47719,0.20321,0.58216,0.44639,0.46518,0.21894,1.7135,3.68854,1.98938,1.70574,0.00124146,0.00124146,0.00124146
71,209.475,0.7757,1.34613,0.65634,0.95074,0.43124,0.61384,0.45684,0.1957,0.44107,0.59906,0.44692,0.22027,1.78902,3.57906,2.06258,1.76353,0.00124134,0.00124134,0.00124134
72,212.264,0.75021,1.34347,0.62417,0.94494,0.42748,0.4813,0.39506,0.18484,0.4191,0.477,0.39203,0.19384,1.79521,3.58949,2.15582,1.81711,0.00124121,0.00124121,0.00124121
73,215.061,0.76314,1.26599,0.66847,0.94497,0.38043,0.4725,0.39112,0.18316,0.3942,0.48015,0.40014,0.20304,1.73124,3.46151,2.12694,1.74575,0.00124109,0.00124109,0.00124109
74,217.851,0.76012,1.31875,0.63745,0.93484,0.35807,0.45823,0.36134,0.16561,0.35865,0.45962,0.33058,0.17224,1.77743,3.31649,2.16138,1.78132,0.00124097,0.00124097,0.00124097
75,220.634,0.75786,1.2667,0.60517,0.94181,0.32148,0.42141,0.34734,0.17006,0.26795,0.37682,0.33076,0.14806,1.76298,3.23742,2.14066,1.68949,0.00124084,0.00124084,0.00124084
76,223.439,0.77216,1.32098,0.62929,0.92561,0.33619,0.44568,0.34852,0.197,0.38841,0.53348,0.40118,0.17827,1.67591,3.16676,2.02373,1.62662,0.00124072,0.00124072,0.00124072
77,226.24,0.767,1.37308,0.64676,0.93826,0.45761,0.38542,0.40728,0.22313,0.51288,0.42677,0.4272,0.20615,1.55416,3.14024,1.89431,1.46511,0.00124059,0.00124059,0.00124059
78,229.045,0.77205,1.33749,0.66398,0.93184,0.44461,0.3775,0.40673,0.21013,0.43243,0.36037,0.36271,0.17581,1.53669,3.20097,2.01463,1.4478,0.00124047,0.00124047,0.00124047
79,231.826,0.76052,1.277,0.62436,0.91847,0.59596,0.33036,0.38605,0.2002,0.36639,0.48983,0.38906,0.18731,1.59469,3.11191,1.97175,1.50381,0.00124035,0.00124035,0.00124035
80,234.605,0.7752,1.27236,0.60214,0.92648,0.47131,0.49913,0.42303,0.20981,0.45679,0.45935,0.39807,0.19665,1.56575,3.12928,1.84114,1.49008,0.00124022,0.00124022,0.00124022
81,237.406,0.74505,1.31419,0.58191,0.95233,0.32056,0.56006,0.42521,0.22272,0.31293,0.55144,0.39977,0.1882,1.51767,2.89711,1.75789,1.49962,0.0012401,0.0012401,0.0012401
82,240.191,0.7741,1.23885,0.60515,0.92805,0.63473,0.33036,0.39137,0.21584,0.29468,0.44222,0.37459,0.19901,1.46213,2.84914,1.83737,1.49686,0.00123998,0.00123998,0.00123998
83,242.992,0.81906,1.52233,0.66746,0.95494,0.24205,0.52232,0.35318,0.1886,0.6671,0.30655,0.34038,0.18795,1.50086,3.00451,2.04356,1.46589,0.00123985,0.00123985,0.00123985
84,245.775,0.80042,1.34496,0.67007,0.95782,0.38889,0.44707,0.41173,0.21416,0.38289,0.43516,0.40384,0.22347,1.57698,3.35591,2.11111,1.53618,0.00123973,0.00123973,0.00123973
85,248.551,0.78371,1.42557,0.65971,0.95333,0.45703,0.58431,0.47011,0.24794,0.45017,0.57331,0.45845,0.23755,1.63847,3.40498,1.85662,1.61242,0.0012396,0.0012396,0.0012396
86,251.39,0.74678,1.40329,0.61039,0.94749,0.55567,0.50887,0.4818,0.26141,0.57562,0.52738,0.49814,0.25545,1.56181,3.39425,1.79589,1.57853,0.00123948,0.00123948,0.00123948
87,254.248,0.76298,1.33385,0.62786,0.94481,0.49984,0.47333,0.42242,0.22612,0.49984,0.47333,0.43165,0.22644,1.57044,3.20252,1.87589,1.54585,0.00123936,0.00123936,0.00123936
88,257.047,0.76049,1.2832,0.61836,0.9494,0.40382,0.41242,0.33627,0.1888,0.39594,0.40166,0.33082,0.16885,1.59129,3.24492,2.02484,1.58837,0.00123923,0.00123923,0.00123923
89,259.845,0.75285,1.23169,0.60903,0.94431,0.36085,0.46225,0.33329,0.17956,0.34181,0.43379,0.30007,0.1633,1.53205,3.23681,2.02464,1.54188,0.00123911,0.00123911,0.00123911
90,262.659,0.75426,1.33878,0.64684,0.95141,0.53717,0.42783,0.4111,0.22997,0.50345,0.39435,0.37788,0.20069,1.59302,3.33078,1.89117,1.56295,0.00123899,0.00123899,0.00123899
91,265.454,0.81706,1.32747,0.62125,0.96924,0.61774,0.42024,0.38713,0.21605,0.52236,0.42113,0.36234,0.18478,1.58921,3.65866,2.06442,1.58727,0.00123886,0.00123886,0.00123886
92,268.235,0.78113,1.30598,0.66486,0.9445,0.3928,0.53212,0.38989,0.22092,0.37146,0.52307,0.34877,0.1804,1.52736,3.5345,1.96097,1.55463,0.00123874,0.00123874,0.00123874
93,271.044,0.79613,1.32435,0.64681,0.93738,0.49594,0.43155,0.35856,0.18597,0.47296,0.41787,0.32995,0.17828,1.56436,3.33265,2.11356,1.54199,0.00123861,0.00123861,0.00123861
94,273.852,0.76788,1.27879,0.67922,0.95114,0.365,0.51219,0.34394,0.19063,0.47316,0.41518,0.32199,0.16149,1.55172,3.29579,2.24772,1.54344,0.00123849,0.00123849,0.00123849
95,276.662,0.77508,1.27904,0.68071,0.92514,0.3328,0.52158,0.34824,0.19423,0.31222,0.49777,0.32904,0.15157,1.55176,3.42353,1.9422,1.57834,0.00123837,0.00123837,0.00123837
96,279.446,0.7307,1.25761,0.60706,0.92556,0.43414,0.35789,0.35897,0.19864,0.40707,0.40947,0.34338,0.17639,1.54582,3.42913,1.69454,1.54359,0.00123824,0.00123824,0.00123824
97,282.233,0.71292,1.22474,0.64211,0.92006,0.32574,0.43384,0.37836,0.21038,0.35416,0.4974,0.41642,0.20075,1.58709,3.46592,1.77332,1.57413,0.00123812,0.00123812,0.00123812
98,285.009,0.74444,1.28915,0.63391,0.93407,0.32915,0.55503,0.38575,0.21782,0.47549,0.50298,0.43079,0.2083,1.56194,3.36592,2.12579,1.51116,0.001238,0.001238,0.001238
99,287.802,0.71482,1.16921,0.57244,0.93038,0.34142,0.58929,0.37998,0.21024,0.41319,0.47173,0.38877,0.19982,1.56222,3.25636,2.38781,1.54952,0.00123787,0.00123787,0.00123787
100,290.596,0.69257,1.16566,0.59886,0.92202,0.42848,0.44922,0.36057,0.20628,0.43484,0.4554,0.36851,0.20038,1.54509,3.06838,2.16947,1.5,0.00123775,0.00123775,0.00123775
101,293.381,0.67725,1.1624,0.51469,0.91915,0.42237,0.42715,0.38854,0.21628,0.42237,0.42715,0.39384,0.20566,1.53322,3.03795,1.88587,1.49553,0.00123763,0.00123763,0.00123763
102,296.181,0.67254,1.19833,0.54036,0.90984,0.55694,0.30938,0.36823,0.1944,0.55694,0.30938,0.37016,0.1883,1.55575,2.88536,1.72075,1.48582,0.0012375,0.0012375,0.0012375
103,298.975,0.69566,1.1713,0.56547,0.91297,0.52665,0.37527,0.36867,0.18786,0.40575,0.50011,0.38988,0.18902,1.60759,2.77841,1.69922,1.55575,0.00123738,0.00123738,0.00123738
104,301.754,0.73145,1.23296,0.59382,0.92256,0.42064,0.42681,0.3964,0.20627,0.43004,0.4441,0.40262,0.21794,1.55071,2.83652,1.84751,1.53206,0.00123725,0.00123725,0.00123725
105,304.577,0.71745,1.20851,0.56355,0.8994,0.46557,0.49182,0.41722,0.23506,0.4687,0.50435,0.41979,0.23157,1.53983,3.08042,1.95012,1.56546,0.00123713,0.00123713,0.00123713
106,307.374,0.74075,1.2889,0.59192,0.93779,0.49473,0.45312,0.42858,0.23264,0.47487,0.43155,0.40698,0.22873,1.58304,2.89093,1.70427,1.58392,0.00123701,0.00123701,0.00123701
107,310.155,0.72159,1.22828,0.59979,0.90664,0.42167,0.50223,0.39402,0.21627,0.41037,0.48661,0.39205,0.2239,1.59972,2.8318,1.96678,1.57547,0.00123688,0.00123688,0.00123688
108,312.96,0.72878,1.24007,0.60046,0.92789,0.391,0.46499,0.38137,0.21672,0.41321,0.5372,0.38141,0.21542,1.54665,2.8429,1.95136,1.5124,0.00123676,0.00123676,0.00123676
109,315.745,0.66608,1.2077,0.56466,0.90204,0.49579,0.57993,0.45392,0.25672,0.48294,0.58786,0.45496,0.25731,1.51705,2.81148,1.83379,1.49893,0.00123664,0.00123664,0.00123664
110,318.528,0.68559,1.24401,0.55922,0.88861,0.40039,0.52579,0.3973,0.21181,0.38589,0.5407,0.40876,0.21919,1.54322,2.78363,1.95569,1.4862,0.00123651,0.00123651,0.00123651
111,321.365,0.6519,1.18316,0.50426,0.9,0.45104,0.47693,0.39681,0.20002,0.43503,0.47428,0.44904,0.2052,1.61138,2.89187,2.13274,1.50325,0.00123639,0.00123639,0.00123639
112,324.15,0.68604,1.2009,0.51997,0.90618,0.41527,0.52558,0.40877,0.19262,0.40513,0.50996,0.40723,0.20383,1.60475,3.0309,2.02128,1.47801,0.00123626,0.00123626,0.00123626
113,326.951,0.74001,1.29018,0.57992,0.92622,0.52023,0.44122,0.43274,0.21242,0.4677,0.60342,0.51491,0.22845,1.6099,3.17597,1.93507,1.49659,0.00123614,0.00123614,0.00123614
114,329.732,0.71712,1.27446,0.56159,0.9002,0.4309,0.56845,0.48689,0.23711,0.4423,0.66554,0.52583,0.25799,1.62766,3.21331,2.01231,1.52885,0.00123602,0.00123602,0.00123602
115,332.518,0.70011,1.23899,0.56184,0.91743,0.49283,0.52381,0.42307,0.21478,0.59148,0.57303,0.50538,0.27103,1.67628,3.25904,2.00995,1.57668,0.00123589,0.00123589,0.00123589
116,335.311,0.65851,1.15529,0.52029,0.88885,0.41799,0.58259,0.44115,0.20846,0.4684,0.57473,0.49665,0.25258,1.67455,3.25559,1.8834,1.62988,0.00123577,0.00123577,0.00123577
117,338.079,0.67782,1.14361,0.5342,0.89295,0.3554,0.55846,0.46719,0.21732,0.43463,0.60193,0.55148,0.23611,1.67167,3.2536,1.77956,1.61504,0.00123565,0.00123565,0.00123565
118,340.86,0.70859,1.1148,0.52942,0.89905,0.39282,0.47602,0.44838,0.19864,0.3108,0.47098,0.4437,0.24168,1.65172,3.34916,1.94707,1.55353,0.00123552,0.00123552,0.00123552
119,343.66,0.69191,1.18615,0.55389,0.90827,0.73828,0.28497,0.38602,0.19032,0.72339,0.28497,0.39392,0.21287,1.62168,3.47306,2.0436,1.51123,0.0012354,0.0012354,0.0012354
120,346.451,0.64114,1.09395,0.49198,0.88451,0.68826,0.25967,0.35522,0.19301,0.67913,0.25372,0.36363,0.19699,1.57213,3.55446,2.25668,1.48784,0.00123527,0.00123527,0.00123527
121,349.252,0.65127,1.07034,0.51533,0.89256,0.60502,0.28525,0.38511,0.19696,0.6474,0.24777,0.39995,0.2101,1.66634,3.49405,2.15896,1.59133,0.00123515,0.00123515,0.00123515
122,352.074,0.6432,1.08939,0.50309,0.90927,0.30722,0.56627,0.35281,0.18711,0.38461,0.58326,0.46299,0.20992,1.65071,3.28652,1.99626,1.65079,0.00123503,0.00123503,0.00123503
123,354.889,0.67442,1.25478,0.5399,0.90572,0.42782,0.59375,0.41767,0.21848,0.47027,0.67351,0.47712,0.21628,1.62153,3.19973,1.97101,1.63956,0.0012349,0.0012349,0.0012349
124,357.708,0.71075,1.25895,0.58768,0.93295,0.34726,0.49851,0.45885,0.23191,0.42551,0.56473,0.5163,0.25905,1.60847,3.22127,1.71907,1.65754,0.00123478,0.00123478,0.00123478
125,360.499,0.69785,1.09904,0.53303,0.91608,0.39213,0.49736,0.41408,0.22246,0.48175,0.54634,0.49337,0.21937,1.53161,3.13816,1.79912,1.59579,0.00123466,0.00123466,0.00123466
126,363.298,0.6639,1.12083,0.55673,0.91305,0.33769,0.50298,0.35789,0.2069,0.44596,0.59077,0.45794,0.19379,1.58686,3.0906,1.88174,1.66356,0.00123453,0.00123453,0.00123453
127,366.13,0.67063,1.08093,0.52869,0.89912,0.37388,0.44717,0.36584,0.20545,0.4672,0.51015,0.45973,0.20869,1.61704,3.11047,1.9785,1.666,0.00123441,0.00123441,0.00123441
128,368.949,0.65867,1.08503,0.51843,0.89673,0.42175,0.43155,0.40323,0.22315,0.46085,0.4881,0.46207,0.22032,1.53489,3.14233,1.86243,1.54206,0.00123428,0.00123428,0.00123428
129,371.747,0.67025,1.14245,0.54539,0.91552,0.40774,0.48195,0.4233,0.22436,0.40804,0.43773,0.40352,0.23623,1.56825,3.21774,1.95596,1.57173,0.00123416,0.00123416,0.00123416
130,374.543,0.67779,1.17816,0.52448,0.89253,0.36144,0.46726,0.40214,0.185,0.33811,0.43973,0.38991,0.22421,1.60986,3.30122,2.16294,1.58039,0.00123404,0.00123404,0.00123404
131,377.363,0.6253,1.03022,0.49633,0.89658,0.55126,0.34003,0.35576,0.17841,0.34284,0.45536,0.42784,0.21155,1.60851,3.17752,2.13329,1.55971,0.00123391,0.00123391,0.00123391
132,380.154,0.67205,1.18591,0.53662,0.89738,0.30734,0.4628,0.35206,0.17423,0.44709,0.57777,0.47458,0.20977,1.66829,3.18087,2.24567,1.54678,0.00123379,0.00123379,0.00123379
133,382.954,0.65074,1.17084,0.52165,0.88284,0.31152,0.4295,0.36878,0.18319,0.38057,0.4347,0.39561,0.19797,1.7147,3.28657,2.4553,1.58859,0.00123367,0.00123367,0.00123367
134,385.746,0.64814,1.06214,0.52568,0.89376,0.50916,0.49182,0.4392,0.22125,0.51727,0.49182,0.44198,0.24537,1.66331,3.30338,2.49815,1.54456,0.00123354,0.00123354,0.00123354
135,388.524,0.70547,1.22896,0.57717,0.95494,0.47076,0.53274,0.45745,0.25507,0.53977,0.52307,0.4508,0.25975,1.62747,3.39746,2.25296,1.55783,0.00123342,0.00123342,0.00123342
136,391.313,0.6223,1.12467,0.51585,0.90405,0.39781,0.61918,0.49028,0.28006,0.3534,0.56511,0.43982,0.23293,1.55405,3.44857,1.9106,1.55713,0.00123329,0.00123329,0.00123329
137,394.141,0.63589,1.17389,0.48182,0.89202,0.67579,0.40445,0.47235,0.25349,0.67538,0.35731,0.43549,0.22537,1.60277,3.45119,1.86024,1.5766,0.00123317,0.00123317,0.00123317
138,396.949,0.63064,1.1324,0.50033,0.87954,0.39776,0.56166,0.4651,0.25464,0.38951,0.54568,0.45537,0.22656,1.62301,3.52687,1.81225,1.59605,0.00123305,0.00123305,0.00123305
139,399.746,0.66007,1.08943,0.49898,0.89679,0.31592,0.48466,0.46703,0.25561,0.6796,0.35342,0.44968,0.23276,1.62117,3.43772,1.77122,1.60456,0.00123292,0.00123292,0.00123292
140,402.536,0.65138,1.10686,0.49511,0.88584,0.37898,0.46354,0.40363,0.21477,0.40167,0.48884,0.39477,0.19937,1.62896,3.2464,1.8367,1.59507,0.0012328,0.0012328,0.0012328
141,405.371,0.65365,1.16041,0.49505,0.89489,0.33189,0.46963,0.39773,0.2059,0.33235,0.47954,0.40556,0.20168,1.60219,3.22595,1.78809,1.58773,0.00123268,0.00123268,0.00123268
142,408.165,0.64377,1.08934,0.52906,0.89189,0.35713,0.39885,0.39935,0.2088,0.35713,0.39885,0.41143,0.20057,1.60797,3.19932,1.89751,1.5548,0.00123255,0.00123255,0.00123255
143,410.953,0.63113,1.15668,0.48009,0.89465,0.77906,0.325,0.40355,0.20759,0.80255,0.32094,0.411,0.1926,1.59101,3.16924,1.99941,1.5578,0.00123243,0.00123243,0.00123243
144,413.739,0.60961,0.9808,0.51364,0.89815,0.41219,0.37872,0.39109,0.21095,0.47372,0.45923,0.43962,0.1988,1.53749,3.20627,2.01007,1.52121,0.0012323,0.0012323,0.0012323
145,416.55,0.65714,1.18613,0.51184,0.90349,0.38809,0.44122,0.38366,0.20735,0.43751,0.50744,0.42018,0.19362,1.5425,3.21301,2.08851,1.50477,0.00123218,0.00123218,0.00123218
146,419.339,0.64326,1.05558,0.49941,0.89812,0.38668,0.40941,0.35749,0.19444,0.45634,0.45461,0.38616,0.19376,1.56723,3.30476,2.21065,1.5053,0.00123206,0.00123206,0.00123206
147,422.141,0.6636,1.09048,0.5133,0.89109,0.34793,0.42745,0.31766,0.17469,0.43063,0.50489,0.40902,0.18284,1.58406,3.42493,2.28646,1.51287,0.00123193,0.00123193,0.00123193
148,424.958,0.6104,1.05132,0.46965,0.89784,0.33315,0.44122,0.38623,0.21629,0.33415,0.45685,0.39921,0.19932,1.57206,3.3542,2.2811,1.5374,0.00123181,0.00123181,0.00123181
149,427.72,0.61828,1.04642,0.54746,0.91391,0.35531,0.40243,0.34015,0.17536,0.35011,0.39838,0.3282,0.15773,1.60747,3.44238,2.4148,1.5568,0.00123168,0.00123168,0.00123168
150,430.538,0.65336,1.07929,0.51869,0.89663,0.4989,0.40402,0.33511,0.16217,0.48602,0.39211,0.32234,0.15018,1.65887,3.75892,2.45834,1.55407,0.00123156,0.00123156,0.00123156
151,433.32,0.68144,1.16706,0.54623,0.90641,0.46184,0.35838,0.35262,0.17937,0.42662,0.36185,0.33617,0.16006,1.64416,3.72257,2.35099,1.55792,0.00123144,0.00123144,0.00123144
152,436.107,0.67075,1.20054,0.55014,0.90431,0.53254,0.36034,0.39105,0.19647,0.51725,0.34843,0.3742,0.17955,1.66721,3.31465,2.05951,1.60321,0.00123131,0.00123131,0.00123131
153,438.928,0.62612,1.0804,0.46588,0.87459,0.53338,0.35532,0.39535,0.19777,0.52123,0.34342,0.3644,0.17522,1.6601,3.21748,2.00968,1.63042,0.00123119,0.00123119,0.00123119
154,441.725,0.62738,1.09309,0.48018,0.8751,0.50687,0.39561,0.42261,0.2179,0.49819,0.3837,0.39934,0.18647,1.64805,3.25945,2.01171,1.62083,0.00123107,0.00123107,0.00123107
155,444.517,0.68516,1.21536,0.56379,0.91195,0.45165,0.55993,0.44566,0.21264,0.44575,0.55737,0.43625,0.19355,1.71298,3.24161,1.96419,1.66523,0.00123094,0.00123094,0.00123094
156,447.346,0.6694,1.17758,0.55668,0.9001,0.48623,0.60717,0.50769,0.23369,0.4929,0.58049,0.48924,0.23273,1.68001,3.12045,1.94428,1.59761,0.00123082,0.00123082,0.00123082
157,450.166,0.6623,1.12942,0.52321,0.88937,0.46831,0.57606,0.49415,0.25501,0.47124,0.68229,0.53703,0.24809,1.64925,3.0333,1.84047,1.59731,0.0012307,0.0012307,0.0012307
158,452.971,0.64888,1.12432,0.52475,0.89834,0.35279,0.47954,0.44446,0.23171,0.41302,0.54897,0.50286,0.2294,1.63482,3.00172,2.01524,1.5594,0.00123057,0.00123057,0.00123057
159,455.762,0.64833,1.08084,0.51527,0.8892,0.56823,0.3497,0.39709,0.22282,0.51502,0.46503,0.43454,0.1915,1.63302,3.04074,2.36391,1.52999,0.00123045,0.00123045,0.00123045
160,458.576,0.63349,1.06734,0.49115,0.8995,0.5683,0.44717,0.45094,0.23272,0.5659,0.44717,0.43178,0.20032,1.63597,3.04114,2.54421,1.51387,0.00123032,0.00123032,0.00123032
161,461.37,0.58942,1.03012,0.46103,0.8962,0.61694,0.40392,0.44319,0.2418,0.599,0.3883,0.42312,0.22891,1.62851,3.09898,2.53895,1.50965,0.0012302,0.0012302,0.0012302
162,464.201,0.61784,1.02411,0.519,0.88821,0.52931,0.38999,0.44289,0.25273,0.51337,0.37165,0.41228,0.22236,1.63276,3.05118,2.56749,1.54482,0.00123008,0.00123008,0.00123008
163,467.011,0.67694,1.06583,0.54453,0.90135,0.50775,0.53411,0.46501,0.25751,0.47206,0.51318,0.43828,0.23978,1.57895,2.98849,2.33398,1.53701,0.00122995,0.00122995,0.00122995
164,469.842,0.62205,1.12293,0.4788,0.87873,0.44358,0.57785,0.46541,0.24721,0.42309,0.56237,0.44581,0.24219,1.56018,3.04917,2.22743,1.54236,0.00122983,0.00122983,0.00122983
165,472.655,0.64521,1.04649,0.5283,0.90915,0.43518,0.59837,0.42685,0.23382,0.41364,0.58231,0.40368,0.20091,1.59899,2.99273,2.35181,1.5576,0.00122971,0.00122971,0.00122971
166,475.441,0.62827,1.16982,0.48947,0.90789,0.40912,0.56597,0.42117,0.23003,0.37206,0.53844,0.38288,0.21952,1.67462,3.05201,2.47655,1.5816,0.00122958,0.00122958,0.00122958
167,478.241,0.63135,1.14743,0.51339,0.89456,0.47048,0.41964,0.40758,0.24243,0.42392,0.39211,0.38129,0.23059,1.6695,3.18831,2.6265,1.63156,0.00122946,0.00122946,0.00122946
168,481.063,0.61617,1.07402,0.48814,0.8834,0.57763,0.4591,0.44422,0.23807,0.42494,0.55302,0.40191,0.2373,1.63812,3.31567,2.61692,1.61421,0.00122933,0.00122933,0.00122933
169,483.87,0.61096,1.07575,0.50191,0.89048,0.47612,0.57816,0.45132,0.23456,0.42692,0.5398,0.41219,0.23007,1.63316,3.18028,2.46442,1.60707,0.00122921,0.00122921,0.00122921
170,486.681,0.63318,1.08051,0.52048,0.87652,0.60293,0.46547,0.45882,0.23693,0.59,0.46699,0.44816,0.25779,1.61759,3.09487,2.42921,1.60292,0.00122909,0.00122909,0.00122909
171,489.49,0.65233,1.12976,0.55494,0.90041,0.58527,0.4554,0.4532,0.24182,0.61634,0.45939,0.45977,0.27013,1.64077,3.1369,2.31203,1.66141,0.00122896,0.00122896,0.00122896
172,492.323,0.65741,1.15504,0.55526,0.90444,0.59741,0.44992,0.45369,0.25202,0.59604,0.45941,0.44912,0.26836,1.61358,3.13197,2.35258,1.64479,0.00122884,0.00122884,0.00122884
173,495.138,0.61379,0.99865,0.50244,0.87173,0.48569,0.47396,0.43303,0.24283,0.47954,0.48363,0.4384,0.24648,1.60437,3.08627,2.44891,1.65451,0.00122872,0.00122872,0.00122872
174,497.973,0.64372,1.18627,0.49904,0.87842,0.4699,0.47247,0.45024,0.26169,0.47431,0.47583,0.45344,0.27611,1.59875,3.10996,2.347,1.65703,0.00122859,0.00122859,0.00122859
175,500.836,0.60798,1.12005,0.50274,0.88575,0.54758,0.47385,0.48759,0.25796,0.55247,0.48947,0.48356,0.28955,1.6041,3.09456,2.34315,1.67035,0.00122847,0.00122847,0.00122847
176,503.691,0.64716,1.15779,0.5361,0.90039,0.60457,0.45924,0.46554,0.26589,0.60984,0.4734,0.46577,0.2709,1.58741,3.13102,2.2862,1.69348,0.00122834,0.00122834,0.00122834
177,506.506,0.61982,1.01002,0.4909,0.89402,0.61302,0.4455,0.47677,0.25599,0.60885,0.45517,0.47215,0.25791,1.59082,3.16243,2.27977,1.66496,0.00122822,0.00122822,0.00122822
178,509.291,0.61856,1.06717,0.50799,0.88646,0.60862,0.47509,0.45868,0.24677,0.60508,0.48476,0.45805,0.2417,1.64474,3.20626,2.35036,1.67625,0.0012281,0.0012281,0.0012281
179,512.157,0.64593,1.10231,0.51208,0.90521,0.54823,0.42336,0.44904,0.25352,0.55126,0.43304,0.44895,0.23767,1.64373,3.18075,2.19627,1.66127,0.00122797,0.00122797,0.00122797
180,514.975,0.61908,1.05961,0.50171,0.8884,0.53152,0.38503,0.42046,0.23649,0.52474,0.39807,0.41716,0.23542,1.61655,3.20221,2.23664,1.59046,0.00122785,0.00122785,0.00122785
181,517.789,0.60404,1.08223,0.47356,0.90057,0.66054,0.31132,0.43458,0.23089,0.65041,0.30569,0.42304,0.24785,1.55426,3.18143,2.4024,1.58394,0.00122773,0.00122773,0.00122773
182,520.61,0.65207,1.11561,0.53177,0.89786,0.58373,0.35714,0.42183,0.2281,0.57081,0.35119,0.41905,0.2441,1.59448,3.23817,2.66161,1.55088,0.0012276,0.0012276,0.0012276
183,523.418,0.627,1.1608,0.50933,0.8819,0.59949,0.3756,0.41145,0.20105,0.56127,0.35532,0.39874,0.2194,1.67341,3.1961,2.72412,1.65134,0.00122748,0.00122748,0.00122748
184,526.257,0.62055,1.06608,0.50826,0.89421,0.52681,0.4003,0.42921,0.21402,0.50847,0.38467,0.42119,0.23383,1.6606,3.1829,2.4961,1.68212,0.00122735,0.00122735,0.00122735
185,529.089,0.59627,1.01971,0.45483,0.87518,0.58413,0.41812,0.48074,0.2332,0.54269,0.39786,0.46526,0.24959,1.66537,3.12627,2.35193,1.65863,0.00122723,0.00122723,0.00122723
186,531.923,0.57699,0.96605,0.45123,0.88314,0.53175,0.46726,0.50539,0.26097,0.5458,0.44939,0.50337,0.27439,1.6795,3.12957,2.20296,1.65441,0.00122711,0.00122711,0.00122711
187,534.736,0.59223,1.0329,0.47973,0.87496,0.55073,0.48289,0.51221,0.27191,0.54016,0.47098,0.4933,0.29486,1.73015,3.29691,2.12613,1.68323,0.00122698,0.00122698,0.00122698
188,537.571,0.57849,1.06373,0.46569,0.86959,0.60736,0.47342,0.48266,0.22596,0.59112,0.46197,0.46379,0.2894,1.77322,3.54232,2.30086,1.73479,0.00122686,0.00122686,0.00122686
189,540.389,0.6077,0.99667,0.47185,0.88295,0.47611,0.41964,0.47466,0.21004,0.46425,0.41369,0.45857,0.25755,1.76336,3.70547,2.42171,1.79162,0.00122673,0.00122673,0.00122673
190,543.183,0.55376,0.93386,0.44304,0.86439,0.35312,0.36756,0.3876,0.20306,0.40107,0.41806,0.40954,0.24132,1.76496,3.78862,2.45135,1.77857,0.00122661,0.00122661,0.00122661
191,545.993,0.6116,1.06041,0.47853,0.88307,0.49547,0.29464,0.39699,0.19411,0.32293,0.34375,0.41561,0.23302,1.75195,3.69793,2.54113,1.74255,0.00122649,0.00122649,0.00122649
192,548.819,0.6264,1.04978,0.49391,0.88209,0.45777,0.36682,0.37974,0.193,0.43638,0.47277,0.44789,0.22074,1.75882,3.81542,2.77934,1.75176,0.00122636,0.00122636,0.00122636
193,551.616,0.61711,1.0756,0.51161,0.88721,0.60489,0.3564,0.42723,0.21252,0.4384,0.48958,0.44469,0.24229,1.66436,3.89284,2.75208,1.65197,0.00122624,0.00122624,0.00122624
194,554.403,0.62794,1.0222,0.48993,0.89473,0.45998,0.47991,0.43612,0.23694,0.47733,0.49554,0.45803,0.25836,1.67634,3.92795,2.58449,1.65657,0.00122612,0.00122612,0.00122612
195,557.231,0.58405,1.0129,0.46103,0.90017,0.53252,0.52083,0.44097,0.23868,0.53252,0.52083,0.45291,0.2551,1.6746,3.686,2.55264,1.64356,0.00122599,0.00122599,0.00122599
196,560.041,0.56395,1.01119,0.43753,0.84828,0.48721,0.50362,0.44762,0.23279,0.47254,0.49767,0.44995,0.24408,1.67053,3.40115,2.50411,1.66345,0.00122587,0.00122587,0.00122587
197,562.864,0.56193,1.02429,0.44784,0.87967,0.4358,0.55881,0.45643,0.23337,0.44434,0.55092,0.46392,0.25467,1.68344,3.2861,2.49559,1.64147,0.00122575,0.00122575,0.00122575
198,565.678,0.61282,1.04343,0.45338,0.88063,0.64283,0.38577,0.46309,0.22955,0.54036,0.55343,0.51469,0.26845,1.71687,3.17252,2.51428,1.64411,0.00122562,0.00122562,0.00122562
199,568.491,0.6137,1.08755,0.4762,0.86111,0.57906,0.39339,0.4314,0.2196,0.44161,0.58705,0.48564,0.25689,1.72274,3.09529,2.57717,1.65637,0.0012255,0.0012255,0.0012255
200,571.318,0.63758,1.20882,0.48587,0.87868,0.66011,0.35736,0.4533,0.22107,0.43627,0.52247,0.49019,0.21828,1.73099,3.10275,2.36976,1.63989,0.00122537,0.00122537,0.00122537
201,574.142,0.57754,0.96764,0.43918,0.87291,0.42263,0.52753,0.45165,0.20974,0.41292,0.52546,0.44347,0.24819,1.71402,3.13322,2.1391,1.58945,0.00122525,0.00122525,0.00122525
202,576.942,0.58227,1.01069,0.46556,0.87528,0.42506,0.48477,0.41987,0.20949,0.39812,0.45668,0.42287,0.21214,1.65752,3.18564,2.09223,1.55885,0.00122513,0.00122513,0.00122513
203,579.771,0.6116,1.12236,0.45861,0.88546,0.49158,0.41067,0.44665,0.22057,0.57629,0.37967,0.47212,0.20416,1.55044,3.10899,2.07786,1.51287,0.001225,0.001225,0.001225
204,582.592,0.53989,1.01689,0.4313,0.87108,0.48784,0.45938,0.42174,0.22043,0.43662,0.58036,0.44773,0.21003,1.52974,2.9504,2.00528,1.45869,0.00122488,0.00122488,0.00122488
205,585.423,0.59236,1.0101,0.46437,0.88054,0.49518,0.48925,0.45545,0.24484,0.59093,0.45072,0.50141,0.26203,1.52315,2.91018,1.95898,1.45904,0.00122476,0.00122476,0.00122476
206,588.233,0.602,1.03296,0.48055,0.87609,0.4146,0.51465,0.44747,0.23519,0.40696,0.49902,0.44288,0.23019,1.52569,3.0365,2.03807,1.47172,0.00122463,0.00122463,0.00122463
207,591.066,0.59222,1.0654,0.44236,0.87255,0.4251,0.44222,0.43881,0.225,0.42247,0.43378,0.43164,0.22633,1.49623,3.10882,2.06494,1.46649,0.00122451,0.00122451,0.00122451
208,593.873,0.62696,1.00621,0.46806,0.88099,0.51294,0.42783,0.476,0.25331,0.48792,0.4003,0.4495,0.24383,1.49324,3.16359,2.03082,1.47473,0.00122438,0.00122438,0.00122438
209,596.692,0.60898,1.01526,0.46541,0.88766,0.59699,0.41864,0.47434,0.24829,0.45174,0.4707,0.46154,0.24241,1.5743,3.2551,1.90734,1.51101,0.00122426,0.00122426,0.00122426
210,599.521,0.63759,1.0893,0.48376,0.90198,0.49681,0.46652,0.45187,0.21093,0.4548,0.43304,0.42736,0.20423,1.58398,3.39822,1.97339,1.51413,0.00122414,0.00122414,0.00122414
211,602.354,0.59151,0.95176,0.45012,0.86549,0.50135,0.46611,0.42285,0.20227,0.46784,0.43899,0.40243,0.22076,1.62581,3.45061,2.1366,1.53647,0.00122401,0.00122401,0.00122401
212,605.178,0.59442,1.02369,0.47574,0.87361,0.53597,0.42932,0.44755,0.2306,0.52499,0.42336,0.44396,0.22064,1.5689,3.19756,2.15236,1.49013,0.00122389,0.00122389,0.00122389
213,607.979,0.55372,0.97047,0.44073,0.864,0.49165,0.48438,0.46962,0.25454,0.49165,0.48438,0.47083,0.23568,1.5151,2.9903,2.09498,1.46677,0.00122376,0.00122376,0.00122376
214,610.76,0.55516,0.94058,0.4575,0.86293,0.52902,0.43155,0.46977,0.2535,0.52902,0.43155,0.4741,0.26298,1.54821,2.93195,2.00207,1.47487,0.00122364,0.00122364,0.00122364
215,613.558,0.55767,1.02719,0.45613,0.87971,0.45568,0.46159,0.45587,0.24325,0.47851,0.5237,0.48508,0.24148,1.58409,3.00511,1.98646,1.49213,0.00122352,0.00122352,0.00122352
216,616.377,0.55453,0.92802,0.43328,0.86697,0.49152,0.45536,0.44195,0.23323,0.50032,0.52778,0.46614,0.22306,1.58583,3.15292,2.00891,1.52737,0.00122339,0.00122339,0.00122339
217,619.222,0.55261,1.00155,0.42692,0.86561,0.48167,0.45752,0.42136,0.2332,0.5078,0.52091,0.46279,0.22873,1.55549,3.12432,1.99892,1.51179,0.00122327,0.00122327,0.00122327
218,622.071,0.56997,0.9325,0.43699,0.86496,0.47009,0.44658,0.44198,0.24591,0.44667,0.43379,0.46032,0.24417,1.53526,3.17553,1.98367,1.49613,0.00122315,0.00122315,0.00122315
219,624.895,0.56887,0.984,0.42195,0.87117,0.46312,0.45536,0.44653,0.24667,0.44384,0.43973,0.44524,0.23174,1.59431,3.22887,2.02004,1.55295,0.00122302,0.00122302,0.00122302
220,627.714,0.53355,0.98425,0.41843,0.85187,0.45507,0.47501,0.4638,0.24947,0.43208,0.45186,0.46008,0.23227,1.66585,3.25343,2.00609,1.61742,0.0012229,0.0012229,0.0012229
221,630.562,0.56551,0.95767,0.43572,0.85183,0.43128,0.54923,0.48372,0.24543,0.40915,0.52775,0.48127,0.254,1.66263,3.19824,2.03811,1.61944,0.00122277,0.00122277,0.00122277
222,633.367,0.54543,0.92837,0.41545,0.8629,0.40524,0.57132,0.46955,0.23721,0.38698,0.54975,0.46466,0.24264,1.63152,3.19457,2.075,1.58443,0.00122265,0.00122265,0.00122265
223,636.184,0.55874,0.91631,0.45819,0.8555,0.39643,0.48661,0.44909,0.23464,0.70864,0.27827,0.44022,0.238,1.63648,3.18035,2.2103,1.57151,0.00122253,0.00122253,0.00122253
224,639.018,0.55601,0.90412,0.43385,0.86893,0.71269,0.3311,0.4517,0.24498,0.6492,0.2939,0.44631,0.22611,1.62151,3.23029,2.40217,1.57941,0.0012224,0.0012224,0.0012224
225,641.846,0.60327,0.95602,0.47486,0.86252,0.54969,0.37872,0.4338,0.21181,0.50736,0.34152,0.46348,0.19564,1.62748,3.2434,2.28853,1.61316,0.00122228,0.00122228,0.00122228
226,644.668,0.58102,0.93675,0.44586,0.85743,0.55833,0.32222,0.40299,0.20442,0.58538,0.31109,0.47522,0.21063,1.62219,3.20196,2.27445,1.6079,0.00122216,0.00122216,0.00122216
227,647.508,0.52203,1.0097,0.42677,0.85263,0.44446,0.40104,0.39812,0.20076,0.43461,0.37351,0.43282,0.22805,1.61323,3.24812,2.2437,1.55464,0.00122203,0.00122203,0.00122203
228,650.337,0.53626,0.93185,0.42984,0.85948,0.48043,0.36836,0.38096,0.2125,0.45876,0.3497,0.40164,0.19648,1.61092,3.29865,2.20794,1.5537,0.00122191,0.00122191,0.00122191
229,653.193,0.55128,0.9286,0.42152,0.84671,0.41212,0.375,0.38129,0.21428,0.31002,0.47587,0.41232,0.21511,1.6534,3.36963,2.16454,1.59958,0.00122178,0.00122178,0.00122178
230,656.022,0.53564,0.92139,0.44421,0.8444,0.57271,0.29241,0.37743,0.22218,0.62913,0.30446,0.42519,0.2217,1.6667,3.27959,2.21872,1.62409,0.00122166,0.00122166,0.00122166
231,658.854,0.54622,0.89992,0.42674,0.864,0.51115,0.32492,0.39152,0.22978,0.59559,0.30432,0.42332,0.22384,1.67694,3.1877,2.26626,1.64854,0.00122154,0.00122154,0.00122154
232,661.71,0.53419,0.96586,0.44551,0.86395,0.60664,0.32022,0.38279,0.22433,0.5662,0.29874,0.41318,0.21556,1.66198,3.07687,2.18332,1.66281,0.00122141,0.00122141,0.00122141
233,664.574,0.52623,0.90393,0.40711,0.84372,0.55432,0.36659,0.3938,0.22187,0.52895,0.34501,0.42588,0.21567,1.65134,2.99811,2.24951,1.66008,0.00122129,0.00122129,0.00122129
234,667.407,0.5198,0.93243,0.4012,0.85352,0.53689,0.3841,0.39016,0.22408,0.41921,0.56101,0.45442,0.2138,1.63784,3.02627,2.30032,1.62931,0.00122117,0.00122117,0.00122117
235,670.262,0.57441,0.94776,0.45335,0.86653,0.64706,0.33234,0.38433,0.21523,0.55884,0.375,0.48289,0.22949,1.60552,3.0892,2.28816,1.56957,0.00122104,0.00122104,0.00122104
236,673.085,0.52626,0.9368,0.41499,0.85425,0.6507,0.34152,0.38558,0.19825,0.57172,0.3631,0.46741,0.20146,1.6054,3.06281,2.43134,1.564,0.00122092,0.00122092,0.00122092
237,675.91,0.5422,0.91889,0.42339,0.85299,0.56596,0.35342,0.42707,0.20801,0.20684,0.75893,0.48709,0.23163,1.595,3.1836,2.51235,1.58704,0.00122079,0.00122079,0.00122079
238,678.741,0.52302,0.92839,0.41612,0.86663,0.35148,0.39483,0.42432,0.19414,0.42333,0.42384,0.42177,0.20985,1.63394,3.30485,2.4346,1.61961,0.00122067,0.00122067,0.00122067
239,681.596,0.53103,0.96397,0.41404,0.86626,0.36849,0.4252,0.40185,0.21691,0.37443,0.43724,0.39738,0.21942,1.63509,3.29566,2.35165,1.62865,0.00122055,0.00122055,0.00122055
240,684.428,0.5243,0.88763,0.4227,0.8612,0.36204,0.45536,0.41845,0.23241,0.38552,0.4713,0.40279,0.221,1.60875,3.3757,2.24453,1.62855,0.00122042,0.00122042,0.00122042
241,687.261,0.52974,0.90237,0.41886,0.86549,0.41686,0.42039,0.41577,0.24512,0.43203,0.43671,0.46367,0.25483,1.57393,3.35643,2.06349,1.60849,0.0012203,0.0012203,0.0012203
242,690.077,0.52876,0.84658,0.41975,0.83372,0.4635,0.46131,0.44172,0.25911,0.41692,0.48766,0.45995,0.25234,1.57727,3.37791,2.13656,1.63492,0.00122018,0.00122018,0.00122018
243,692.9,0.57174,0.99703,0.44791,0.86384,0.49233,0.46715,0.47646,0.24611,0.49233,0.46715,0.48117,0.25856,1.56916,3.42355,2.14067,1.61309,0.00122005,0.00122005,0.00122005
244,695.738,0.56968,0.93267,0.45348,0.87476,0.50471,0.42771,0.47251,0.25844,0.65841,0.3971,0.50061,0.26954,1.64327,3.50767,2.25068,1.6581,0.00121993,0.00121993,0.00121993
245,698.613,0.60298,0.97069,0.46946,0.86871,0.5468,0.42817,0.44157,0.23163,0.46146,0.50954,0.45574,0.23033,1.63801,3.45729,2.21258,1.62353,0.00121981,0.00121981,0.00121981
246,701.469,0.58242,1.04506,0.45919,0.87365,0.60672,0.41592,0.45383,0.23707,0.50792,0.44568,0.45746,0.22253,1.57782,3.33817,2.05319,1.57277,0.00121968,0.00121968,0.00121968
247,704.322,0.57014,0.95535,0.43581,0.87046,0.61285,0.47074,0.46973,0.24601,0.6055,0.46478,0.4655,0.22642,1.53863,3.28176,1.97133,1.54013,0.00121956,0.00121956,0.00121956
248,707.166,0.53243,0.93041,0.42389,0.86011,0.49951,0.55729,0.47941,0.26935,0.495,0.55506,0.46555,0.24326,1.53904,3.2996,1.88767,1.53366,0.00121943,0.00121943,0.00121943
249,710.042,0.52135,0.92426,0.42086,0.85432,0.48568,0.56324,0.46925,0.25786,0.46748,0.56481,0.45284,0.22877,1.55825,3.44212,1.96554,1.54292,0.00121931,0.00121931,0.00121931
250,712.898,0.53467,0.95542,0.40943,0.84106,0.53691,0.44196,0.48608,0.27941,0.52034,0.42411,0.46862,0.2601,1.55014,3.55531,2.08145,1.51786,0.00121919,0.00121919,0.00121919
251,715.713,0.52141,0.9823,0.41871,0.8514,0.46169,0.51174,0.43563,0.25727,0.45693,0.50579,0.42701,0.24484,1.55458,3.53917,2.2595,1.50228,0.00121906,0.00121906,0.00121906
252,718.566,0.50669,0.9202,0.40465,0.85329,0.44347,0.46553,0.40344,0.23684,0.41241,0.47917,0.39801,0.22768,1.53707,3.68745,2.32869,1.48361,0.00121894,0.00121894,0.00121894
253,721.401,0.52678,0.94962,0.40569,0.84709,0.39896,0.53571,0.41742,0.20899,0.39325,0.52976,0.43219,0.23358,1.52437,3.71084,2.30138,1.48737,0.00121882,0.00121882,0.00121882
254,724.237,0.50051,0.94546,0.38323,0.84386,0.48869,0.42353,0.39183,0.20398,0.49766,0.42299,0.41631,0.2165,1.55437,3.78685,2.29885,1.50228,0.00121869,0.00121869,0.00121869
255,727.065,0.53806,0.97192,0.41023,0.86124,0.34114,0.40104,0.34854,0.19072,0.411,0.45902,0.36019,0.18219,1.57541,4.06232,2.36457,1.53496,0.00121857,0.00121857,0.00121857
256,729.904,0.52142,0.91727,0.42046,0.86784,0.36873,0.34821,0.33089,0.18105,0.36354,0.34226,0.31847,0.17603,1.60938,4.22497,2.39287,1.59349,0.00121844,0.00121844,0.00121844
257,732.748,0.56016,0.95067,0.4506,0.85628,0.40997,0.39137,0.34665,0.19377,0.40484,0.38542,0.34773,0.18471,1.63891,4.23039,2.296,1.61028,0.00121832,0.00121832,0.00121832
258,735.599,0.51858,0.92215,0.41462,0.85649,0.41189,0.45462,0.41532,0.23163,0.40706,0.44867,0.40801,0.2062,1.62709,4.18285,2.14469,1.57381,0.0012182,0.0012182,0.0012182
259,738.42,0.51598,0.91763,0.40754,0.84326,0.43697,0.39878,0.43071,0.24408,0.37381,0.53795,0.42249,0.2225,1.62169,4.04038,2.02504,1.55944,0.00121807,0.00121807,0.00121807
260,741.277,0.54514,0.83532,0.41493,0.85027,0.36393,0.46167,0.37653,0.20664,0.4115,0.52232,0.40085,0.19514,1.59709,3.72192,2.08794,1.55673,0.00121795,0.00121795,0.00121795
261,744.12,0.57905,1.02012,0.43563,0.88851,0.39562,0.41537,0.35443,0.19201,0.42835,0.40356,0.38067,0.18512,1.6381,3.55911,2.07886,1.59064,0.00121783,0.00121783,0.00121783
262,746.974,0.56585,0.98783,0.44283,0.87613,0.41579,0.39881,0.34392,0.19369,0.47873,0.37785,0.38045,0.19484,1.69897,3.46884,2.14806,1.62876,0.0012177,0.0012177,0.0012177
263,749.805,0.52943,0.88289,0.41182,0.85776,0.36979,0.42039,0.35302,0.20221,0.47117,0.39043,0.40034,0.20495,1.70608,3.43606,2.13335,1.64657,0.00121758,0.00121758,0.00121758
264,752.643,0.57215,0.97782,0.44246,0.86821,0.45705,0.31473,0.33213,0.17904,0.33561,0.45759,0.38989,0.19173,1.70809,3.38694,2.27037,1.64128,0.00121745,0.00121745,0.00121745
265,755.501,0.57257,1.01342,0.43924,0.88756,0.34514,0.39881,0.35228,0.19902,0.33971,0.41071,0.39864,0.19122,1.70447,3.40141,2.26885,1.637,0.00121733,0.00121733,0.00121733
266,758.357,0.54,0.95257,0.41396,0.85967,0.35265,0.39841,0.36595,0.20842,0.32323,0.40476,0.41809,0.22183,1.69909,3.49371,2.27017,1.63964,0.00121721,0.00121721,0.00121721
267,761.189,0.56796,1.03611,0.42533,0.87906,0.32314,0.41214,0.37171,0.21005,0.29994,0.43006,0.40934,0.21293,1.67485,3.5831,2.34041,1.61601,0.00121708,0.00121708,0.00121708
268,764.036,0.54074,0.94626,0.43566,0.8639,0.33405,0.46726,0.38425,0.20228,0.30852,0.45536,0.39585,0.20938,1.69358,3.72384,2.34919,1.64023,0.00121696,0.00121696,0.00121696
269,766.855,0.58116,0.96409,0.43849,0.8557,0.31151,0.47098,0.39014,0.20252,0.36531,0.467,0.39202,0.19435,1.68943,3.82396,2.37651,1.64262,0.00121684,0.00121684,0.00121684
270,769.692,0.56647,0.98979,0.43725,0.87447,0.3535,0.51339,0.40393,0.21207,0.37003,0.50705,0.41883,0.20804,1.68872,3.79645,2.41179,1.63133,0.00121671,0.00121671,0.00121671
271,772.533,0.51759,0.95368,0.42536,0.85292,0.32732,0.39807,0.32272,0.16959,0.38485,0.39012,0.36701,0.16735,1.69708,3.8625,2.55443,1.62414,0.00121659,0.00121659,0.00121659
272,775.384,0.52692,0.89645,0.41178,0.84864,0.40592,0.34332,0.36101,0.17737,0.44662,0.40093,0.38555,0.17718,1.64838,3.66726,2.53258,1.59148,0.00121646,0.00121646,0.00121646
273,778.223,0.53909,0.90236,0.41122,0.86608,0.67457,0.28166,0.37557,0.18143,0.45334,0.46687,0.41669,0.18986,1.69021,3.54086,2.42146,1.61513,0.00121634,0.00121634,0.00121634
274,781.097,0.51767,0.81194,0.39379,0.84686,0.5104,0.3227,0.37225,0.18592,0.47815,0.39807,0.40479,0.19939,1.72572,3.39918,2.39333,1.60958,0.00121622,0.00121622,0.00121622
275,783.923,0.53489,0.9342,0.41583,0.87469,0.52703,0.28274,0.37834,0.19917,0.36659,0.41592,0.41534,0.20609,1.65802,3.27584,2.4654,1.58218,0.00121609,0.00121609,0.00121609
276,786.774,0.48054,0.82723,0.35928,0.84308,0.43171,0.35267,0.39159,0.19842,0.3981,0.56523,0.43699,0.21988,1.62714,3.27476,2.58299,1.57825,0.00121597,0.00121597,0.00121597
277,789.611,0.51354,0.85108,0.4088,0.84532,0.54758,0.28799,0.39119,0.19536,0.41918,0.40045,0.43084,0.22715,1.60941,3.39843,2.53492,1.59212,0.00121585,0.00121585,0.00121585
278,792.438,0.53237,0.84287,0.41268,0.86702,0.45017,0.33408,0.39111,0.20902,0.40023,0.4529,0.44476,0.22752,1.5369,3.50334,2.3697,1.53829,0.00121572,0.00121572,0.00121572
279,795.281,0.49622,0.84542,0.3902,0.84454,0.40615,0.49628,0.40884,0.22684,0.43444,0.55283,0.45197,0.23979,1.51957,3.65229,2.22213,1.52295,0.0012156,0.0012156,0.0012156
280,798.13,0.5311,0.98722,0.43143,0.85891,0.40471,0.49256,0.4179,0.22108,0.43235,0.54911,0.47117,0.23266,1.52459,3.92641,2.25094,1.54115,0.00121547,0.00121547,0.00121547
281,800.981,0.53291,1.17681,0.43154,0.86251,0.43497,0.46503,0.44473,0.22517,0.46032,0.50967,0.48337,0.23095,1.62667,4.19875,2.26355,1.59545,0.00121535,0.00121535,0.00121535
282,803.848,0.52701,0.90141,0.41129,0.86917,0.58894,0.41461,0.48553,0.25939,0.45546,0.60783,0.52935,0.26034,1.65257,4.10831,1.95339,1.60511,0.00121523,0.00121523,0.00121523
283,806.698,0.51267,0.94096,0.3954,0.84461,0.68166,0.44309,0.48985,0.27466,0.65827,0.42924,0.51227,0.25567,1.66163,3.94776,2.0602,1.61047,0.0012151,0.0012151,0.0012151
284,809.562,0.5322,0.91859,0.43683,0.84552,0.37754,0.42441,0.33913,0.18266,0.42132,0.47044,0.409,0.1953,1.71493,3.75905,2.53093,1.6575,0.00121498,0.00121498,0.00121498
285,812.415,0.50281,0.85051,0.37394,0.85137,0.40512,0.31583,0.3242,0.16649,0.3873,0.39658,0.37947,0.17677,1.68549,3.48657,2.79332,1.62569,0.00121485,0.00121485,0.00121485
286,815.278,0.5308,0.93536,0.43485,0.85133,0.39345,0.34375,0.3156,0.17242,0.37503,0.40625,0.33386,0.18284,1.63255,3.2332,2.84113,1.56363,0.00121473,0.00121473,0.00121473
287,818.127,0.51035,0.89372,0.41019,0.84047,0.40811,0.30432,0.30942,0.1702,0.33884,0.41815,0.32295,0.17706,1.64132,3.08254,2.82872,1.5719,0.00121461,0.00121461,0.00121461
288,820.973,0.50736,0.90084,0.41038,0.84765,0.3631,0.39245,0.35041,0.19558,0.33775,0.40253,0.35766,0.19986,1.70727,3.02369,2.77242,1.65015,0.00121448,0.00121448,0.00121448
289,823.844,0.56916,0.92815,0.4115,0.85888,0.33772,0.37723,0.33484,0.19554,0.60222,0.23477,0.34182,0.19837,1.71684,3.07233,2.66244,1.6368,0.00121436,0.00121436,0.00121436
290,826.711,0.52368,0.89346,0.40355,0.85205,0.39665,0.42411,0.34994,0.21004,0.3803,0.4122,0.3496,0.21082,1.73523,3.15197,2.57083,1.65075,0.00121424,0.00121424,0.00121424
291,829.572,0.51223,0.8695,0.3923,0.84847,0.5743,0.382,0.39235,0.23625,0.65974,0.33079,0.39898,0.23077,1.69502,3.27404,2.51793,1.63803,0.00121411,0.00121411,0.00121411
292,832.411,0.54223,0.89581,0.45002,0.86584,0.41074,0.47247,0.38895,0.23713,0.40567,0.48214,0.43645,0.25415,1.65858,3.33966,2.75721,1.58534,0.00121399,0.00121399,0.00121399
293,835.246,0.54463,0.92394,0.44227,0.84208,0.39271,0.46904,0.37982,0.22129,0.39769,0.49683,0.4473,0.24382,1.62053,3.37212,2.76197,1.55983,0.00121386,0.00121386,0.00121386
294,838.093,0.55013,0.90375,0.45782,0.86218,0.33056,0.40883,0.37509,0.22897,0.34047,0.42732,0.43842,0.23386,1.5909,3.34924,2.64847,1.57916,0.00121374,0.00121374,0.00121374
295,840.96,0.51659,0.90828,0.42381,0.86559,0.33259,0.4113,0.36256,0.2118,0.36189,0.46512,0.41707,0.2268,1.54706,3.26984,2.50785,1.578,0.00121362,0.00121362,0.00121362
296,843.817,0.53378,0.87277,0.41411,0.84166,0.37272,0.4748,0.36549,0.20554,0.4118,0.54487,0.43092,0.21774,1.58856,3.20372,2.47047,1.62336,0.00121349,0.00121349,0.00121349
297,846.675,0.52892,0.93566,0.4158,0.85724,0.34114,0.39062,0.38056,0.21789,0.39178,0.50089,0.43014,0.23454,1.63751,3.12402,2.54487,1.65247,0.00121337,0.00121337,0.00121337
298,849.527,0.53748,0.95389,0.43168,0.8499,0.591,0.27971,0.40935,0.22789,0.38585,0.39863,0.40448,0.22019,1.62181,3.14427,2.76159,1.61772,0.00121325,0.00121325,0.00121325
299,852.389,0.52247,0.92481,0.44185,0.84614,0.58513,0.29144,0.38792,0.22697,0.58513,0.29144,0.40125,0.22147,1.57004,3.21779,2.7221,1.58267,0.00121312,0.00121312,0.00121312
300,855.267,0.49475,0.82834,0.39701,0.83152,0.52018,0.30374,0.36651,0.20952,0.52018,0.30374,0.3878,0.21546,1.54914,3.28492,2.67464,1.5432,0.001213,0.001213,0.001213
301,858.107,0.50558,0.81419,0.40586,0.83254,0.40882,0.35342,0.33402,0.19909,0.35892,0.35649,0.35675,0.18981,1.53322,3.3123,2.73151,1.54013,0.00121287,0.00121287,0.00121287
302,860.973,0.49454,0.81058,0.39915,0.85058,0.42599,0.35714,0.33495,0.20287,0.41608,0.35119,0.34986,0.19246,1.53307,3.28426,2.76996,1.54946,0.00121275,0.00121275,0.00121275
303,863.841,0.51078,0.85865,0.39777,0.84444,0.44725,0.35119,0.30907,0.19534,0.43525,0.34524,0.32255,0.17856,1.52688,3.26062,2.82143,1.5551,0.00121263,0.00121263,0.00121263
304,866.702,0.47434,0.7853,0.38062,0.8519,0.35327,0.33557,0.29838,0.19297,0.35011,0.34524,0.30904,0.17502,1.54607,3.18246,2.90771,1.54923,0.0012125,0.0012125,0.0012125
305,869.578,0.49742,0.84518,0.39097,0.83791,0.34337,0.33861,0.29006,0.18596,0.33998,0.34828,0.29962,0.17126,1.57618,3.16467,2.99525,1.54195,0.00121238,0.00121238,0.00121238
306,872.431,0.4994,0.87724,0.42622,0.85386,0.37174,0.37254,0.30198,0.17872,0.36779,0.38221,0.30019,0.17222,1.60185,3.19469,3.03042,1.55187,0.00121226,0.00121226,0.00121226
307,875.277,0.48164,0.76483,0.38668,0.83366,0.48088,0.33885,0.36022,0.21001,0.47675,0.34853,0.36289,0.20361,1.59335,3.16514,2.94627,1.52252,0.00121213,0.00121213,0.00121213
308,878.162,0.48952,0.88719,0.3763,0.83632,0.45714,0.36094,0.35874,0.21201,0.39667,0.36341,0.36591,0.20541,1.62571,3.25444,2.74557,1.52872,0.00121201,0.00121201,0.00121201
309,881.038,0.48779,0.84793,0.3678,0.8376,0.38005,0.4172,0.35642,0.20417,0.3542,0.41815,0.3768,0.19964,1.66257,3.33813,2.56135,1.59519,0.00121189,0.00121189,0.00121189
310,883.909,0.52327,0.87478,0.41457,0.84992,0.34803,0.44958,0.36054,0.19435,0.33849,0.46843,0.41881,0.20522,1.68315,3.45769,2.36563,1.65648,0.00121176,0.00121176,0.00121176
311,886.775,0.48966,0.85855,0.40252,0.82976,0.38391,0.38546,0.34728,0.19269,0.39453,0.52753,0.416,0.20298,1.70272,3.58372,2.36744,1.68893,0.00121164,0.00121164,0.00121164
312,889.631,0.48791,0.91256,0.38846,0.84272,0.41397,0.33408,0.33058,0.17401,0.47278,0.53392,0.4298,0.19646,1.7099,3.63805,2.53439,1.68652,0.00121151,0.00121151,0.00121151
313,892.47,0.52673,0.8959,0.4317,0.87675,0.44764,0.2975,0.31477,0.16646,0.46299,0.49737,0.39243,0.17784,1.71419,3.63079,2.63183,1.67558,0.00121139,0.00121139,0.00121139
314,895.347,0.49942,0.86247,0.37584,0.83524,0.41363,0.40625,0.33407,0.18661,0.49622,0.49159,0.42663,0.20556,1.66064,3.56186,2.69433,1.6136,0.00121127,0.00121127,0.00121127
315,898.206,0.50497,0.90437,0.41138,0.85671,0.3724,0.41297,0.3595,0.20374,0.39038,0.51386,0.38226,0.208,1.61515,3.57917,2.58631,1.56778,0.00121114,0.00121114,0.00121114
316,901.097,0.4884,0.88463,0.38727,0.84016,0.40804,0.38224,0.37864,0.22352,0.33667,0.43527,0.38652,0.19804,1.61249,3.6219,2.4622,1.60063,0.00121102,0.00121102,0.00121102
317,903.966,0.49851,0.82395,0.3746,0.84265,0.42493,0.42878,0.38822,0.2139,0.32898,0.47619,0.39008,0.19516,1.61563,3.64657,2.51959,1.59145,0.0012109,0.0012109,0.0012109
318,906.821,0.54801,0.83413,0.42129,0.86076,0.37044,0.42725,0.37618,0.21039,0.59898,0.28051,0.39139,0.19071,1.59996,3.68977,2.56137,1.55475,0.00121077,0.00121077,0.00121077
319,909.677,0.48653,0.83902,0.38733,0.84267,0.35053,0.44053,0.39259,0.22635,0.62238,0.27458,0.4018,0.20823,1.59885,3.5909,2.67162,1.53155,0.00121065,0.00121065,0.00121065
320,912.541,0.55155,0.97881,0.43983,0.87545,0.44856,0.33929,0.39151,0.22749,0.44856,0.33929,0.40763,0.2136,1.6109,3.49203,2.81889,1.53514,0.00121052,0.00121052,0.00121052
321,915.406,0.55578,0.81356,0.41155,0.8475,0.51383,0.30381,0.37814,0.22086,0.41262,0.42123,0.41198,0.2151,1.60675,3.39943,2.83929,1.57263,0.0012104,0.0012104,0.0012104
322,918.298,0.52262,0.87911,0.40195,0.85426,0.60448,0.28138,0.37886,0.21393,0.38201,0.43023,0.40768,0.21209,1.6771,3.43738,2.89296,1.65978,0.00121028,0.00121028,0.00121028
323,921.14,0.51498,0.91246,0.42113,0.85013,0.61888,0.26568,0.3561,0.20077,0.43287,0.57164,0.42275,0.21041,1.735,3.51904,2.88619,1.74366,0.00121015,0.00121015,0.00121015
324,924.007,0.47761,0.92568,0.38352,0.84436,0.43105,0.46017,0.39241,0.21316,0.47232,0.53829,0.44181,0.22025,1.74706,3.56189,2.83962,1.78759,0.00121003,0.00121003,0.00121003
325,926.847,0.51284,0.86822,0.40565,0.86889,0.49836,0.45477,0.44092,0.23472,0.49836,0.45477,0.44646,0.23578,1.74911,3.53205,2.73791,1.77727,0.00120991,0.00120991,0.00120991
326,929.687,0.49425,0.90398,0.38988,0.87296,0.57088,0.40415,0.43339,0.23762,0.57088,0.40415,0.43312,0.23058,1.72221,3.50641,2.62152,1.72052,0.00120978,0.00120978,0.00120978
327,932.534,0.5232,0.92229,0.43509,0.87582,0.46628,0.48031,0.44441,0.23762,0.53734,0.41089,0.43335,0.2511,1.71573,3.5742,2.45771,1.66546,0.00120966,0.00120966,0.00120966
328,935.423,0.48888,0.87594,0.4133,0.83917,0.49817,0.48904,0.45255,0.24317,0.49304,0.48586,0.44283,0.24859,1.69249,3.50847,2.27046,1.65836,0.00120953,0.00120953,0.00120953
329,938.298,0.47946,0.85484,0.3679,0.84495,0.68915,0.32738,0.45894,0.25926,0.67189,0.31176,0.43457,0.24851,1.6035,3.55166,2.12735,1.631,0.00120941,0.00120941,0.00120941
330,941.154,0.51336,0.83596,0.40609,0.84104,0.636,0.31922,0.42942,0.24837,0.62073,0.30359,0.40566,0.23411,1.58344,3.59262,2.34086,1.6038,0.00120929,0.00120929,0.00120929
331,943.979,0.48963,0.83339,0.41434,0.862,0.51362,0.31681,0.40491,0.25038,0.57416,0.27673,0.42001,0.23651,1.5625,3.57591,2.54505,1.52358,0.00120916,0.00120916,0.00120916
332,946.837,0.48634,0.85482,0.37548,0.84329,0.50491,0.29491,0.38914,0.25477,0.37888,0.50661,0.40813,0.23739,1.48395,3.54537,2.50742,1.46569,0.00120904,0.00120904,0.00120904
333,949.722,0.49917,0.84304,0.3846,0.85353,0.65523,0.27981,0.34309,0.22022,0.648,0.27364,0.35687,0.20245,1.42833,3.71316,2.40917,1.45939,0.00120892,0.00120892,0.00120892
334,952.587,0.50068,0.83929,0.39046,0.84354,0.43519,0.35974,0.33407,0.21364,0.41097,0.3955,0.33563,0.19961,1.4126,3.89108,2.33967,1.47276,0.00120879,0.00120879,0.00120879
335,955.429,0.52544,0.93054,0.4086,0.87335,0.58663,0.30117,0.33375,0.21388,0.46623,0.39749,0.34307,0.21174,1.38108,3.91163,2.22572,1.43699,0.00120867,0.00120867,0.00120867
336,958.304,0.55925,1.03057,0.43241,0.88352,0.45421,0.38609,0.34058,0.20062,0.4322,0.35755,0.32008,0.19951,1.39695,3.76036,2.15352,1.44509,0.00120854,0.00120854,0.00120854
337,961.152,0.50002,0.84904,0.38624,0.85277,0.40907,0.39041,0.3269,0.19523,0.41561,0.44095,0.36397,0.19984,1.44603,3.67561,2.20518,1.46925,0.00120842,0.00120842,0.00120842
338,963.999,0.5119,0.86827,0.39378,0.85916,0.35179,0.39299,0.32667,0.20235,0.36271,0.47563,0.36001,0.20177,1.44897,3.58862,2.29016,1.49919,0.0012083,0.0012083,0.0012083
339,966.866,0.50634,0.86112,0.39808,0.84422,0.33066,0.43111,0.34493,0.19858,0.32848,0.46523,0.37495,0.20065,1.4413,3.54297,2.3933,1.48874,0.00120817,0.00120817,0.00120817
340,969.726,0.46131,0.82986,0.37866,0.83961,0.3328,0.38594,0.36562,0.20852,0.40452,0.50934,0.40675,0.21822,1.47775,3.47715,2.4632,1.4711,0.00120805,0.00120805,0.00120805
341,972.574,0.48851,0.78063,0.38728,0.84173,0.35201,0.38523,0.39872,0.22536,0.40012,0.46281,0.45411,0.24252,1.51439,3.43899,2.48299,1.47638,0.00120793,0.00120793,0.00120793
342,975.435,0.49981,0.8387,0.38695,0.85315,0.40668,0.49424,0.42022,0.23192,0.45908,0.55689,0.48793,0.25203,1.54965,3.39364,2.55626,1.48929,0.0012078,0.0012078,0.0012078
343,978.317,0.47562,0.7958,0.3737,0.83238,0.42108,0.51116,0.38796,0.21927,0.58303,0.44271,0.46437,0.23652,1.56194,3.45933,2.5638,1.51688,0.00120768,0.00120768,0.00120768
344,981.158,0.53457,0.90443,0.40703,0.87902,0.42011,0.45586,0.35713,0.21571,0.45802,0.51655,0.41149,0.22624,1.47055,3.55993,2.68177,1.45911,0.00120755,0.00120755,0.00120755
345,983.999,0.50311,0.82903,0.37819,0.84945,0.47769,0.34896,0.32671,0.2003,0.46493,0.42068,0.37301,0.21168,1.43868,3.59777,2.68672,1.42802,0.00120743,0.00120743,0.00120743
346,986.861,0.48026,0.81808,0.36676,0.85338,0.44011,0.34373,0.34412,0.20874,0.41981,0.40774,0.37529,0.20896,1.486,3.68394,2.65065,1.44116,0.00120731,0.00120731,0.00120731
347,989.736,0.51831,0.8843,0.39579,0.85596,0.34426,0.32666,0.35215,0.21049,0.39825,0.38095,0.37268,0.20555,1.49056,3.68575,2.47159,1.40675,0.00120718,0.00120718,0.00120718
348,992.605,0.49796,0.79215,0.3861,0.84243,0.40252,0.2872,0.34348,0.20698,0.49692,0.35285,0.37645,0.20538,1.50627,3.5794,2.42161,1.40789,0.00120706,0.00120706,0.00120706
349,995.457,0.50693,0.80216,0.38597,0.85843,0.34642,0.40476,0.3385,0.1974,0.38405,0.38095,0.37273,0.20357,1.4987,3.44396,2.421,1.43504,0.00120694,0.00120694,0.00120694
350,998.343,0.46328,0.79606,0.36469,0.84415,0.36108,0.38766,0.31829,0.18403,0.4144,0.39231,0.34478,0.19335,1.50531,3.4146,2.4727,1.44049,0.00120681,0.00120681,0.00120681
351,1001.2,0.46158,0.77747,0.3672,0.83385,0.34028,0.3605,0.29512,0.17317,0.36389,0.40625,0.33635,0.18736,1.52125,3.37859,2.50576,1.4504,0.00120669,0.00120669,0.00120669
352,1004.06,0.49251,0.82637,0.40552,0.84706,0.35744,0.38318,0.33301,0.19133,0.36591,0.43097,0.35576,0.19809,1.50272,3.40602,2.45729,1.44879,0.00120656,0.00120656,0.00120656
353,1006.91,0.50528,0.89703,0.40289,0.85467,0.38651,0.35193,0.35018,0.20581,0.41511,0.39658,0.38039,0.21151,1.4765,3.51196,2.37077,1.44203,0.00120644,0.00120644,0.00120644
354,1009.78,0.48336,0.82876,0.37834,0.84474,0.5769,0.32454,0.3938,0.23777,0.42403,0.40848,0.42671,0.23466,1.51362,3.64892,2.42057,1.46637,0.00120632,0.00120632,0.00120632
355,1012.62,0.49281,0.87372,0.38511,0.85825,0.47505,0.33408,0.3968,0.23883,0.47505,0.33408,0.42249,0.23532,1.53735,3.63626,2.35071,1.51151,0.00120619,0.00120619,0.00120619
356,1015.47,0.50997,0.90956,0.39285,0.83293,0.34256,0.44058,0.38463,0.22827,0.36462,0.50341,0.41916,0.23366,1.49875,3.50992,2.35432,1.48771,0.00120607,0.00120607,0.00120607
357,1018.32,0.59069,1.03081,0.44091,0.87271,0.42417,0.46156,0.41065,0.23775,0.41764,0.50241,0.44558,0.25255,1.53387,3.3601,2.39683,1.50972,0.00120595,0.00120595,0.00120595
358,1021.25,0.51172,0.88758,0.40871,0.85669,0.51863,0.32366,0.38179,0.2212,0.39321,0.43316,0.42278,0.23527,1.59618,3.328,2.58956,1.60542,0.00120582,0.00120582,0.00120582
359,1024.13,0.51227,0.90538,0.37356,0.84217,0.43499,0.32961,0.38563,0.23144,0.3781,0.43091,0.42783,0.23242,1.61619,3.3986,2.63182,1.62636,0.0012057,0.0012057,0.0012057
360,1026.99,0.50975,0.86788,0.40428,0.86152,0.46756,0.32781,0.36427,0.21717,0.43667,0.36024,0.3876,0.21861,1.53928,3.40708,2.6491,1.56954,0.00120557,0.00120557,0.00120557
361,1029.83,0.48767,0.88182,0.40133,0.84563,0.43262,0.33827,0.34694,0.22388,0.41351,0.33697,0.3584,0.20697,1.51201,3.46946,2.67448,1.55354,0.00120545,0.00120545,0.00120545
362,1032.72,0.50278,0.91682,0.37621,0.83621,0.45855,0.29718,0.37541,0.22632,0.37318,0.34361,0.3962,0.2212,1.51773,3.47346,2.59987,1.53208,0.00120533,0.00120533,0.00120533
363,1035.6,0.44895,0.81265,0.36838,0.84306,0.45179,0.31994,0.38797,0.22259,0.4424,0.30432,0.37962,0.22718,1.55714,3.39231,2.51626,1.54885,0.0012052,0.0012052,0.0012052
364,1038.48,0.48333,0.85611,0.37547,0.84181,0.71813,0.28646,0.41106,0.24487,0.71813,0.28646,0.41215,0.23191,1.60747,3.32657,2.50531,1.58547,0.00120508,0.00120508,0.00120508
365,1041.34,0.50442,0.86682,0.36355,0.84959,0.64226,0.32832,0.39786,0.23344,0.65345,0.31374,0.38758,0.21679,1.57257,3.36635,2.59418,1.55582,0.00120496,0.00120496,0.00120496
366,1044.18,0.47672,0.86693,0.38953,0.84249,0.48438,0.37341,0.38428,0.23495,0.47389,0.36407,0.36662,0.21502,1.57166,3.50281,2.73924,1.5718,0.00120483,0.00120483,0.00120483
367,1047.02,0.46963,0.88875,0.39017,0.84198,0.49908,0.32366,0.39592,0.25618,0.70866,0.26237,0.38416,0.2322,1.53272,3.52955,2.88465,1.54406,0.00120471,0.00120471,0.00120471
368,1049.86,0.47372,0.80504,0.38386,0.84561,0.6161,0.29771,0.41339,0.25824,0.57438,0.2825,0.3924,0.24008,1.56303,3.47254,2.88613,1.55655,0.00120458,0.00120458,0.00120458
369,1052.7,0.48038,0.85048,0.37473,0.85278,0.6725,0.32072,0.39764,0.23649,0.6502,0.31484,0.38183,0.2267,1.56012,3.38126,2.85562,1.55693,0.00120446,0.00120446,0.00120446
370,1055.56,0.4763,0.87547,0.38113,0.84514,0.52724,0.34556,0.35952,0.22131,0.52724,0.34556,0.35321,0.21,1.55859,3.41635,2.86177,1.57535,0.00120434,0.00120434,0.00120434
371,1058.41,0.44727,0.7928,0.34493,0.82468,0.45735,0.36682,0.3341,0.20465,0.43663,0.35491,0.32186,0.19474,1.53738,3.50448,2.80686,1.55483,0.00120421,0.00120421,0.00120421
372,1061.29,0.49905,0.8447,0.38687,0.84674,0.40372,0.38275,0.32943,0.21151,0.38707,0.37306,0.31537,0.19269,1.54334,3.53723,2.73361,1.56483,0.00120409,0.00120409,0.00120409
373,1064.14,0.45525,0.76264,0.36234,0.83563,0.47559,0.40912,0.38534,0.24802,0.45508,0.39786,0.37133,0.22144,1.53674,3.52806,2.70157,1.57417,0.00120396,0.00120396,0.00120396
374,1067.02,0.44502,0.76705,0.34656,0.83144,0.62011,0.40062,0.39778,0.2524,0.61538,0.38718,0.38442,0.23349,1.48909,3.43701,2.80351,1.54818,0.00120384,0.00120384,0.00120384
375,1069.86,0.43353,0.79295,0.34562,0.82736,0.60716,0.39241,0.41138,0.26263,0.59376,0.38646,0.39817,0.2596,1.45373,3.38495,2.93983,1.52969,0.00120372,0.00120372,0.00120372
376,1072.76,0.48175,0.75326,0.35018,0.83218,0.61025,0.37388,0.39496,0.24655,0.596,0.36792,0.38158,0.24677,1.45842,3.29568,3.09834,1.51836,0.00120359,0.00120359,0.00120359
377,1075.62,0.45959,0.85061,0.36811,0.82981,0.6615,0.3432,0.39501,0.24014,0.64625,0.33725,0.38285,0.23996,1.46782,3.26784,3.17922,1.52716,0.00120347,0.00120347,0.00120347
378,1078.48,0.51099,0.9124,0.39774,0.8562,0.50383,0.33517,0.39096,0.22826,0.49103,0.32995,0.37894,0.22372,1.46369,3.18347,3.19791,1.47887,0.00120335,0.00120335,0.00120335
379,1081.35,0.45823,0.7777,0.36156,0.83032,0.52078,0.2962,0.36536,0.21447,0.52078,0.2962,0.38019,0.21383,1.45507,3.13466,3.11172,1.47351,0.00120322,0.00120322,0.00120322
380,1084.23,0.45771,0.82808,0.35616,0.8462,0.55891,0.29836,0.37104,0.22556,0.54534,0.29241,0.3793,0.21648,1.46662,3.06804,3.03876,1.49687,0.0012031,0.0012031,0.0012031
381,1087.1,0.49783,0.7942,0.37564,0.83809,0.57018,0.33176,0.39384,0.23101,0.55627,0.32602,0.39044,0.22091,1.49941,3.09514,2.94586,1.54365,0.00120298,0.00120298,0.00120298
382,1089.99,0.50679,0.8438,0.37506,0.86805,0.65063,0.32472,0.42,0.23284,0.65063,0.32472,0.42498,0.24795,1.54681,3.07675,2.79102,1.5652,0.00120285,0.00120285,0.00120285
383,1092.83,0.49246,0.91088,0.39007,0.82933,0.39349,0.43299,0.43082,0.23518,0.41033,0.40903,0.42394,0.25026,1.58184,3.03014,2.78594,1.6002,0.00120273,0.00120273,0.00120273
384,1095.68,0.49206,0.87258,0.38709,0.83336,0.39383,0.44432,0.39701,0.21226,0.38664,0.43712,0.40389,0.22487,1.54972,2.96328,2.68508,1.55424,0.0012026,0.0012026,0.0012026
385,1098.53,0.45487,0.78457,0.35732,0.82533,0.36787,0.43378,0.38774,0.20801,0.36787,0.43378,0.4001,0.22313,1.5321,2.96128,2.55113,1.51993,0.00120248,0.00120248,0.00120248
386,1101.4,0.43506,0.78865,0.34251,0.82476,0.46403,0.3971,0.38117,0.19572,0.46403,0.3971,0.38973,0.20412,1.54334,2.97682,2.63679,1.51878,0.00120236,0.00120236,0.00120236
387,1104.25,0.48602,0.81143,0.38204,0.85239,0.50503,0.40502,0.36812,0.18709,0.45971,0.4747,0.38828,0.20383,1.53243,2.96777,2.6235,1.52292,0.00120223,0.00120223,0.00120223
388,1107.11,0.46426,0.81303,0.34959,0.82711,0.42131,0.51762,0.37671,0.20155,0.49715,0.46875,0.40213,0.20263,1.49529,2.96647,2.60377,1.51567,0.00120211,0.00120211,0.00120211
389,1109.97,0.45408,0.76703,0.36587,0.8449,0.44133,0.5202,0.35052,0.1932,0.42842,0.51053,0.36425,0.19627,1.47524,3.04497,2.58903,1.51433,0.00120199,0.00120199,0.00120199
390,1112.84,0.49078,0.82036,0.38778,0.85554,0.39375,0.5119,0.34827,0.19758,0.37077,0.49033,0.34738,0.19306,1.50466,3.28041,2.69585,1.5176,0.00120186,0.00120186,0.00120186
391,1115.72,0.49502,0.86561,0.37845,0.84915,0.40043,0.48968,0.34791,0.19638,0.37372,0.51298,0.35804,0.1952,1.5261,3.53817,2.79055,1.53531,0.00120174,0.00120174,0.00120174
392,1118.59,0.47384,0.78893,0.36791,0.8354,0.44728,0.47782,0.36819,0.20525,0.43092,0.47247,0.39227,0.20543,1.55487,3.5963,2.80932,1.54126,0.00120161,0.00120161,0.00120161
393,1121.42,0.45559,0.83881,0.38651,0.84008,0.47139,0.45685,0.38644,0.21117,0.47265,0.45685,0.39954,0.21471,1.57977,3.63573,2.75507,1.59019,0.00120149,0.00120149,0.00120149
394,1124.31,0.47727,0.80147,0.35801,0.84361,0.41438,0.48308,0.38666,0.20724,0.41704,0.48169,0.40318,0.21739,1.60999,3.59476,2.71138,1.63396,0.00120137,0.00120137,0.00120137
395,1127.17,0.47085,0.86519,0.37521,0.84121,0.43572,0.49303,0.41922,0.21292,0.42867,0.48708,0.42603,0.22468,1.5899,3.5605,2.75875,1.62566,0.00120124,0.00120124,0.00120124
396,1130.04,0.49268,0.93209,0.37561,0.84205,0.50081,0.39435,0.41692,0.21376,0.49589,0.39435,0.41201,0.22513,1.59735,3.56297,2.62352,1.63315,0.00120112,0.00120112,0.00120112
397,1132.9,0.4905,0.77767,0.37321,0.82735,0.48594,0.40254,0.4001,0.21185,0.47608,0.39659,0.40142,0.22561,1.63134,3.55415,2.62035,1.64524,0.001201,0.001201,0.001201
398,1135.74,0.48458,0.81503,0.35696,0.85349,0.48492,0.32973,0.38679,0.21853,0.47726,0.40402,0.41141,0.23191,1.58906,3.40812,2.65227,1.5958,0.00120087,0.00120087,0.00120087
399,1138.58,0.46249,0.82074,0.36872,0.82405,0.51405,0.30432,0.35831,0.20834,0.48891,0.39537,0.38846,0.20873,1.59061,3.35193,2.7176,1.60748,0.00120075,0.00120075,0.00120075
400,1141.47,0.46013,0.77413,0.35731,0.84723,0.49875,0.39415,0.38472,0.21225,0.50911,0.40977,0.40915,0.21726,1.59019,3.34747,2.6793,1.60357,0.00120062,0.00120062,0.00120062
401,1144.31,0.44718,0.7228,0.34684,0.8374,0.53144,0.42506,0.39439,0.22347,0.54182,0.44066,0.41856,0.23596,1.61056,3.36956,2.48413,1.62752,0.0012005,0.0012005,0.0012005
402,1147.17,0.4609,0.81365,0.35832,0.8348,0.56183,0.4377,0.46143,0.25943,0.57498,0.44503,0.4967,0.26687,1.57258,3.41351,2.29474,1.61933,0.00120038,0.00120038,0.00120038
403,1150.03,0.45884,0.80762,0.35609,0.82767,0.54553,0.46472,0.4615,0.26024,0.53968,0.46844,0.50192,0.26926,1.54354,3.49231,2.19969,1.58695,0.00120025,0.00120025,0.00120025
404,1152.92,0.43545,0.76713,0.33335,0.82514,0.54463,0.35565,0.42906,0.25623,0.46191,0.53274,0.49146,0.26366,1.56644,3.48971,2.15688,1.59836,0.00120013,0.00120013,0.00120013
405,1155.77,0.46789,0.81721,0.3376,0.81917,0.40485,0.45173,0.43234,0.25768,0.52769,0.50158,0.50996,0.27424,1.58319,3.47351,2.16623,1.59691,0.00120001,0.00120001,0.00120001
406,1158.62,0.4456,0.75578,0.35175,0.8257,0.4658,0.38235,0.42429,0.25487,0.50754,0.52753,0.50062,0.25262,1.58596,3.33037,2.25276,1.60627,0.00119988,0.00119988,0.00119988
407,1161.49,0.44945,0.76975,0.33485,0.82944,0.38181,0.39986,0.39065,0.23494,0.46906,0.54641,0.50092,0.25452,1.6402,3.2061,2.40277,1.63157,0.00119976,0.00119976,0.00119976
408,1164.33,0.43843,0.74486,0.34792,0.82838,0.46595,0.36707,0.36122,0.21659,0.44325,0.49033,0.43425,0.21984,1.61482,3.19847,2.44678,1.61578,0.00119963,0.00119963,0.00119963
409,1167.19,0.46624,0.75831,0.3732,0.83362,0.48792,0.39937,0.36335,0.21647,0.51168,0.41592,0.40357,0.21324,1.63497,3.24621,2.51848,1.62068,0.00119951,0.00119951,0.00119951
410,1170.1,0.50072,0.85693,0.3753,0.85308,0.49194,0.3855,0.41376,0.24578,0.50361,0.40113,0.42036,0.23533,1.62023,3.38745,2.38891,1.59305,0.00119939,0.00119939,0.00119939
411,1172.98,0.49008,0.86303,0.36669,0.85867,0.50641,0.39454,0.41699,0.24757,0.50641,0.39454,0.40818,0.24261,1.60868,3.54112,2.3341,1.56802,0.00119926,0.00119926,0.00119926
412,1175.83,0.47714,0.84869,0.37444,0.84788,0.53219,0.39167,0.39394,0.24059,0.53545,0.38878,0.38382,0.2224,1.61409,3.64856,2.3037,1.56668,0.00119914,0.00119914,0.00119914
413,1178.66,0.4822,0.82427,0.37441,0.84945,0.45905,0.36546,0.37201,0.21988,0.43038,0.34246,0.35843,0.21281,1.6352,3.67282,2.38609,1.59046,0.00119901,0.00119901,0.00119901
414,1181.52,0.47526,0.79716,0.37116,0.84582,0.5669,0.28697,0.36728,0.21883,0.54356,0.28433,0.36035,0.21169,1.61325,3.49986,2.36061,1.61093,0.00119889,0.00119889,0.00119889
415,1184.36,0.46081,0.76401,0.35303,0.85338,0.40169,0.34155,0.38221,0.22762,0.40899,0.33025,0.38192,0.21884,1.60649,3.39143,2.40858,1.60151,0.00119877,0.00119877,0.00119877
416,1187.23,0.43476,0.82917,0.33278,0.82772,0.361,0.32812,0.39661,0.22529,0.35368,0.32217,0.39444,0.23642,1.60243,3.30527,2.49298,1.58304,0.00119864,0.00119864,0.00119864
417,1190.09,0.44718,0.77514,0.34028,0.8347,0.36258,0.3563,0.3807,0.22375,0.35537,0.375,0.39594,0.22359,1.56025,3.27002,2.53708,1.53896,0.00119852,0.00119852,0.00119852
418,1192.97,0.45429,0.73516,0.35242,0.82243,0.56951,0.27565,0.38219,0.22966,0.58591,0.27455,0.38884,0.21378,1.53696,3.257,2.61965,1.52503,0.0011984,0.0011984,0.0011984
419,1195.83,0.41203,0.73756,0.34062,0.8253,0.43847,0.33929,0.36913,0.22868,0.43837,0.3331,0.37488,0.21349,1.57112,3.23541,2.71639,1.54125,0.00119827,0.00119827,0.00119827
420,1198.69,0.44106,0.76262,0.34927,0.82358,0.45479,0.32143,0.35925,0.21565,0.45479,0.32143,0.35765,0.20697,1.56224,3.23476,2.78426,1.53833,0.00119815,0.00119815,0.00119815
421,1201.58,0.43376,0.76407,0.33453,0.8267,0.47999,0.31191,0.35374,0.22479,0.47999,0.31191,0.35667,0.21323,1.55738,3.2261,2.87734,1.52623,0.00119802,0.00119802,0.00119802
422,1204.43,0.44127,0.78607,0.34466,0.84531,0.55543,0.28827,0.35899,0.22375,0.55543,0.28827,0.3668,0.22005,1.53921,3.2628,2.94353,1.49386,0.0011979,0.0011979,0.0011979
423,1207.28,0.45905,0.70834,0.35669,0.84424,0.3742,0.36086,0.3556,0.21315,0.46894,0.3058,0.33822,0.20385,1.50066,3.34171,2.98915,1.47061,0.00119778,0.00119778,0.00119778
424,1210.16,0.41946,0.74164,0.32815,0.82463,0.37915,0.38885,0.35152,0.20297,0.36923,0.3829,0.3434,0.2099,1.5329,3.29547,2.99942,1.49068,0.00119765,0.00119765,0.00119765
425,1213.05,0.4533,0.76539,0.35371,0.83416,0.37026,0.39829,0.34961,0.19914,0.36095,0.39465,0.34479,0.21025,1.54331,3.15655,2.95174,1.49334,0.00119753,0.00119753,0.00119753
426,1215.91,0.43682,0.74387,0.32682,0.83266,0.45493,0.38616,0.35646,0.19487,0.44333,0.38021,0.34685,0.20437,1.53548,3.18186,2.87013,1.49066,0.00119741,0.00119741,0.00119741
427,1218.8,0.45375,0.76227,0.34,0.82927,0.45252,0.38499,0.36197,0.18974,0.4399,0.37904,0.35268,0.1901,1.51058,3.35195,2.91314,1.48834,0.00119728,0.00119728,0.00119728
428,1221.66,0.46414,0.80637,0.372,0.83968,0.38541,0.49083,0.38556,0.21043,0.38837,0.43864,0.38553,0.20123,1.51716,3.49887,2.98871,1.50775,0.00119716,0.00119716,0.00119716
429,1224.56,0.45203,0.76577,0.34666,0.82523,0.36166,0.47264,0.37255,0.20373,0.41355,0.43676,0.39324,0.20176,1.5233,3.59876,3.00008,1.52925,0.00119704,0.00119704,0.00119704
430,1227.39,0.47229,0.88748,0.38304,0.84888,0.40487,0.49442,0.40083,0.21306,0.56723,0.36412,0.41444,0.2138,1.5668,3.6378,2.98207,1.58296,0.00119691,0.00119691,0.00119691
431,1230.26,0.49766,0.87519,0.36598,0.84001,0.51082,0.33929,0.40367,0.23341,0.56663,0.3911,0.41674,0.21779,1.58699,3.63422,2.85346,1.6045,0.00119679,0.00119679,0.00119679
432,1233.14,0.44402,0.78398,0.33738,0.83323,0.45057,0.39644,0.39464,0.23202,0.43858,0.46407,0.40285,0.2244,1.55983,3.66102,2.72707,1.56776,0.00119666,0.00119666,0.00119666
433,1236,0.47826,0.81342,0.37437,0.84109,0.4039,0.40625,0.40113,0.23642,0.40852,0.42068,0.39953,0.21932,1.55456,3.56891,2.68421,1.56213,0.00119654,0.00119654,0.00119654
434,1238.86,0.48581,0.7526,0.35482,0.84734,0.46873,0.37752,0.42809,0.24991,0.39406,0.3883,0.42247,0.23074,1.53014,3.33561,2.68902,1.55646,0.00119642,0.00119642,0.00119642
435,1241.75,0.44746,0.7766,0.34792,0.8339,0.40231,0.39815,0.43179,0.25927,0.39518,0.3922,0.43608,0.23818,1.52805,3.27149,2.59817,1.55269,0.00119629,0.00119629,0.00119629
436,1244.63,0.47586,0.83271,0.35522,0.83329,0.4587,0.44345,0.43326,0.27437,0.44957,0.4375,0.42974,0.24669,1.52534,3.20578,2.49177,1.53779,0.00119617,0.00119617,0.00119617
437,1247.52,0.45276,0.76906,0.35119,0.82417,0.44463,0.46926,0.44433,0.28923,0.43208,0.45736,0.43722,0.2488,1.49658,3.3261,2.37802,1.52778,0.00119604,0.00119604,0.00119604
438,1250.38,0.42972,0.7724,0.34036,0.82481,0.48989,0.50451,0.46059,0.30118,0.4837,0.49856,0.45703,0.26036,1.51112,3.49599,2.36938,1.52785,0.00119592,0.00119592,0.00119592
439,1253.29,0.48023,0.7936,0.36485,0.83604,0.513,0.53007,0.48791,0.3065,0.48462,0.5166,0.46807,0.27766,1.53002,3.51106,2.47553,1.55312,0.0011958,0.0011958,0.0011958
440,1256.23,0.45363,0.78459,0.35907,0.83989,0.48726,0.51254,0.47684,0.29091,0.46682,0.49468,0.45725,0.26508,1.54323,3.54561,2.63015,1.56861,0.00119567,0.00119567,0.00119567
441,1259.11,0.45152,0.81556,0.35181,0.84339,0.42324,0.42959,0.44561,0.26698,0.40139,0.41388,0.4323,0.24084,1.54632,3.62581,2.70389,1.58447,0.00119555,0.00119555,0.00119555
442,1261.95,0.45053,0.74744,0.34558,0.84134,0.49815,0.37277,0.41613,0.24192,0.46941,0.33975,0.40399,0.23105,1.58868,3.7318,2.7509,1.63066,0.00119543,0.00119543,0.00119543
443,1264.87,0.43233,0.75712,0.32858,0.8288,0.45567,0.36781,0.3965,0.23106,0.45061,0.3522,0.39129,0.21679,1.59353,3.79703,2.8193,1.65336,0.0011953,0.0011953,0.0011953
444,1267.74,0.44615,0.74418,0.34627,0.82404,0.3671,0.37759,0.38687,0.231,0.66853,0.26398,0.3913,0.2159,1.54791,3.69775,2.88804,1.61607,0.00119518,0.00119518,0.00119518
445,1270.62,0.44522,0.71057,0.34221,0.82871,0.38652,0.38825,0.38534,0.23583,0.37676,0.3823,0.38295,0.22076,1.5327,3.5861,3.02271,1.57096,0.00119505,0.00119505,0.00119505
446,1273.48,0.48118,0.81488,0.36453,0.8436,0.35008,0.32356,0.33502,0.20313,0.36067,0.33573,0.34972,0.19738,1.56582,3.48958,3.06726,1.59023,0.00119493,0.00119493,0.00119493
447,1276.34,0.45116,0.8026,0.3411,0.83344,0.35552,0.27679,0.31137,0.19436,0.36866,0.29239,0.32676,0.18344,1.5649,3.48361,3.11922,1.58695,0.00119481,0.00119481,0.00119481
448,1279.23,0.44131,0.74856,0.34548,0.82972,0.4035,0.3006,0.29732,0.18608,0.39756,0.3006,0.31645,0.17999,1.57858,3.39632,3.12755,1.61171,0.00119468,0.00119468,0.00119468
449,1282.08,0.41528,0.84703,0.33619,0.83676,0.50638,0.28199,0.35222,0.22869,0.50638,0.28199,0.35628,0.21439,1.54715,3.34604,3.0524,1.58351,0.00119456,0.00119456,0.00119456
450,1284.97,0.42733,0.76399,0.34301,0.8134,0.41746,0.33962,0.36069,0.22558,0.41602,0.34087,0.38072,0.21801,1.55057,3.35765,2.99277,1.6036,0.00119444,0.00119444,0.00119444
451,1287.84,0.46771,0.80959,0.36998,0.82794,0.44736,0.35657,0.36932,0.22174,0.46019,0.37541,0.37347,0.20968,1.54636,3.35499,2.80713,1.6244,0.00119431,0.00119431,0.00119431
452,1290.68,0.46659,0.81609,0.35646,0.84052,0.43108,0.36427,0.38096,0.21677,0.4082,0.38692,0.39063,0.20363,1.5777,3.25393,2.62984,1.65863,0.00119419,0.00119419,0.00119419
453,1293.56,0.43699,0.78477,0.34575,0.83227,0.45378,0.46131,0.41121,0.22118,0.45287,0.38733,0.4031,0.21103,1.6526,3.13024,2.45408,1.73225,0.00119407,0.00119407,0.00119407
454,1296.47,0.47932,0.80008,0.37572,0.85316,0.4179,0.40796,0.39647,0.22076,0.46222,0.46996,0.42584,0.22758,1.66225,3.0445,2.3625,1.6973,0.00119394,0.00119394,0.00119394
455,1299.35,0.43902,0.72923,0.35315,0.83904,0.51215,0.44717,0.43611,0.2262,0.62806,0.37151,0.40228,0.21779,1.6726,3.0719,2.35597,1.67022,0.00119382,0.00119382,0.00119382
456,1302.22,0.48313,0.80164,0.37532,0.8456,0.56783,0.41964,0.41109,0.23629,0.56783,0.41964,0.41775,0.2191,1.67437,3.1649,2.20264,1.66982,0.00119369,0.00119369,0.00119369
457,1305.09,0.42948,0.72122,0.33521,0.82572,0.48685,0.4256,0.41854,0.2334,0.48685,0.4256,0.42687,0.24029,1.66472,3.23481,2.29751,1.66574,0.00119357,0.00119357,0.00119357
458,1307.94,0.43011,0.74116,0.33949,0.82218,0.61954,0.36631,0.39604,0.23548,0.61954,0.36631,0.40248,0.22804,1.64189,3.32191,2.53424,1.62156,0.00119345,0.00119345,0.00119345
459,1310.82,0.44263,0.80702,0.33894,0.83354,0.64121,0.34747,0.32995,0.18987,0.64121,0.34747,0.32972,0.19039,1.62409,3.41198,2.67349,1.59259,0.00119332,0.00119332,0.00119332
460,1313.69,0.42909,0.72876,0.33141,0.82148,0.65485,0.31027,0.31139,0.17704,0.65485,0.31027,0.31626,0.17847,1.59886,3.56867,2.65952,1.57786,0.0011932,0.0011932,0.0011932
461,1316.61,0.44074,0.7115,0.34993,0.81502,0.61226,0.31273,0.32493,0.17984,0.72682,0.28668,0.32222,0.17859,1.57189,3.68677,2.67204,1.52988,0.00119308,0.00119308,0.00119308
462,1319.48,0.4142,0.73497,0.33379,0.81525,0.63579,0.3006,0.3465,0.19431,0.71603,0.31115,0.34597,0.19056,1.59842,3.76224,2.57598,1.5422,0.00119295,0.00119295,0.00119295
463,1322.36,0.4357,0.74428,0.34966,0.85393,0.60595,0.39658,0.37322,0.20477,0.63587,0.38051,0.35786,0.19434,1.60293,3.82163,2.57126,1.55123,0.00119283,0.00119283,0.00119283
464,1325.23,0.42988,0.70167,0.35778,0.8354,0.61811,0.375,0.3831,0.22439,0.6241,0.37872,0.38029,0.19929,1.56266,3.88479,2.55563,1.54933,0.0011927,0.0011927,0.0011927
465,1328.13,0.43677,0.72856,0.33131,0.82555,0.65972,0.34747,0.37576,0.22805,0.65838,0.35714,0.37558,0.21045,1.52327,3.90148,2.50318,1.52468,0.00119258,0.00119258,0.00119258
466,1331.01,0.43352,0.75578,0.33124,0.82408,0.28832,0.61979,0.38659,0.22257,0.28133,0.61384,0.38133,0.20044,1.49335,3.83318,2.62859,1.51839,0.00119246,0.00119246,0.00119246
467,1333.87,0.44071,0.76789,0.3457,0.84021,0.25182,0.60417,0.36715,0.21699,0.28019,0.67634,0.40398,0.20354,1.4492,3.66047,2.60065,1.49513,0.00119233,0.00119233,0.00119233
468,1336.75,0.41713,0.70415,0.32845,0.81702,0.2556,0.61384,0.3492,0.21027,0.25998,0.62946,0.35318,0.19557,1.43411,3.45687,2.63595,1.46078,0.00119221,0.00119221,0.00119221
469,1339.64,0.43664,0.79341,0.34123,0.82451,0.31608,0.2914,0.2894,0.18524,0.31608,0.2914,0.29395,0.16855,1.39333,3.51162,2.75382,1.42363,0.00119209,0.00119209,0.00119209
470,1342.51,0.44626,0.68661,0.35986,0.82697,0.31847,0.26309,0.25559,0.16307,0.31847,0.26309,0.26395,0.1532,1.43264,3.65771,2.98737,1.42222,0.00119196,0.00119196,0.00119196
471,1345.41,0.44955,0.74785,0.36029,0.83003,0.36464,0.29401,0.2747,0.17443,0.34463,0.29836,0.28343,0.16181,1.40173,3.71221,3.11215,1.38625,0.00119184,0.00119184,0.00119184
472,1348.28,0.45341,0.78898,0.35682,0.81618,0.30717,0.37526,0.29157,0.18438,0.23301,0.67857,0.30775,0.17303,1.40371,3.7519,3.04594,1.3921,0.00119171,0.00119171,0.00119171
473,1351.17,0.4714,0.79524,0.3695,0.84407,0.34556,0.33966,0.29518,0.1787,0.34059,0.34209,0.30212,0.16676,1.43739,3.79957,3.04563,1.41649,0.00119159,0.00119159,0.00119159
474,1354.04,0.43748,0.73095,0.35024,0.82794,0.35429,0.37653,0.32115,0.19336,0.34712,0.37556,0.32957,0.18262,1.43437,3.79308,2.85576,1.42645,0.00119147,0.00119147,0.00119147
475,1356.92,0.42753,0.73225,0.3398,0.83127,0.5359,0.33333,0.36346,0.21286,0.52202,0.32738,0.36479,0.20711,1.4044,3.82552,2.74299,1.42024,0.00119134,0.00119134,0.00119134
476,1359.76,0.47089,0.78851,0.36842,0.85691,0.63632,0.33929,0.37532,0.21818,0.63228,0.34378,0.39142,0.21803,1.43515,3.75418,2.6786,1.44891,0.00119122,0.00119122,0.00119122
477,1362.65,0.46865,0.74895,0.34238,0.8386,0.62047,0.3589,0.37065,0.21818,0.60775,0.36251,0.38233,0.21733,1.46324,3.69292,2.68037,1.48351,0.0011911,0.0011911,0.0011911
478,1365.53,0.44428,0.74508,0.33782,0.83109,0.62004,0.32926,0.36542,0.21501,0.61129,0.33705,0.36943,0.218,1.53412,3.58978,2.77558,1.5113,0.00119097,0.00119097,0.00119097
479,1368.41,0.46592,0.8082,0.36333,0.85316,0.61331,0.36428,0.36909,0.2158,0.5925,0.3683,0.36428,0.22606,1.5691,3.44259,2.84363,1.51998,0.00119085,0.00119085,0.00119085
480,1371.27,0.44059,0.7275,0.34369,0.82517,0.5422,0.43685,0.3614,0.20739,0.52156,0.41528,0.34758,0.19849,1.56676,3.31157,2.76737,1.53629,0.00119072,0.00119072,0.00119072
481,1374.13,0.52099,0.89126,0.38625,0.87001,0.59066,0.44417,0.37617,0.21007,0.56864,0.42295,0.36604,0.20264,1.56245,3.24725,2.65787,1.52807,0.0011906,0.0011906,0.0011906
482,1377,0.48623,0.89271,0.38066,0.85707,0.64131,0.40037,0.37591,0.21792,0.62747,0.39442,0.37047,0.21137,1.59257,3.25214,2.57381,1.53161,0.00119048,0.00119048,0.00119048
483,1379.86,0.46712,0.78316,0.36598,0.84094,0.61318,0.38167,0.3713,0.21921,0.59918,0.37572,0.36779,0.20903,1.57834,3.29338,2.55806,1.51567,0.00119035,0.00119035,0.00119035
484,1382.74,0.44782,0.74451,0.33929,0.82821,0.69855,0.32961,0.374,0.21814,0.68412,0.32366,0.36735,0.21198,1.56265,3.30409,2.6117,1.52103,0.00119023,0.00119023,0.00119023
485,1385.62,0.43528,0.7238,0.33578,0.83571,0.67545,0.31984,0.35973,0.21987,0.64227,0.308,0.35628,0.2048,1.54417,3.36522,2.70642,1.51446,0.00119011,0.00119011,0.00119011
486,1388.56,0.42534,0.72831,0.32265,0.84031,0.6151,0.32697,0.35092,0.21797,0.57884,0.31511,0.34738,0.20798,1.54832,3.31997,2.83623,1.50688,0.00118998,0.00118998,0.00118998
487,1391.43,0.4648,0.79967,0.37066,0.84285,0.51297,0.33556,0.34954,0.21702,0.48485,0.3238,0.34393,0.2047,1.57183,3.30152,2.88556,1.50719,0.00118986,0.00118986,0.00118986
488,1394.29,0.43064,0.76993,0.34629,0.83101,0.54888,0.31159,0.36889,0.21765,0.53356,0.32191,0.38288,0.21382,1.56926,3.28846,2.82436,1.51865,0.00118973,0.00118973,0.00118973
489,1397.15,0.44451,0.7705,0.35578,0.82288,0.52947,0.32835,0.36117,0.21534,0.53946,0.33384,0.37872,0.20685,1.52887,3.3013,2.79037,1.50593,0.00118961,0.00118961,0.00118961
490,1400.02,0.43792,0.73618,0.34311,0.83968,0.6115,0.31982,0.36241,0.21802,0.62024,0.32577,0.39063,0.20737,1.5615,3.30602,2.71663,1.54905,0.00118949,0.00118949,0.00118949
491,1402.87,0.42588,0.78222,0.34011,0.82079,0.51981,0.32369,0.38289,0.22406,0.52913,0.32964,0.39783,0.21042,1.52422,3.35132,2.71078,1.52676,0.00118936,0.00118936,0.00118936
492,1405.75,0.44877,0.79334,0.35148,0.82516,0.5043,0.33792,0.33164,0.19286,0.51285,0.34387,0.34801,0.1868,1.49756,3.3774,2.80427,1.50056,0.00118924,0.00118924,0.00118924
493,1408.63,0.48614,0.88256,0.392,0.86091,0.44109,0.34003,0.35438,0.1866,0.44109,0.34003,0.34928,0.18696,1.50748,3.37574,2.89714,1.51262,0.00118912,0.00118912,0.00118912
494,1411.54,0.49583,0.87463,0.37486,0.85512,0.50213,0.32403,0.35387,0.19267,0.50926,0.31396,0.34777,0.19344,1.51909,3.41784,2.82286,1.52302,0.00118899,0.00118899,0.00118899
495,1414.42,0.42459,0.73524,0.33751,0.81676,0.36266,0.32812,0.34589,0.19727,0.35425,0.32217,0.34078,0.20632,1.50484,3.46978,2.69733,1.47868,0.00118887,0.00118887,0.00118887
496,1417.3,0.43205,0.76147,0.33599,0.82882,0.35863,0.35342,0.34035,0.19412,0.35072,0.34747,0.3345,0.20022,1.52416,3.59053,2.74831,1.45003,0.00118874,0.00118874,0.00118874
497,1420.18,0.47828,0.84926,0.38858,0.87654,0.32018,0.37723,0.33826,0.19253,0.33187,0.37128,0.33068,0.20525,1.52334,3.6852,2.84764,1.4707,0.00118862,0.00118862,0.00118862
498,1423.06,0.43809,0.79807,0.34468,0.81998,0.34834,0.32872,0.30973,0.18186,0.34441,0.29971,0.30227,0.17799,1.50493,3.7775,2.88645,1.48621,0.0011885,0.0011885,0.0011885
499,1425.93,0.42864,0.76643,0.33244,0.82377,0.32787,0.29724,0.29845,0.17225,0.34352,0.27409,0.28509,0.16523,1.47073,3.84376,2.91456,1.48263,0.00118837,0.00118837,0.00118837
500,1428.8,0.43254,0.77492,0.33476,0.82362,0.20733,0.47545,0.28014,0.17112,0.27161,0.27902,0.26733,0.15567,1.46841,3.88669,3.05703,1.47558,0.00118825,0.00118825,0.00118825
501,1431.67,0.4485,0.82429,0.34188,0.85467,0.21671,0.47917,0.28729,0.17252,0.206,0.46131,0.27872,0.16927,1.52864,3.78881,3.22185,1.51147,0.00118812,0.00118812,0.00118812
502,1434.51,0.46364,0.76924,0.35828,0.84491,0.24579,0.51786,0.3076,0.17569,0.24627,0.52753,0.30649,0.18171,1.55083,3.61397,3.33657,1.53741,0.001188,0.001188,0.001188
503,1437.4,0.45559,0.80858,0.35274,0.83737,0.23646,0.5,0.30931,0.18251,0.23611,0.50967,0.31573,0.18438,1.56918,3.47221,3.4304,1.56431,0.00118788,0.00118788,0.00118788
504,1440.28,0.42706,0.76634,0.33102,0.83131,0.25494,0.51935,0.32077,0.19396,0.25949,0.53497,0.33572,0.19091,1.59577,3.4825,3.3959,1.58048,0.00118775,0.00118775,0.00118775
505,1443.17,0.41571,0.76465,0.31868,0.83825,0.24322,0.53497,0.3249,0.1998,0.26336,0.60342,0.34585,0.19412,1.65939,3.54683,3.44372,1.62173,0.00118763,0.00118763,0.00118763
506,1446.05,0.45871,0.79061,0.36902,0.84316,0.27246,0.57812,0.34732,0.2171,0.26691,0.5625,0.34803,0.20218,1.69036,3.53401,3.39301,1.65308,0.00118751,0.00118751,0.00118751
507,1448.93,0.44027,0.77063,0.33491,0.82902,0.27372,0.57812,0.36117,0.22287,0.27372,0.57812,0.36226,0.20567,1.69532,3.54052,3.34496,1.65975,0.00118738,0.00118738,0.00118738
508,1451.79,0.41306,0.7645,0.32118,0.81339,0.26223,0.5625,0.35732,0.21652,0.26959,0.57812,0.36211,0.20053,1.70239,3.52641,3.31053,1.6596,0.00118726,0.00118726,0.00118726
509,1454.65,0.42279,0.71287,0.33046,0.82897,0.25286,0.55655,0.36136,0.21337,0.26001,0.57217,0.37347,0.20057,1.68989,3.53547,3.22322,1.63974,0.00118713,0.00118713,0.00118713
510,1457.53,0.42458,0.7422,0.34083,0.83496,0.43728,0.36927,0.37418,0.21692,0.43666,0.36951,0.38703,0.20466,1.65128,3.64043,2.99018,1.59895,0.00118701,0.00118701,0.00118701
511,1460.39,0.4627,0.79682,0.37774,0.83731,0.45771,0.40403,0.39826,0.22165,0.44864,0.39808,0.4004,0.21165,1.65682,3.60803,2.89155,1.59823,0.00118689,0.00118689,0.00118689
512,1463.26,0.43805,0.7535,0.34207,0.83516,0.48682,0.43848,0.3916,0.20811,0.47841,0.43253,0.38508,0.20727,1.62734,3.53097,2.84638,1.57977,0.00118676,0.00118676,0.00118676
513,1466.14,0.43626,0.74621,0.32563,0.82233,0.46484,0.39296,0.3755,0.20593,0.44683,0.38319,0.37534,0.19785,1.61825,3.51771,2.77629,1.60649,0.00118664,0.00118664,0.00118664
514,1469.01,0.40767,0.70532,0.32015,0.83234,0.59147,0.33086,0.39394,0.21714,0.46295,0.42733,0.40175,0.2096,1.60836,3.53862,2.68476,1.62525,0.00118652,0.00118652,0.00118652
515,1471.91,0.40549,0.69111,0.32105,0.82141,0.50345,0.35536,0.41783,0.23366,0.43464,0.43155,0.41726,0.21854,1.63157,3.54233,2.67613,1.66061,0.00118639,0.00118639,0.00118639
516,1474.77,0.40267,0.74104,0.32843,0.82622,0.51398,0.36009,0.40766,0.2258,0.5206,0.41964,0.41282,0.213,1.60726,3.53591,2.71098,1.6401,0.00118627,0.00118627,0.00118627
517,1477.65,0.40145,0.77594,0.35384,0.83674,0.46711,0.44309,0.44916,0.24517,0.45284,0.4256,0.45191,0.23444,1.59088,3.61765,2.69437,1.63348,0.00118614,0.00118614,0.00118614
518,1480.54,0.43881,0.74536,0.33239,0.82465,0.6253,0.34301,0.41918,0.22985,0.43613,0.47922,0.42881,0.22771,1.63306,3.76233,2.75061,1.66123,0.00118602,0.00118602,0.00118602
519,1483.38,0.41104,0.71682,0.3239,0.83461,0.62717,0.25893,0.36812,0.21231,0.57403,0.33705,0.39957,0.21587,1.65322,3.86882,2.78915,1.65084,0.0011859,0.0011859,0.0011859
520,1486.29,0.4376,0.77789,0.34616,0.83715,0.52636,0.34298,0.3562,0.19444,0.51433,0.3345,0.35106,0.1914,1.65291,3.92858,2.8403,1.64451,0.00118577,0.00118577,0.00118577
521,1489.17,0.41176,0.74038,0.34677,0.82561,0.59445,0.25475,0.34027,0.19287,0.39285,0.37549,0.34293,0.19885,1.59013,3.94867,2.94032,1.64614,0.00118565,0.00118565,0.00118565
522,1492.03,0.44675,0.79691,0.35783,0.82392,0.46896,0.25298,0.32382,0.19799,0.31886,0.36086,0.33494,0.18232,1.60266,3.88266,2.98597,1.66403,0.00118553,0.00118553,0.00118553
523,1494.89,0.4159,0.77664,0.34562,0.82448,0.33372,0.36598,0.33464,0.20518,0.37707,0.43126,0.33625,0.17746,1.56598,3.80749,3.07237,1.66044,0.0011854,0.0011854,0.0011854
524,1497.79,0.41928,0.7133,0.34206,0.81639,0.34401,0.36086,0.34061,0.19926,0.38349,0.42144,0.34235,0.18089,1.58509,3.85023,3.07693,1.68721,0.00118528,0.00118528,0.00118528
525,1500.7,0.44654,0.79088,0.35949,0.83692,0.38202,0.33799,0.34127,0.1999,0.40585,0.3944,0.36992,0.19958,1.59206,3.77785,3.07997,1.64569,0.00118516,0.00118516,0.00118516
526,1503.57,0.46467,0.77262,0.35871,0.84836,0.36588,0.31816,0.31568,0.18219,0.38788,0.37471,0.33897,0.18073,1.58927,3.68452,3.14857,1.58906,0.00118503,0.00118503,0.00118503
527,1506.43,0.44458,0.8899,0.34585,0.82673,0.37882,0.31789,0.33295,0.19053,0.39796,0.38599,0.34217,0.18561,1.58101,3.60385,3.13877,1.56723,0.00118491,0.00118491,0.00118491
528,1509.29,0.43979,0.75517,0.32519,0.83066,0.37232,0.31914,0.31923,0.18043,0.3816,0.37569,0.32129,0.18094,1.54812,3.5465,3.14972,1.55322,0.00118478,0.00118478,0.00118478
529,1512.22,0.40201,0.74368,0.33617,0.81937,0.37361,0.33236,0.31889,0.18263,0.39476,0.3939,0.32181,0.17826,1.53487,3.54772,3.11143,1.56378,0.00118466,0.00118466,0.00118466
530,1515.08,0.41545,0.76772,0.33475,0.82116,0.43784,0.27964,0.31061,0.18131,0.35788,0.38188,0.32626,0.17628,1.55426,3.56383,3.17296,1.57767,0.00118454,0.00118454,0.00118454
531,1517.96,0.45806,0.80091,0.33685,0.81641,0.56873,0.2567,0.31964,0.18192,0.44838,0.33701,0.33869,0.18942,1.56059,3.67323,3.12621,1.5993,0.00118441,0.00118441,0.00118441
532,1520.83,0.44365,0.72678,0.35259,0.83838,0.51024,0.27581,0.37309,0.20578,0.49386,0.34301,0.38366,0.22415,1.60249,3.72065,2.93696,1.65529,0.00118429,0.00118429,0.00118429
533,1523.74,0.41954,0.73608,0.31214,0.81771,0.39307,0.36905,0.35954,0.19718,0.4052,0.41964,0.36681,0.21482,1.63203,3.76542,2.7704,1.69867,0.00118417,0.00118417,0.00118417
534,1526.64,0.41317,0.72296,0.33071,0.82393,0.49628,0.32961,0.35065,0.19737,0.49156,0.40186,0.36246,0.20667,1.61237,3.84362,2.66462,1.71073,0.00118404,0.00118404,0.00118404
535,1529.53,0.43343,0.75121,0.32463,0.82877,0.45057,0.37277,0.34714,0.20593,0.41825,0.37093,0.34061,0.19924,1.60774,3.91589,2.67701,1.70439,0.00118392,0.00118392,0.00118392
536,1532.43,0.4269,0.7378,0.32324,0.82115,0.39413,0.38071,0.34635,0.21313,0.40812,0.43304,0.36234,0.20689,1.57064,3.9691,2.67257,1.68088,0.00118379,0.00118379,0.00118379
537,1535.3,0.40844,0.72108,0.32671,0.83011,0.3247,0.45908,0.35266,0.21667,0.34949,0.53125,0.37625,0.19872,1.57288,3.95912,2.68727,1.66173,0.00118367,0.00118367,0.00118367
538,1538.17,0.41463,0.70361,0.32368,0.80689,0.4064,0.33912,0.35157,0.21242,0.43356,0.40145,0.38161,0.20851,1.5797,3.92162,2.84623,1.66985,0.00118355,0.00118355,0.00118355
539,1541.04,0.41066,0.70345,0.31446,0.82391,0.40014,0.33737,0.34212,0.21743,0.44835,0.40368,0.37426,0.20115,1.55972,3.88907,3.01448,1.65311,0.00118342,0.00118342,0.00118342
540,1543.95,0.43391,0.69622,0.32121,0.83081,0.38327,0.34301,0.31555,0.20129,0.43656,0.39955,0.35223,0.1844,1.52259,3.79649,3.05982,1.59432,0.0011833,0.0011833,0.0011833
541,1546.78,0.40156,0.6612,0.32717,0.83499,0.41824,0.31204,0.31165,0.1898,0.49306,0.35891,0.34917,0.18231,1.53335,3.6486,3.0676,1.59194,0.00118317,0.00118317,0.00118317
542,1549.64,0.40433,0.73847,0.34233,0.81593,0.75158,0.26171,0.30761,0.18334,0.4555,0.33261,0.32855,0.1677,1.5313,3.51931,2.99427,1.611,0.00118305,0.00118305,0.00118305
543,1552.52,0.44607,0.70905,0.34089,0.82737,0.39224,0.29241,0.31317,0.18691,0.38852,0.30208,0.36228,0.17058,1.54363,3.53413,2.90257,1.64237,0.00118293,0.00118293,0.00118293
544,1555.39,0.46652,0.74524,0.35813,0.84176,0.60338,0.3324,0.32103,0.19797,0.59962,0.34232,0.3666,0.1773,1.55399,3.61764,2.93472,1.65782,0.0011828,0.0011828,0.0011828
545,1558.25,0.44217,0.72136,0.33907,0.82913,0.58514,0.39475,0.32714,0.18983,0.56931,0.39456,0.35343,0.17719,1.57691,3.58364,2.90094,1.68855,0.00118268,0.00118268,0.00118268
546,1561.13,0.41779,0.70281,0.3344,0.82425,0.30191,0.38839,0.32468,0.18495,0.28977,0.38244,0.37301,0.1768,1.57481,3.57499,2.94395,1.6538,0.00118256,0.00118256,0.00118256
547,1564.01,0.45498,0.78017,0.34043,0.83957,0.33896,0.45685,0.33104,0.18854,0.39327,0.52902,0.38413,0.17499,1.58469,3.60041,2.84669,1.64068,0.00118243,0.00118243,0.00118243
548,1566.88,0.41447,0.70281,0.33167,0.8235,0.38348,0.39457,0.3412,0.18948,0.36263,0.51953,0.36706,0.18059,1.62073,3.61757,2.84581,1.67838,0.00118231,0.00118231,0.00118231
549,1569.75,0.42393,0.75894,0.34105,0.83162,0.41224,0.36957,0.3457,0.19405,0.34324,0.46911,0.36319,0.18138,1.63344,3.58914,2.80632,1.69935,0.00118219,0.00118219,0.00118219
550,1572.63,0.4023,0.71773,0.32911,0.81906,0.45249,0.3631,0.34205,0.18903,0.43025,0.35133,0.34762,0.17468,1.64035,3.68585,2.70516,1.70535,0.00118206,0.00118206,0.00118206
551,1575.51,0.45609,0.76682,0.35221,0.85647,0.35406,0.43751,0.32246,0.16888,0.33825,0.41841,0.32994,0.15853,1.6796,3.84093,2.74393,1.72649,0.00118194,0.00118194,0.00118194
552,1578.36,0.44838,0.72093,0.34764,0.82204,0.38545,0.43403,0.32062,0.16661,0.3794,0.42633,0.32741,0.15746,1.71427,3.91299,2.79546,1.75368,0.00118181,0.00118181,0.00118181
553,1581.24,0.43118,0.69084,0.35896,0.85309,0.36526,0.4045,0.29419,0.16372,0.36197,0.40076,0.28555,0.1441,1.66774,3.85089,2.8488,1.72545,0.00118169,0.00118169,0.00118169
554,1584.1,0.42395,0.69888,0.33722,0.82928,0.36882,0.38258,0.29885,0.17556,0.36882,0.38258,0.29229,0.15703,1.62916,3.80746,2.90934,1.68977,0.00118157,0.00118157,0.00118157
555,1586.98,0.41551,0.72428,0.3207,0.82869,0.39373,0.39346,0.30777,0.171,0.39431,0.38692,0.30347,0.15333,1.63594,3.86734,3.00357,1.69293,0.00118144,0.00118144,0.00118144
556,1589.89,0.43483,0.77074,0.33341,0.83764,0.37995,0.36375,0.29453,0.16518,0.37995,0.36375,0.28794,0.15317,1.63746,3.94731,3.1349,1.68468,0.00118132,0.00118132,0.00118132
557,1592.77,0.43459,0.76394,0.3396,0.83595,0.39063,0.36086,0.29531,0.1625,0.39063,0.36086,0.28487,0.1612,1.61924,4.01204,3.15264,1.67003,0.0011812,0.0011812,0.0011812
558,1595.65,0.4188,0.6824,0.33743,0.83087,0.48118,0.3058,0.31326,0.17673,0.47164,0.29018,0.2985,0.17739,1.63703,3.87935,3.20154,1.6631,0.00118107,0.00118107,0.00118107
559,1598.54,0.42556,0.71589,0.32396,0.82901,0.48291,0.33621,0.37289,0.20266,0.4714,0.32059,0.35549,0.1947,1.63613,3.80601,3.18184,1.6583,0.00118095,0.00118095,0.00118095
560,1601.41,0.42765,0.71176,0.34235,0.83038,0.42459,0.32454,0.32005,0.18885,0.41218,0.30616,0.31378,0.18462,1.6472,3.61858,3.1033,1.68041,0.00118082,0.00118082,0.00118082
561,1604.33,0.41023,0.74584,0.32204,0.81356,0.42525,0.33649,0.34093,0.19585,0.33263,0.3234,0.31066,0.19462,1.60039,3.46458,3.03325,1.62954,0.0011807,0.0011807,0.0011807
562,1607.22,0.39926,0.71216,0.32493,0.81639,0.25361,0.52604,0.3282,0.1875,0.24382,0.50446,0.31474,0.18729,1.62882,3.43397,3.01477,1.61953,0.00118058,0.00118058,0.00118058
563,1610.08,0.43509,0.75014,0.34266,0.83485,0.27141,0.55134,0.33396,0.19471,0.26141,0.53571,0.32,0.19334,1.62354,3.4803,2.94686,1.63026,0.00118045,0.00118045,0.00118045
564,1613.03,0.42087,0.76517,0.32151,0.80835,0.26638,0.55729,0.34123,0.19988,0.25253,0.53571,0.32599,0.19508,1.57215,3.47183,2.94364,1.59434,0.00118033,0.00118033,0.00118033
565,1615.95,0.43604,0.7068,0.33781,0.82784,0.25133,0.55134,0.3422,0.19334,0.22977,0.51786,0.32032,0.1945,1.52677,3.47074,2.93371,1.54552,0.0011802,0.0011802,0.0011802
566,1618.85,0.45705,0.81379,0.34852,0.8287,0.22249,0.47693,0.31836,0.18334,0.33283,0.28378,0.31163,0.18606,1.51668,3.46174,2.87497,1.53446,0.00118008,0.00118008,0.00118008
567,1621.73,0.44734,0.82043,0.34959,0.83202,0.30918,0.35629,0.31886,0.1751,0.3148,0.3006,0.31119,0.18255,1.54433,3.37261,2.75759,1.56205,0.00117996,0.00117996,0.00117996
568,1624.61,0.44518,0.81277,0.3468,0.83087,0.24654,0.48884,0.33407,0.19011,0.25715,0.53943,0.34326,0.19494,1.53458,3.40154,2.76001,1.55951,0.00117983,0.00117983,0.00117983
569,1627.53,0.43535,0.78257,0.33641,0.82885,0.28461,0.37522,0.32011,0.18199,0.25384,0.46131,0.31912,0.18672,1.47454,3.44029,2.81311,1.5144,0.00117971,0.00117971,0.00117971
570,1630.41,0.43505,0.76651,0.34474,0.83328,0.33631,0.28856,0.30665,0.17943,0.25132,0.44568,0.3132,0.18199,1.43468,3.42067,2.8662,1.46444,0.00117959,0.00117959,0.00117959
571,1633.33,0.42298,0.7239,0.32374,0.82341,0.23098,0.41443,0.31287,0.18692,0.23124,0.42411,0.31365,0.1858,1.45309,3.42281,2.98483,1.46522,0.00117946,0.00117946,0.00117946
572,1636.23,0.42978,0.71846,0.33474,0.83364,0.3144,0.36339,0.31284,0.18218,0.31494,0.37306,0.31083,0.18424,1.46936,3.50555,3.03118,1.48168,0.00117934,0.00117934,0.00117934
573,1639.12,0.42271,0.66265,0.3312,0.82359,0.24031,0.48884,0.33917,0.2019,0.24098,0.49851,0.33979,0.20151,1.49847,3.50808,2.92702,1.4981,0.00117921,0.00117921,0.00117921
574,1642,0.41521,0.7064,0.30192,0.82613,0.22667,0.48289,0.31659,0.18877,0.7158,0.24926,0.31032,0.18716,1.52817,3.49906,2.90815,1.51912,0.00117909,0.00117909,0.00117909
575,1644.87,0.42555,0.74967,0.33443,0.84665,0.42859,0.36086,0.32861,0.18857,0.39132,0.3605,0.33192,0.19713,1.55611,3.52777,2.96748,1.5374,0.00117897,0.00117897,0.00117897
576,1647.75,0.41968,0.68767,0.34621,0.8213,0.55928,0.35238,0.37716,0.21633,0.55928,0.35238,0.38653,0.22938,1.57347,3.49982,2.97815,1.55988,0.00117884,0.00117884,0.00117884
577,1650.6,0.43122,0.68828,0.33351,0.83791,0.53443,0.34419,0.38245,0.21439,0.53443,0.34419,0.40756,0.23464,1.58555,3.51032,2.99601,1.53672,0.00117872,0.00117872,0.00117872
578,1653.52,0.44395,0.78692,0.33905,0.82524,0.47126,0.34696,0.38581,0.21452,0.37394,0.43899,0.41452,0.23471,1.56656,3.53663,2.89813,1.51753,0.0011786,0.0011786,0.0011786
579,1656.4,0.41902,0.74057,0.33883,0.8276,0.41496,0.39807,0.41141,0.23506,0.44442,0.47472,0.42297,0.23797,1.5064,3.57646,2.76262,1.48519,0.00117847,0.00117847,0.00117847
580,1659.32,0.43022,0.72305,0.33194,0.83406,0.45207,0.42458,0.43337,0.25648,0.45318,0.48364,0.44884,0.2512,1.45551,3.63702,2.74283,1.46152,0.00117835,0.00117835,0.00117835
581,1662.2,0.43524,0.75815,0.33809,0.82177,0.5932,0.40395,0.43172,0.25057,0.5932,0.40395,0.44537,0.24703,1.42494,3.68551,2.65575,1.44558,0.00117822,0.00117822,0.00117822
582,1665.09,0.4241,0.67965,0.3274,0.82778,0.5583,0.42424,0.42994,0.25009,0.5583,0.42424,0.44934,0.24039,1.43615,3.78657,2.63948,1.4725,0.0011781,0.0011781,0.0011781
583,1667.97,0.42874,0.7277,0.34543,0.82418,0.54429,0.43899,0.42208,0.24528,0.54429,0.43899,0.44546,0.22668,1.47981,3.90522,2.62564,1.51158,0.00117798,0.00117798,0.00117798
584,1670.83,0.4298,0.73898,0.32549,0.82244,0.59826,0.37054,0.41642,0.23576,0.59826,0.37054,0.44299,0.22105,1.48006,3.95961,2.66419,1.50348,0.00117785,0.00117785,0.00117785
585,1673.71,0.44913,0.74955,0.3397,0.83115,0.53647,0.37054,0.38118,0.21249,0.53647,0.37054,0.39711,0.20473,1.50507,3.97811,2.79558,1.50471,0.00117773,0.00117773,0.00117773
586,1676.6,0.402,0.70303,0.31675,0.81786,0.6055,0.3871,0.402,0.2181,0.6055,0.3871,0.42196,0.20908,1.53714,3.98226,2.83574,1.52417,0.00117761,0.00117761,0.00117761
587,1679.5,0.42953,0.7356,0.33726,0.83257,0.64107,0.3684,0.3869,0.2106,0.64107,0.3684,0.40534,0.20008,1.55364,3.96633,2.9681,1.53363,0.00117748,0.00117748,0.00117748
588,1682.4,0.41183,0.6901,0.33547,0.82693,0.59783,0.35758,0.3798,0.21118,0.59783,0.35758,0.40371,0.2016,1.54487,3.92917,2.94736,1.5178,0.00117736,0.00117736,0.00117736
589,1685.27,0.42392,0.77422,0.33635,0.81449,0.50576,0.36293,0.37014,0.19252,0.48705,0.34731,0.36964,0.20046,1.55042,3.85944,2.97821,1.51677,0.00117724,0.00117724,0.00117724
590,1688.15,0.41126,0.67157,0.32159,0.8189,0.47841,0.37426,0.33329,0.17851,0.46153,0.35863,0.33108,0.18191,1.50796,3.7193,3.08183,1.47847,0.00117711,0.00117711,0.00117711
591,1691.04,0.43281,0.81214,0.34311,0.83358,0.50829,0.34209,0.33005,0.18041,0.47171,0.31124,0.32058,0.18427,1.48042,3.6782,3.10627,1.46186,0.00117699,0.00117699,0.00117699
592,1693.91,0.4319,0.67008,0.3413,0.83136,0.58678,0.30772,0.36185,0.20403,0.36465,0.38891,0.36245,0.19995,1.51108,3.63065,3.07189,1.4821,0.00117686,0.00117686,0.00117686
593,1696.8,0.42909,0.66776,0.33473,0.83897,0.39612,0.38244,0.36598,0.201,0.36482,0.39635,0.38181,0.19743,1.54869,3.6038,3.05184,1.54191,0.00117674,0.00117674,0.00117674
594,1699.7,0.42044,0.87722,0.35267,0.84052,0.53526,0.3058,0.35273,0.20153,0.36063,0.37855,0.3847,0.2003,1.56732,3.53301,3.17816,1.54553,0.00117662,0.00117662,0.00117662
595,1702.59,0.44914,0.86376,0.35771,0.83975,0.35631,0.36906,0.37952,0.20828,0.3869,0.43576,0.40561,0.21395,1.59072,3.49385,3.31409,1.53736,0.00117649,0.00117649,0.00117649
596,1705.5,0.43686,0.73076,0.33575,0.83154,0.7243,0.28086,0.4056,0.22125,0.44315,0.47812,0.42451,0.22819,1.59667,3.44493,3.37213,1.55763,0.00117637,0.00117637,0.00117637
597,1708.38,0.44509,0.85101,0.3557,0.85122,0.47441,0.41074,0.38872,0.22729,0.49014,0.47634,0.42284,0.21846,1.60685,3.37286,3.42466,1.56641,0.00117625,0.00117625,0.00117625
598,1711.26,0.41148,0.71817,0.33546,0.81633,0.45956,0.39169,0.37263,0.22339,0.44167,0.39276,0.38779,0.20843,1.61437,3.36818,3.51456,1.58461,0.00117612,0.00117612,0.00117612
599,1714.13,0.40841,0.7244,0.34044,0.81938,0.4265,0.29846,0.36223,0.21446,0.40776,0.30172,0.36973,0.20504,1.62664,3.4039,3.60932,1.58669,0.001176,0.001176,0.001176
600,1717.02,0.42817,0.7419,0.35064,0.82871,0.46409,0.33821,0.36953,0.21538,0.44083,0.32258,0.38007,0.21169,1.6252,3.42388,3.42939,1.60128,0.00117587,0.00117587,0.00117587
601,1719.93,0.41011,0.75476,0.3267,0.82996,0.4858,0.33143,0.37987,0.20568,0.4488,0.35342,0.3886,0.2063,1.5833,3.35551,3.08898,1.58677,0.00117575,0.00117575,0.00117575
602,1722.82,0.4314,0.69629,0.32906,0.81755,0.46046,0.33517,0.3411,0.18843,0.42035,0.37048,0.37072,0.19055,1.57933,3.36012,2.87451,1.58237,0.00117563,0.00117563,0.00117563
603,1725.7,0.42295,0.71075,0.34017,0.81069,0.43631,0.38297,0.34887,0.19206,0.43835,0.39161,0.37867,0.1942,1.62854,3.50344,2.95718,1.59201,0.0011755,0.0011755,0.0011755
604,1728.6,0.42084,0.74948,0.35795,0.82861,0.46232,0.36495,0.36776,0.20506,0.49762,0.38617,0.42129,0.20097,1.63346,3.67858,3.00051,1.60983,0.00117538,0.00117538,0.00117538
605,1731.49,0.42326,0.73731,0.34342,0.82766,0.49971,0.35871,0.38859,0.21276,0.57688,0.43894,0.49524,0.22192,1.64648,3.84153,2.9486,1.61719,0.00117526,0.00117526,0.00117526
606,1734.4,0.39799,0.68519,0.31083,0.81742,0.53895,0.36998,0.39389,0.22567,0.59067,0.43333,0.47186,0.22881,1.64595,3.90012,2.89798,1.60969,0.00117513,0.00117513,0.00117513
607,1737.28,0.41391,0.70741,0.32597,0.82243,0.44669,0.35819,0.38231,0.2148,0.46527,0.38944,0.42061,0.21914,1.60633,3.92942,2.78213,1.59421,0.00117501,0.00117501,0.00117501
608,1740.18,0.43529,0.77404,0.34418,0.83213,0.41047,0.34152,0.38303,0.2247,0.27763,0.61607,0.40852,0.21641,1.58108,3.89676,2.64003,1.58324,0.00117488,0.00117488,0.00117488
609,1743.09,0.42425,0.75141,0.33059,0.81052,0.40074,0.34161,0.38104,0.21627,0.40658,0.35913,0.39187,0.20634,1.60549,3.84599,2.75071,1.62626,0.00117476,0.00117476,0.00117476
610,1745.99,0.46967,0.77413,0.34694,0.84259,0.45389,0.40636,0.36508,0.20967,0.4522,0.40693,0.38112,0.20522,1.58287,3.83543,2.60948,1.62953,0.00117464,0.00117464,0.00117464
611,1748.9,0.40492,0.66168,0.31889,0.8161,0.41329,0.39268,0.35755,0.20147,0.419,0.42222,0.42187,0.20762,1.58544,3.86043,2.54951,1.63477,0.00117451,0.00117451,0.00117451
612,1751.78,0.43495,0.74673,0.32889,0.83619,0.47232,0.37128,0.37923,0.21318,0.4541,0.37128,0.42331,0.21845,1.6065,3.84391,2.37263,1.67029,0.00117439,0.00117439,0.00117439
613,1754.64,0.42484,0.74326,0.33978,0.84624,0.48969,0.37904,0.40036,0.22311,0.46976,0.38048,0.43756,0.232,1.5845,3.8984,2.21165,1.64972,0.00117426,0.00117426,0.00117426
614,1757.54,0.41181,0.71305,0.33176,0.81658,0.52193,0.38699,0.41182,0.23956,0.48559,0.38064,0.42028,0.23252,1.53093,3.86914,2.1342,1.61091,0.00117414,0.00117414,0.00117414
615,1760.46,0.39715,0.70897,0.31566,0.81579,0.4654,0.42713,0.43242,0.25489,0.447,0.42511,0.42213,0.23162,1.53069,3.86174,2.05351,1.62244,0.00117402,0.00117402,0.00117402
616,1763.33,0.39713,0.66245,0.33257,0.82558,0.48809,0.51786,0.4364,0.26155,0.48223,0.51786,0.42077,0.23908,1.54219,3.85334,2.13102,1.61582,0.00117389,0.00117389,0.00117389
617,1766.19,0.41335,0.6888,0.3143,0.83396,0.56252,0.4481,0.44886,0.26539,0.55652,0.4481,0.43304,0.24395,1.60136,3.83471,2.33094,1.66133,0.00117377,0.00117377,0.00117377
618,1769.09,0.41314,0.7497,0.35956,0.82233,0.48931,0.44174,0.42102,0.24717,0.47576,0.42612,0.39421,0.22789,1.58784,3.78863,2.16902,1.66558,0.00117365,0.00117365,0.00117365
619,1771.96,0.39049,0.7063,0.32763,0.81226,0.50097,0.40625,0.39597,0.23378,0.45978,0.375,0.3557,0.20815,1.57921,3.64733,2.09273,1.67365,0.00117352,0.00117352,0.00117352
620,1774.85,0.43602,0.77878,0.36317,0.82491,0.42091,0.38318,0.3724,0.20768,0.37815,0.34598,0.33176,0.19969,1.55393,3.59242,2.21989,1.62756,0.0011734,0.0011734,0.0011734
621,1777.76,0.39973,0.71196,0.32271,0.81971,0.39099,0.34226,0.34184,0.18486,0.35866,0.32101,0.30741,0.18803,1.52282,3.61885,2.47337,1.59417,0.00117327,0.00117327,0.00117327
622,1780.66,0.41514,0.6849,0.3455,0.81067,0.36065,0.37503,0.32902,0.17633,0.34996,0.3638,0.33432,0.18723,1.5289,3.68348,2.54527,1.56882,0.00117315,0.00117315,0.00117315
623,1783.52,0.41082,0.67283,0.33145,0.83978,0.34528,0.3727,0.35263,0.17366,0.30674,0.33202,0.33131,0.19491,1.54844,3.77557,2.47166,1.58502,0.00117303,0.00117303,0.00117303
624,1786.42,0.40213,0.65187,0.31419,0.80859,0.33358,0.31551,0.37123,0.18513,0.66882,0.25967,0.35049,0.20016,1.56182,3.82815,2.53185,1.59488,0.0011729,0.0011729,0.0011729
625,1789.3,0.42331,0.69834,0.33507,0.83165,0.73951,0.26508,0.36634,0.18788,0.72085,0.26523,0.36926,0.20051,1.58854,3.7976,2.47008,1.62179,0.00117278,0.00117278,0.00117278
626,1792.17,0.41414,0.66945,0.33555,0.83188,0.33954,0.32978,0.36313,0.20047,0.26872,0.62202,0.37983,0.20823,1.60251,3.72566,2.55998,1.6224,0.00117266,0.00117266,0.00117266
627,1795.08,0.40556,0.64849,0.31693,0.81892,0.63125,0.33601,0.35766,0.19391,0.27472,0.57887,0.37019,0.1981,1.65917,3.64231,2.72597,1.6857,0.00117253,0.00117253,0.00117253
628,1797.96,0.39069,0.68996,0.31003,0.83189,0.2358,0.52976,0.34494,0.18546,0.26705,0.59226,0.35877,0.18679,1.69715,3.61732,2.78749,1.7375,0.00117241,0.00117241,0.00117241
629,1800.87,0.41091,0.71089,0.32754,0.82663,0.25327,0.53943,0.34344,0.18636,0.27666,0.59598,0.33786,0.18181,1.6972,3.61856,2.84479,1.75052,0.00117229,0.00117229,0.00117229
630,1803.81,0.43453,0.72101,0.31971,0.81215,0.34933,0.41386,0.34903,0.19149,0.28757,0.58036,0.3542,0.18409,1.6804,3.56537,2.96575,1.7254,0.00117216,0.00117216,0.00117216
631,1806.67,0.43126,0.69709,0.32591,0.83316,0.39916,0.36106,0.33766,0.19148,0.27157,0.54911,0.33561,0.18293,1.65678,3.57977,3.08265,1.70854,0.00117204,0.00117204,0.00117204
632,1809.56,0.42022,0.72977,0.32427,0.82168,0.43466,0.32365,0.34205,0.19181,0.42029,0.31811,0.33851,0.17782,1.67425,3.58165,3.06643,1.71168,0.00117191,0.00117191,0.00117191
633,1812.46,0.42863,0.72345,0.33001,0.8327,0.4185,0.32508,0.33925,0.19385,0.40246,0.3163,0.33714,0.18234,1.68115,3.60039,3.11148,1.70653,0.00117179,0.00117179,0.00117179
634,1815.36,0.39304,0.73122,0.33073,0.83192,0.54954,0.25955,0.34342,0.19808,0.54954,0.25955,0.34615,0.19546,1.65692,3.6244,3.10533,1.65908,0.00117167,0.00117167,0.00117167
635,1818.22,0.41521,0.77523,0.3249,0.8455,0.55929,0.2696,0.3496,0.1958,0.55929,0.2696,0.35396,0.19722,1.66264,3.67274,3.09729,1.65142,0.00117154,0.00117154,0.00117154
636,1821.12,0.40468,0.72064,0.33235,0.81116,0.54634,0.29171,0.35127,0.1877,0.54634,0.29171,0.34888,0.18871,1.65584,3.73959,3.12199,1.61962,0.00117142,0.00117142,0.00117142
637,1823.99,0.41526,0.72588,0.31803,0.82242,0.49783,0.28583,0.36595,0.19551,0.49783,0.28583,0.35178,0.18917,1.63685,3.76317,3.16291,1.60149,0.00117129,0.00117129,0.00117129
638,1826.9,0.40563,0.70685,0.31678,0.81333,0.45039,0.29675,0.33918,0.18902,0.42999,0.27492,0.312,0.17974,1.58482,3.80288,3.2676,1.56596,0.00117117,0.00117117,0.00117117
639,1829.8,0.42662,0.71676,0.31916,0.83805,0.42657,0.28795,0.33902,0.19426,0.4099,0.27232,0.3149,0.17646,1.5582,3.77701,3.42883,1.58239,0.00117105,0.00117105,0.00117105
640,1832.71,0.42445,0.70602,0.32557,0.83541,0.46749,0.3712,0.34896,0.2019,0.44124,0.33823,0.32835,0.18613,1.51943,3.74725,3.38752,1.56606,0.00117092,0.00117092,0.00117092
641,1835.59,0.43695,0.7122,0.33205,0.83284,0.41624,0.35808,0.33544,0.20301,0.40698,0.33899,0.31591,0.18528,1.50176,3.68371,3.25055,1.54619,0.0011708,0.0011708,0.0011708
642,1838.47,0.41124,0.69108,0.32679,0.82642,0.45147,0.4208,0.3655,0.20856,0.42897,0.38817,0.34155,0.19766,1.48154,3.60485,3.18801,1.50954,0.00117068,0.00117068,0.00117068
643,1841.36,0.42204,0.80513,0.33985,0.83114,0.44566,0.40605,0.3618,0.2035,0.42847,0.39414,0.34026,0.20049,1.50809,3.49602,3.1062,1.51354,0.00117055,0.00117055,0.00117055
644,1844.25,0.40292,0.7048,0.31795,0.81044,0.43627,0.39526,0.35756,0.19737,0.43619,0.39948,0.3578,0.20168,1.52236,3.41057,3.13158,1.53101,0.00117043,0.00117043,0.00117043
645,1847.14,0.44163,0.77006,0.34886,0.83804,0.41499,0.34836,0.34804,0.19367,0.41499,0.34836,0.35024,0.19632,1.53316,3.44151,3.07539,1.53814,0.0011703,0.0011703,0.0011703
646,1850,0.39628,0.6816,0.3149,0.80959,0.37774,0.4747,0.36128,0.20178,0.36724,0.45984,0.35798,0.20236,1.5369,3.53341,3.0169,1.53626,0.00117018,0.00117018,0.00117018
647,1852.89,0.40346,0.73107,0.32213,0.81938,0.44192,0.35943,0.37911,0.20744,0.43265,0.35348,0.37405,0.2116,1.57808,3.6356,2.96657,1.56157,0.00117006,0.00117006,0.00117006
648,1855.8,0.40249,0.65095,0.30772,0.80838,0.40468,0.48438,0.39849,0.21538,0.32131,0.55878,0.38388,0.21885,1.57512,3.73414,3.02656,1.56028,0.00116993,0.00116993,0.00116993
649,1858.73,0.43018,0.75244,0.32102,0.828,0.45595,0.38338,0.38118,0.20546,0.44854,0.36776,0.36825,0.21358,1.58706,3.77907,3.04164,1.58296,0.00116981,0.00116981,0.00116981
650,1861.6,0.41435,0.72806,0.32086,0.82049,0.24231,0.58036,0.36164,0.19164,0.23258,0.57812,0.34572,0.19981,1.55884,3.75506,3.09053,1.55404,0.00116969,0.00116969,0.00116969
651,1864.51,0.38894,0.68266,0.31656,0.82358,0.70263,0.29985,0.35262,0.20127,0.69225,0.28423,0.33021,0.19627,1.50893,3.71062,2.97246,1.51506,0.00116956,0.00116956,0.00116956
652,1867.42,0.37891,0.70301,0.32416,0.7998,0.26094,0.55134,0.35577,0.21243,0.23077,0.48661,0.30644,0.19962,1.46656,3.6686,2.83107,1.4759,0.00116944,0.00116944,0.00116944
653,1870.37,0.37721,0.65289,0.30857,0.81466,0.39304,0.48081,0.35616,0.21503,0.35878,0.4494,0.32528,0.20254,1.43572,3.67127,2.7781,1.45327,0.00116931,0.00116931,0.00116931
654,1873.26,0.39244,0.68563,0.31595,0.82524,0.45612,0.40392,0.33936,0.20451,0.41306,0.3708,0.32785,0.20133,1.44691,3.71985,2.63921,1.46644,0.00116919,0.00116919,0.00116919
655,1876.13,0.40772,0.70801,0.32868,0.83478,0.4345,0.38095,0.34424,0.19705,0.38552,0.37417,0.34148,0.19944,1.4983,3.74794,2.55558,1.51635,0.00116907,0.00116907,0.00116907
656,1879.04,0.38673,0.6769,0.3147,0.80747,0.508,0.36654,0.35521,0.20384,0.4781,0.40809,0.39015,0.21289,1.51157,3.79189,2.52201,1.51618,0.00116894,0.00116894,0.00116894
657,1881.91,0.42057,0.71106,0.35594,0.83429,0.52622,0.44225,0.43228,0.21505,0.4882,0.41741,0.41735,0.22927,1.52762,3.77911,2.50104,1.48564,0.00116882,0.00116882,0.00116882
658,1884.82,0.43681,0.77773,0.33772,0.82914,0.64338,0.44869,0.47404,0.22504,0.60536,0.42739,0.44642,0.24411,1.53785,3.6991,2.5135,1.51405,0.0011687,0.0011687,0.0011687
659,1887.72,0.43693,0.69793,0.33767,0.83818,0.64606,0.45014,0.47455,0.22777,0.61387,0.42037,0.44975,0.24502,1.54058,3.59353,2.53751,1.5293,0.00116857,0.00116857,0.00116857
660,1890.62,0.38503,0.68876,0.31353,0.81863,0.48139,0.53658,0.43958,0.22379,0.46142,0.51713,0.4278,0.23731,1.53225,3.53434,2.61914,1.5375,0.00116845,0.00116845,0.00116845
661,1893.53,0.39526,0.69389,0.30845,0.82037,0.4941,0.47998,0.43722,0.23529,0.46953,0.45926,0.41966,0.22703,1.51742,3.48095,2.80367,1.51022,0.00116833,0.00116833,0.00116833
662,1896.43,0.43097,0.72447,0.35147,0.81577,0.64202,0.33333,0.43947,0.25077,0.61429,0.31771,0.42911,0.23545,1.51832,3.45554,2.84913,1.52497,0.0011682,0.0011682,0.0011682
663,1899.33,0.38308,0.66921,0.309,0.80617,0.50653,0.41447,0.40061,0.22437,0.50653,0.41447,0.39798,0.21535,1.50488,3.41115,2.89128,1.52697,0.00116808,0.00116808,0.00116808
664,1902.19,0.42584,0.74317,0.32919,0.81844,0.54186,0.40692,0.40501,0.23412,0.54186,0.40692,0.39685,0.22625,1.50842,3.42481,2.98657,1.52996,0.00116795,0.00116795,0.00116795
665,1905.13,0.40358,0.67467,0.32039,0.81632,0.53734,0.37463,0.39314,0.23264,0.53889,0.37414,0.38482,0.21686,1.47769,3.44823,3.09713,1.51673,0.00116783,0.00116783,0.00116783
666,1908.01,0.42052,0.69673,0.33743,0.83439,0.45249,0.29958,0.35242,0.20611,0.45249,0.29958,0.34841,0.19377,1.4454,3.56246,3.09458,1.49573,0.00116771,0.00116771,0.00116771
667,1910.89,0.39273,0.6712,0.319,0.80914,0.44614,0.30535,0.32737,0.19982,0.40004,0.28869,0.31078,0.18579,1.43766,3.66276,3.06069,1.48066,0.00116758,0.00116758,0.00116758
668,1913.8,0.37331,0.66492,0.29729,0.81184,0.49588,0.32184,0.34399,0.20365,0.44124,0.30118,0.31502,0.18878,1.42072,3.73969,2.9043,1.47072,0.00116746,0.00116746,0.00116746
669,1916.67,0.43265,0.71897,0.322,0.82569,0.48243,0.33037,0.33108,0.194,0.47885,0.32755,0.3273,0.18868,1.42873,3.78116,2.82131,1.47126,0.00116734,0.00116734,0.00116734
670,1919.55,0.40428,0.6587,0.3119,0.81644,0.56616,0.29463,0.33407,0.19542,0.56616,0.29463,0.33008,0.19107,1.40346,3.74231,2.77481,1.46921,0.00116721,0.00116721,0.00116721
671,1922.45,0.36063,0.68343,0.29316,0.80134,0.5707,0.27681,0.32158,0.19873,0.5707,0.27681,0.3181,0.19274,1.39553,3.71094,2.76874,1.48232,0.00116709,0.00116709,0.00116709
672,1925.35,0.39759,0.71298,0.33324,0.81819,0.52755,0.30541,0.32322,0.20484,0.53054,0.29841,0.31497,0.19558,1.3595,3.73886,2.71591,1.47602,0.00116696,0.00116696,0.00116696
673,1928.25,0.39089,0.6757,0.31017,0.83312,0.50415,0.34375,0.34636,0.21516,0.49683,0.33232,0.33844,0.20229,1.38213,3.73045,2.72477,1.49105,0.00116684,0.00116684,0.00116684
674,1931.14,0.37393,0.67154,0.30252,0.80101,0.55527,0.3398,0.35986,0.21618,0.50848,0.31854,0.33891,0.20121,1.41848,3.73787,2.684,1.51461,0.00116672,0.00116672,0.00116672
675,1934.03,0.40475,0.66351,0.31895,0.81973,0.53857,0.32028,0.37621,0.22809,0.64251,0.26116,0.35547,0.21165,1.41275,3.67239,2.58706,1.50824,0.00116659,0.00116659,0.00116659
676,1936.89,0.41271,0.73966,0.34153,0.83887,0.63052,0.30851,0.36639,0.22793,0.57879,0.28652,0.34459,0.20758,1.38803,3.63844,2.57535,1.50494,0.00116647,0.00116647,0.00116647
677,1939.79,0.3868,0.65588,0.29355,0.82636,0.59661,0.302,0.37378,0.23059,0.59661,0.302,0.37084,0.21981,1.38484,3.57459,2.70805,1.50866,0.00116635,0.00116635,0.00116635
678,1942.67,0.39815,0.66528,0.32869,0.81846,0.53235,0.32812,0.35691,0.20755,0.52509,0.32217,0.34899,0.20253,1.37984,3.48703,2.80725,1.49336,0.00116622,0.00116622,0.00116622
679,1945.56,0.424,0.68271,0.3266,0.81611,0.47623,0.33645,0.33893,0.19889,0.4903,0.34043,0.34442,0.19698,1.36059,3.40841,2.91215,1.45184,0.0011661,0.0011661,0.0011661
680,1948.47,0.38438,0.65277,0.30342,0.81356,0.27906,0.62946,0.36065,0.18767,0.28128,0.63914,0.36949,0.20113,1.42314,3.34361,3.026,1.50397,0.00116597,0.00116597,0.00116597
681,1951.32,0.46801,0.8857,0.3541,0.83571,0.2449,0.62574,0.34041,0.18754,0.24696,0.63542,0.36303,0.18705,1.50487,3.45035,2.97675,1.60239,0.00116585,0.00116585,0.00116585
682,1954.2,0.46724,0.75614,0.36342,0.86441,0.20897,0.61012,0.3434,0.18206,0.42659,0.25967,0.34429,0.17672,1.53207,3.61155,2.92228,1.62118,0.00116573,0.00116573,0.00116573
683,1957.11,0.41165,0.70253,0.33858,0.81975,0.3607,0.40926,0.3427,0.17975,0.36567,0.40185,0.361,0.17941,1.48505,3.7193,2.76907,1.54411,0.0011656,0.0011656,0.0011656
684,1960.01,0.42419,0.68085,0.33664,0.82789,0.39131,0.38965,0.32276,0.17031,0.39053,0.38756,0.3191,0.16266,1.4808,3.71617,2.72343,1.54901,0.00116548,0.00116548,0.00116548
685,1962.91,0.41003,0.67734,0.32267,0.81266,0.38038,0.34003,0.30664,0.16336,0.38038,0.34003,0.30172,0.15019,1.51674,3.72874,2.66622,1.5813,0.00116536,0.00116536,0.00116536
686,1965.84,0.41561,0.68347,0.32185,0.80662,0.52925,0.33408,0.32071,0.17268,0.53652,0.34003,0.31983,0.16669,1.51647,3.71449,2.56029,1.60916,0.00116523,0.00116523,0.00116523
687,1968.71,0.45239,0.71721,0.35939,0.83748,0.61483,0.33408,0.37397,0.21068,0.62195,0.34003,0.38278,0.19513,1.51687,3.63692,2.55555,1.58384,0.00116511,0.00116511,0.00116511
688,1971.58,0.3994,0.67236,0.31919,0.81373,0.49726,0.34166,0.4165,0.22499,0.50374,0.34762,0.42159,0.22399,1.4884,3.65746,2.44001,1.56921,0.00116498,0.00116498,0.00116498
689,1974.49,0.4193,0.73416,0.32213,0.81205,0.438,0.42832,0.434,0.23541,0.44909,0.44394,0.43979,0.23081,1.51308,3.73811,2.38708,1.62704,0.00116486,0.00116486,0.00116486
690,1977.37,0.38684,0.66244,0.31544,0.8192,0.6084,0.32059,0.43047,0.23702,0.5525,0.35162,0.43483,0.23522,1.48875,3.80465,2.38716,1.62258,0.00116474,0.00116474,0.00116474
691,1980.25,0.41264,0.68753,0.31488,0.8298,0.56108,0.33464,0.411,0.22942,0.5765,0.34917,0.41679,0.21946,1.48105,3.85471,2.38857,1.61546,0.00116461,0.00116461,0.00116461
692,1983.17,0.42284,0.69826,0.32146,0.81678,0.57782,0.32217,0.38506,0.21975,0.59088,0.3378,0.4021,0.21501,1.49361,3.82374,2.43628,1.6187,0.00116449,0.00116449,0.00116449
693,1986.02,0.40269,0.66474,0.3114,0.81738,0.56379,0.32217,0.36848,0.20841,0.58682,0.34375,0.38803,0.19827,1.55163,3.79057,2.50945,1.6554,0.00116437,0.00116437,0.00116437
694,1988.91,0.39442,0.69127,0.29571,0.8198,0.56809,0.33465,0.38082,0.20883,0.59036,0.35622,0.4002,0.19654,1.57835,3.79213,2.5426,1.66445,0.00116424,0.00116424,0.00116424
695,1991.8,0.39041,0.69491,0.33754,0.81118,0.52886,0.37038,0.38216,0.20558,0.53564,0.37633,0.37949,0.19722,1.59223,3.84515,2.58365,1.71453,0.00116412,0.00116412,0.00116412
696,1994.69,0.38369,0.69105,0.32187,0.82606,0.59727,0.31085,0.39429,0.21194,0.5982,0.31594,0.39757,0.19336,1.60863,3.89117,2.6723,1.73839,0.00116399,0.00116399,0.00116399
697,1997.61,0.40386,0.69801,0.31959,0.82477,0.61205,0.30409,0.39635,0.21482,0.59222,0.29219,0.38359,0.19429,1.60374,3.92934,2.77696,1.72473,0.00116387,0.00116387,0.00116387
698,2000.56,0.39549,0.72285,0.31712,0.82772,0.37629,0.29911,0.35392,0.19657,0.35237,0.2872,0.34185,0.16903,1.58525,4.01532,2.77685,1.70563,0.00116375,0.00116375,0.00116375
699,2003.44,0.3837,0.68615,0.31369,0.81425,0.3995,0.28498,0.35612,0.19405,0.38133,0.28125,0.3353,0.16174,1.60018,4.12105,2.80419,1.69727,0.00116362,0.00116362,0.00116362
700,2006.34,0.41415,0.69646,0.32739,0.82269,0.37466,0.28527,0.32749,0.18249,0.35052,0.27932,0.30244,0.16208,1.53217,4.14281,2.83628,1.63227,0.0011635,0.0011635,0.0011635
701,2009.23,0.39092,0.66683,0.30614,0.80007,0.34504,0.26723,0.31394,0.17829,0.33241,0.26723,0.31088,0.16211,1.50051,4.04627,2.87091,1.63569,0.00116337,0.00116337,0.00116337
702,2012.09,0.41008,0.66653,0.31675,0.82683,0.34412,0.26711,0.29942,0.1707,0.31746,0.26711,0.28761,0.14949,1.47136,3.90756,2.87837,1.6135,0.00116325,0.00116325,0.00116325
703,2015,0.41209,0.71361,0.32635,0.82221,0.36414,0.27075,0.30778,0.17766,0.35465,0.26488,0.29304,0.16229,1.4851,3.79565,2.96569,1.62466,0.00116313,0.00116313,0.00116313
704,2017.93,0.38188,0.69265,0.30571,0.81738,0.27886,0.37936,0.30637,0.1809,0.33207,0.298,0.29318,0.1665,1.48348,3.80343,3.02553,1.62479,0.001163,0.001163,0.001163
705,2020.82,0.37975,0.67144,0.3077,0.81657,0.2501,0.49479,0.30875,0.17433,0.32748,0.29241,0.29645,0.16452,1.47055,3.82257,3.05847,1.62295,0.00116288,0.00116288,0.00116288
706,2023.69,0.3855,0.6517,0.30899,0.81775,0.25459,0.41443,0.2966,0.17638,0.24892,0.41815,0.27345,0.15793,1.44037,3.82776,3.13531,1.57215,0.00116276,0.00116276,0.00116276
707,2026.57,0.39302,0.66031,0.32567,0.82445,0.25793,0.39881,0.28889,0.17491,0.25384,0.45908,0.2702,0.15533,1.47102,3.87776,3.31611,1.56593,0.00116263,0.00116263,0.00116263
708,2029.47,0.38497,0.65054,0.30985,0.81631,0.2308,0.41071,0.27708,0.17282,0.2301,0.47098,0.26054,0.15371,1.49009,3.91402,3.31455,1.56569,0.00116251,0.00116251,0.00116251
709,2032.38,0.42403,0.71243,0.31757,0.82886,0.32758,0.25813,0.26883,0.1696,0.31724,0.25218,0.26445,0.15445,1.48155,3.93037,3.27446,1.55401,0.00116239,0.00116239,0.00116239
710,2035.26,0.39964,0.71348,0.3062,0.81141,0.30619,0.22637,0.27228,0.16616,0.78513,0.1808,0.26021,0.15371,1.4797,3.81202,3.23265,1.53574,0.00116226,0.00116226,0.00116226
711,2038.18,0.38173,0.62611,0.30536,0.81196,0.32931,0.23195,0.2951,0.1734,0.30759,0.21864,0.27777,0.16096,1.47909,3.70353,3.14368,1.53959,0.00116214,0.00116214,0.00116214
712,2041.07,0.40282,0.66636,0.3173,0.81747,0.19518,0.51414,0.29806,0.16996,0.73066,0.19643,0.28216,0.15107,1.49587,3.59221,3.17401,1.58595,0.00116201,0.00116201,0.00116201
713,2043.95,0.41325,0.71022,0.32519,0.81845,0.36281,0.23445,0.29916,0.17143,0.63356,0.22768,0.30262,0.15777,1.5009,3.51081,3.18224,1.57175,0.00116189,0.00116189,0.00116189
714,2046.82,0.40813,0.69486,0.33557,0.82862,0.36112,0.27083,0.30486,0.16803,0.34855,0.26488,0.29729,0.15787,1.49974,3.39206,3.21322,1.58189,0.00116177,0.00116177,0.00116177
715,2049.71,0.40587,0.71922,0.31586,0.81901,0.37629,0.28842,0.31467,0.17151,0.36529,0.28247,0.3332,0.1733,1.47717,3.27064,3.27666,1.57095,0.00116164,0.00116164,0.00116164
716,2052.59,0.38868,0.62717,0.31371,0.81016,0.22513,0.62128,0.33077,0.17956,0.22016,0.625,0.32893,0.17314,1.52643,3.24187,3.32762,1.6342,0.00116152,0.00116152,0.00116152
717,2055.47,0.4074,0.67884,0.31581,0.81503,0.24331,0.54315,0.32445,0.19454,0.23399,0.5878,0.30465,0.18057,1.51822,3.19208,3.21524,1.61788,0.0011614,0.0011614,0.0011614
718,2058.39,0.41031,0.67014,0.31214,0.82062,0.2569,0.56473,0.34048,0.20938,0.26157,0.62128,0.33434,0.19545,1.48156,3.25673,3.10541,1.58641,0.00116127,0.00116127,0.00116127
719,2061.29,0.41028,0.67343,0.32136,0.82415,0.27528,0.56473,0.34905,0.21264,0.27532,0.60565,0.33241,0.19137,1.49736,3.35951,2.99991,1.59617,0.00116115,0.00116115,0.00116115
720,2064.2,0.4014,0.70423,0.30602,0.82784,0.28862,0.59226,0.35127,0.21239,0.30344,0.69568,0.37039,0.19739,1.49988,3.49153,2.93982,1.58191,0.00116102,0.00116102,0.00116102
721,2067.08,0.4032,0.71432,0.30664,0.82222,0.29507,0.58854,0.35449,0.21469,0.30567,0.64509,0.37246,0.19335,1.47283,3.56085,2.84709,1.53048,0.0011609,0.0011609,0.0011609
722,2069.98,0.42173,0.68348,0.32522,0.82192,0.28044,0.58854,0.34136,0.20384,0.26301,0.56101,0.32216,0.18604,1.49179,3.59325,2.86539,1.51698,0.00116078,0.00116078,0.00116078
723,2072.9,0.42936,0.70911,0.32174,0.82571,0.23939,0.49479,0.30717,0.19175,0.23182,0.48289,0.29791,0.17428,1.52657,3.62618,2.91168,1.58085,0.00116065,0.00116065,0.00116065
724,2075.79,0.39937,0.66975,0.31808,0.83599,0.33031,0.27902,0.29995,0.18749,0.24608,0.56473,0.29821,0.17141,1.511,3.64943,2.95227,1.56739,0.00116053,0.00116053,0.00116053
725,2078.7,0.42438,0.73096,0.32366,0.83723,0.25227,0.48289,0.31174,0.19324,0.24834,0.48661,0.2923,0.17959,1.51288,3.69691,3.04227,1.5812,0.0011604,0.0011604,0.0011604
726,2081.61,0.45885,0.73307,0.35252,0.83441,0.2384,0.44568,0.32006,0.19465,0.23359,0.43973,0.29324,0.18414,1.51484,3.76302,3.06514,1.57811,0.00116028,0.00116028,0.00116028
727,2084.5,0.38956,0.67685,0.30232,0.80124,0.37706,0.39062,0.34074,0.19454,0.34657,0.38083,0.33064,0.20013,1.52049,3.85656,3.07538,1.59644,0.00116016,0.00116016,0.00116016
728,2087.44,0.41225,0.68371,0.31172,0.83348,0.39624,0.28869,0.34015,0.19027,0.23539,0.51786,0.32087,0.19666,1.51342,3.93027,3.13811,1.60401,0.00116003,0.00116003,0.00116003
729,2090.33,0.43387,0.74134,0.33917,0.82007,0.47522,0.28421,0.33459,0.18784,0.42642,0.26283,0.31616,0.18479,1.51323,4.02373,3.15562,1.59319,0.00115991,0.00115991,0.00115991
730,2093.23,0.38894,0.65826,0.31056,0.82623,0.44075,0.26829,0.29253,0.17274,0.39067,0.24676,0.25746,0.15747,1.51391,4.10058,3.14482,1.59773,0.00115979,0.00115979,0.00115979
731,2096.11,0.39815,0.68088,0.31161,0.81423,0.48079,0.27307,0.29159,0.17311,0.47056,0.26711,0.27887,0.16797,1.55355,4.05206,3.23459,1.60138,0.00115966,0.00115966,0.00115966
732,2099.01,0.39364,0.70741,0.31163,0.79688,0.47819,0.26957,0.2783,0.16423,0.46795,0.26361,0.26662,0.15777,1.54697,4.06662,3.29638,1.58329,0.00115954,0.00115954,0.00115954
733,2101.93,0.40073,0.6684,0.30807,0.81594,0.48726,0.26711,0.28221,0.16507,0.47632,0.26116,0.27371,0.15962,1.50285,4.09941,3.32024,1.57113,0.00115942,0.00115942,0.00115942
734,2104.81,0.36643,0.64759,0.29382,0.8126,0.60179,0.24926,0.3318,0.19612,0.58839,0.2433,0.3201,0.17853,1.47306,4.10964,3.28876,1.54993,0.00115929,0.00115929,0.00115929
735,2107.69,0.40104,0.71429,0.31453,0.82909,0.6224,0.2433,0.32918,0.19559,0.56301,0.22173,0.29999,0.17243,1.45833,4.05216,3.37239,1.51605,0.00115917,0.00115917,0.00115917
736,2110.6,0.38703,0.67617,0.29608,0.82658,0.65188,0.25864,0.33536,0.19767,0.46409,0.28643,0.31698,0.17237,1.46673,3.93272,3.41311,1.50193,0.00115904,0.00115904,0.00115904
737,2113.5,0.40108,0.6663,0.317,0.82079,0.58984,0.2807,0.33453,0.20073,0.64484,0.2686,0.32869,0.17472,1.4938,3.8354,3.41095,1.50333,0.00115892,0.00115892,0.00115892
738,2116.38,0.37774,0.61508,0.28917,0.8167,0.62691,0.29985,0.3492,0.21068,0.69513,0.2686,0.33665,0.18112,1.49227,3.77811,3.34633,1.48788,0.0011588,0.0011588,0.0011588
739,2119.31,0.37312,0.73597,0.28742,0.80791,0.67844,0.29985,0.3542,0.21663,0.6386,0.28423,0.33741,0.18787,1.48044,3.69349,3.18787,1.4731,0.00115867,0.00115867,0.00115867
