epoch,time,train/box_loss,train/seg_loss,train/cls_loss,train/dfl_loss,metrics/precision(B),metrics/recall(B),metrics/mAP50(B),metrics/mAP50-95(B),metrics/precision(M),metrics/recall(M),metrics/mAP50(M),metrics/mAP50-95(M),val/box_loss,val/seg_loss,val/cls_loss,val/dfl_loss,lr/pg0,lr/pg1,lr/pg2
1,16.6812,1.73854,3.3401,6.81237,1.58679,0.00193,0.1348,0.0013,0.00093,0.0018,0.11755,0.0012,0.00085,2.07388,3.74369,7.01429,1.96528,0.0007,0.0007,0.0007
2,21.526,1.52359,2.88349,4.57907,1.42936,0.30008,0.30643,0.27131,0.16527,0.30531,0.29607,0.26248,0.1571,1.22503,2.28136,2.65378,1.29843,0.00149985,0.00149985,0.00149985
3,26.3572,1.37846,2.25489,2.57204,1.32713,0.55112,0.50313,0.53284,0.34645,0.56806,0.51176,0.53578,0.32318,1.14571,2.02089,2.0736,1.22857,0.00229954,0.00229954,0.00229954
4,31.1872,1.20578,2.00014,1.9259,1.19738,0.53808,0.46082,0.54282,0.30964,0.44314,0.58456,0.54715,0.29178,1.24745,1.90411,1.74033,1.28435,0.00309908,0.00309908,0.00309908
5,35.9701,1.0877,1.76904,1.597,1.11328,0.43987,0.70326,0.57118,0.35068,0.45683,0.71131,0.57554,0.36442,1.19552,1.79827,1.46628,1.19167,0.00389846,0.00389846,0.00389846
6,40.7851,1.14916,1.89743,1.35496,1.12685,0.45945,0.63484,0.56083,0.35616,0.47206,0.65086,0.5662,0.33995,1.2254,1.79354,1.44913,1.20358,0.00469767,0.00469767,0.00469767
7,45.5789,1.13944,1.90453,1.2515,1.12493,0.57772,0.5654,0.5845,0.3919,0.59248,0.59067,0.62559,0.39789,1.15274,1.69039,2.04283,1.14997,0.00549673,0.00549673,0.00549673
8,50.3782,1.10211,1.67849,1.39655,1.10404,0.56363,0.63488,0.65566,0.40945,0.54695,0.62777,0.63623,0.37561,1.17976,1.77842,1.64266,1.16964,0.00629563,0.00629563,0.00629563
9,55.1883,1.07444,1.61352,1.57212,1.05884,0.5708,0.68339,0.63539,0.38264,0.59829,0.71473,0.6696,0.37641,1.13046,1.71466,1.91815,1.16694,0.00709438,0.00709438,0.00709438
10,59.972,1.03627,1.6246,1.3251,1.06764,0.70807,0.53969,0.57839,0.37019,0.69074,0.54398,0.56199,0.35871,1.21608,1.92258,2.93106,1.21996,0.00789296,0.00789296,0.00789296
11,64.765,1.0877,1.75397,1.33309,1.0667,0.64685,0.53683,0.5995,0.40609,0.67199,0.55408,0.62548,0.37205,1.27284,1.82581,1.41278,1.24106,0.00869139,0.00869139,0.00869139
12,69.6109,1.05179,1.77145,1.19414,1.0499,0.69146,0.50313,0.57178,0.3586,0.73653,0.47197,0.58024,0.341,1.24503,1.9604,1.40953,1.23034,0.00948965,0.00948965,0.00948965
13,74.4354,0.98616,1.75788,1.08303,1.01691,0.52458,0.64111,0.58742,0.31869,0.51122,0.61525,0.58739,0.33018,1.33204,2.13057,1.64228,1.27589,0.00998812,0.00998812,0.00998812
14,79.237,1.13521,2.1424,1.10656,1.06068,0.70237,0.48668,0.59742,0.3307,0.64432,0.53097,0.58226,0.31042,1.37802,2.3083,1.79998,1.31062,0.00998713,0.00998713,0.00998713
15,84.0787,1.1253,1.77844,1.20678,1.08136,0.66928,0.57959,0.65608,0.365,0.6597,0.57176,0.63767,0.33438,1.35911,2.43005,1.59198,1.21989,0.00998614,0.00998614,0.00998614
16,88.8914,1.04287,1.68594,0.99497,1.00533,0.49477,0.4257,0.39179,0.22509,0.48612,0.44044,0.41191,0.23292,1.65681,2.63641,1.93437,1.51587,0.00998515,0.00998515,0.00998515
17,93.7188,1.20662,1.83507,1.11827,1.07313,0.54301,0.53937,0.56722,0.32022,0.55281,0.52157,0.53721,0.30132,1.47013,2.34253,1.65662,1.33713,0.00998416,0.00998416,0.00998416
18,98.5635,1.12317,1.77628,1.06484,1.02838,0.77081,0.51386,0.61136,0.40268,0.74924,0.49433,0.60284,0.39005,1.24724,2.05665,1.35248,1.22017,0.00998317,0.00998317,0.00998317
19,103.44,1.1065,1.70676,0.93289,1.03214,0.60327,0.57307,0.58681,0.3827,0.59409,0.56445,0.56756,0.34916,1.18847,2.15535,1.42871,1.19003,0.00998218,0.00998218,0.00998218
20,108.321,1.06026,1.63999,0.99919,1.02314,0.65517,0.6348,0.66085,0.41772,0.61828,0.64342,0.65281,0.37331,1.27059,2.17869,1.67214,1.30968,0.00998119,0.00998119,0.00998119
21,113.21,1.08321,1.53985,0.90085,1.02326,0.65825,0.60024,0.64531,0.41417,0.69369,0.598,0.65181,0.36119,1.43762,2.57671,1.86922,1.34526,0.0099802,0.0099802,0.0099802
22,118.087,1.06828,1.51014,0.87638,1.0398,0.40143,0.79467,0.56273,0.31952,0.39038,0.76881,0.55666,0.30179,1.35718,2.23044,2.43204,1.33601,0.00997921,0.00997921,0.00997921
23,122.934,1.07994,1.59456,1.01253,1.03957,0.59356,0.56113,0.5741,0.39003,0.65214,0.57524,0.60824,0.36804,1.24277,2.05985,1.87658,1.27806,0.00997822,0.00997822,0.00997822
24,127.788,1.02333,1.59156,0.92861,1.00424,0.58336,0.6503,0.57948,0.34436,0.58431,0.64777,0.5912,0.36717,1.3045,1.9523,1.58776,1.28925,0.00997723,0.00997723,0.00997723
25,132.64,0.99755,1.50068,0.84776,1.01772,0.64711,0.5094,0.55306,0.32723,0.67919,0.54389,0.57674,0.32353,1.31663,2.11302,1.55106,1.28017,0.00997624,0.00997624,0.00997624
26,137.51,0.97458,1.32978,1.01603,0.9923,0.53179,0.48041,0.51015,0.30641,0.53539,0.53762,0.53499,0.33044,1.39972,2.05284,1.76069,1.28227,0.00997525,0.00997525,0.00997525
27,142.405,0.98741,1.44653,0.87155,1.00044,0.65328,0.67042,0.63659,0.40538,0.66014,0.67904,0.65492,0.41128,1.416,1.93996,1.77188,1.34027,0.00997426,0.00997426,0.00997426
28,147.316,1.06442,1.54638,0.84673,1.0255,0.64168,0.65,0.64538,0.39356,0.66518,0.67563,0.67183,0.42133,1.32034,1.95556,1.70727,1.3116,0.00997327,0.00997327,0.00997327
29,152.242,1.00985,1.43828,0.8403,0.9995,0.67513,0.51411,0.61429,0.38675,0.58986,0.63401,0.64788,0.42301,1.43032,1.90487,1.57506,1.34619,0.00997228,0.00997228,0.00997228
30,157.135,0.9636,1.47146,0.78068,0.99943,0.62207,0.62304,0.62832,0.40032,0.64162,0.63197,0.63458,0.41855,1.32637,2.19838,1.55894,1.31168,0.00997129,0.00997129,0.00997129
31,162.001,0.95705,1.38301,0.75319,0.99589,0.62991,0.6058,0.60299,0.36813,0.65911,0.64161,0.62652,0.40683,1.37145,2.0202,1.39303,1.32064,0.0099703,0.0099703,0.0099703
32,166.855,1.02395,1.56293,0.82818,1.0444,0.67197,0.51176,0.63888,0.40435,0.67714,0.59674,0.66311,0.4304,1.2209,2.09387,1.42596,1.24713,0.00996931,0.00996931,0.00996931
33,171.74,0.94477,1.42025,0.76112,0.98386,0.64974,0.66223,0.58348,0.35779,0.66169,0.67085,0.59696,0.37822,1.34883,2.07174,1.6312,1.28782,0.00996832,0.00996832,0.00996832
34,176.637,0.89357,1.31403,0.68896,0.98034,0.73202,0.60825,0.6735,0.45123,0.74324,0.61475,0.68427,0.44775,1.20359,1.93118,1.37199,1.2203,0.00996733,0.00996733,0.00996733
35,181.549,0.96676,1.40139,0.74769,1.00796,0.74695,0.51724,0.66908,0.46286,0.76028,0.52586,0.69163,0.46876,1.12686,1.92052,1.32111,1.16925,0.00996634,0.00996634,0.00996634
36,186.461,0.91581,1.30366,0.71738,0.97595,0.61574,0.6826,0.59483,0.37507,0.6293,0.69122,0.5927,0.39545,1.27883,1.91844,1.30544,1.27179,0.00996535,0.00996535,0.00996535
37,191.333,0.89295,1.31114,0.74443,0.97164,0.68281,0.62304,0.64971,0.42576,0.69263,0.63166,0.66018,0.43234,1.17964,2.06185,1.38675,1.23498,0.00996436,0.00996436,0.00996436
38,196.234,0.94743,1.41701,0.78261,0.9973,0.65967,0.59734,0.64244,0.41047,0.6713,0.61458,0.67103,0.40098,1.36106,2.20224,1.36397,1.37446,0.00996337,0.00996337,0.00996337
39,201.112,0.91928,1.28374,0.72096,0.99057,0.56412,0.53762,0.52501,0.33728,0.54283,0.52038,0.50226,0.30374,1.38284,2.32447,1.52694,1.40257,0.00996238,0.00996238,0.00996238
40,205.97,0.91793,1.26245,0.74838,0.9947,0.70195,0.45044,0.55522,0.36248,0.71639,0.45889,0.56718,0.39502,1.3344,2.29609,1.62842,1.28642,0.00996139,0.00996139,0.00996139
41,210.841,0.8917,1.27804,0.77917,0.9786,0.63136,0.57336,0.60172,0.38105,0.62309,0.56474,0.58436,0.3684,1.31814,2.39816,1.48215,1.27992,0.0099604,0.0099604,0.0099604
42,215.728,0.91636,1.26654,0.75467,0.9659,0.60708,0.54624,0.6001,0.38819,0.581,0.53508,0.58066,0.3559,1.3953,2.46193,1.43091,1.32642,0.00995941,0.00995941,0.00995941
43,220.613,0.84079,1.24183,0.68276,0.93184,0.50683,0.65191,0.60136,0.37476,0.60774,0.55799,0.59016,0.38107,1.36729,2.25059,1.47831,1.30569,0.00995842,0.00995842,0.00995842
44,225.52,0.89404,1.33164,0.65837,0.97681,0.68198,0.49765,0.57561,0.37843,0.68439,0.48903,0.56848,0.31658,1.3293,2.26527,1.43374,1.27311,0.00995743,0.00995743,0.00995743
45,230.395,0.90807,1.43003,0.72381,0.98624,0.68619,0.69482,0.68685,0.43354,0.66562,0.67136,0.66798,0.40106,1.30485,2.28681,1.28807,1.32399,0.00995644,0.00995644,0.00995644
46,235.298,0.87616,1.33777,0.71534,0.96366,0.83479,0.60031,0.69221,0.43503,0.8295,0.57356,0.65846,0.4222,1.29006,2.19431,1.18262,1.32578,0.00995545,0.00995545,0.00995545
47,240.21,0.84895,1.30292,0.68677,0.95736,0.7187,0.64203,0.67557,0.405,0.70078,0.62494,0.64952,0.38238,1.26824,2.15506,1.19518,1.26592,0.00995446,0.00995446,0.00995446
48,245.14,0.90933,1.33019,0.6674,0.9669,0.75453,0.62333,0.62589,0.39667,0.72431,0.60697,0.61087,0.34359,1.31016,2.32199,1.25309,1.27841,0.00995347,0.00995347,0.00995347
49,250.041,0.92223,1.27067,0.6991,0.96568,0.75167,0.60109,0.66131,0.39205,0.74275,0.59247,0.65206,0.37314,1.30364,2.20735,1.33276,1.32779,0.00995248,0.00995248,0.00995248
50,254.913,0.87545,1.31969,0.67585,0.96716,0.69787,0.66301,0.70189,0.46565,0.71697,0.67712,0.72558,0.42595,1.22309,2.07407,1.23704,1.26962,0.00995149,0.00995149,0.00995149
51,259.826,0.88282,1.27911,0.62845,0.95921,0.75696,0.6489,0.70182,0.4374,0.79606,0.62304,0.70297,0.41521,1.30508,2.05748,1.28798,1.33256,0.0099505,0.0099505,0.0099505
52,264.713,0.84098,1.1619,0.64044,0.94721,0.58702,0.73639,0.69697,0.43051,0.5814,0.72777,0.69074,0.43334,1.35392,1.85237,1.27749,1.37593,0.00994951,0.00994951,0.00994951
53,269.625,0.85066,1.18543,0.65136,0.94672,0.67404,0.60345,0.62515,0.38735,0.75958,0.66614,0.69546,0.41901,1.34562,1.89574,1.24147,1.33425,0.00994852,0.00994852,0.00994852
54,274.537,0.86553,1.28619,0.64858,0.95055,0.62953,0.58227,0.56944,0.34407,0.68526,0.60196,0.63313,0.35495,1.40387,2.10795,1.55195,1.38771,0.00994753,0.00994753,0.00994753
55,279.418,0.89845,1.23207,0.66044,0.9678,0.50489,0.57759,0.57022,0.36793,0.55419,0.62304,0.60099,0.36786,1.44893,2.16797,1.50353,1.42103,0.00994654,0.00994654,0.00994654
56,284.343,0.79611,1.13757,0.60695,0.9262,0.62672,0.56583,0.59812,0.3767,0.65101,0.5431,0.59653,0.37404,1.41373,2.26384,1.51545,1.38888,0.00994555,0.00994555,0.00994555
57,289.266,0.83108,1.2749,0.63259,0.94957,0.75214,0.58806,0.60323,0.37516,0.72199,0.59483,0.62809,0.37397,1.3161,2.19927,1.50757,1.27903,0.00994456,0.00994456,0.00994456
58,294.192,0.80828,1.16875,0.61393,0.92818,0.6495,0.62339,0.60031,0.37585,0.68872,0.65643,0.65609,0.35031,1.41513,2.22181,1.52844,1.39842,0.00994357,0.00994357,0.00994357
59,299.09,0.79611,1.2362,0.61177,0.95049,0.57744,0.67865,0.61259,0.38477,0.58326,0.69312,0.63116,0.37717,1.35021,2.1704,1.5088,1.38278,0.00994258,0.00994258,0.00994258
60,304.015,0.81321,1.19399,0.64245,0.95826,0.58641,0.57923,0.55564,0.34838,0.61829,0.60423,0.59029,0.3393,1.35775,2.276,1.52492,1.36584,0.00994159,0.00994159,0.00994159
61,308.959,0.81858,1.19097,0.66107,0.94388,0.54614,0.72942,0.60826,0.40048,0.54953,0.72257,0.60979,0.37184,1.32217,2.26421,1.47471,1.32099,0.0099406,0.0099406,0.0099406
62,313.868,0.86187,1.1909,0.67951,0.9681,0.68045,0.69855,0.68405,0.46101,0.68045,0.69855,0.68941,0.45401,1.26691,2.23907,1.26466,1.32335,0.00993961,0.00993961,0.00993961
63,318.799,0.78444,1.16264,0.63288,0.94595,0.61507,0.61442,0.61119,0.39737,0.59744,0.59718,0.6109,0.39396,1.31746,2.51391,1.50362,1.33566,0.00993862,0.00993862,0.00993862
64,323.731,0.81871,1.10228,0.6205,0.92656,0.59092,0.54423,0.55898,0.37009,0.59022,0.54545,0.57748,0.35519,1.31086,2.39753,1.5338,1.28616,0.00993763,0.00993763,0.00993763
65,328.688,0.87005,1.14609,0.63203,0.94477,0.63505,0.51176,0.60974,0.37773,0.62567,0.50313,0.60424,0.37944,1.26345,2.46969,1.36093,1.23109,0.00993664,0.00993664,0.00993664
66,333.61,0.82049,1.16772,0.59071,0.93902,0.77275,0.48804,0.61274,0.41768,0.78808,0.49666,0.62012,0.40128,1.25506,2.36034,1.5712,1.21746,0.00993565,0.00993565,0.00993565
67,338.511,0.78712,1.22883,0.62047,0.93826,0.72754,0.53997,0.63949,0.44419,0.74832,0.55721,0.64696,0.4318,1.25825,2.17939,1.40214,1.24378,0.00993466,0.00993466,0.00993466
68,343.452,0.82742,1.15593,0.62828,0.95336,0.64931,0.53997,0.55512,0.36178,0.64931,0.53997,0.56172,0.3329,1.43161,2.34219,1.75011,1.34478,0.00993367,0.00993367,0.00993367
69,348.397,0.80375,1.16438,0.5944,0.93371,0.73024,0.60031,0.65339,0.40931,0.72066,0.59169,0.65241,0.38515,1.23041,2.08999,1.31226,1.23399,0.00993268,0.00993268,0.00993268
70,353.314,0.83449,1.15101,0.63425,0.93743,0.66058,0.60345,0.65898,0.44885,0.66058,0.60345,0.66428,0.40863,1.203,2.09426,1.30632,1.26395,0.00993169,0.00993169,0.00993169
71,358.226,0.74595,1.14013,0.56469,0.91133,0.66063,0.53448,0.62875,0.4314,0.66971,0.53448,0.63127,0.42052,1.31653,2.11936,1.41835,1.3323,0.0099307,0.0099307,0.0099307
72,363.131,0.82719,1.07921,0.6144,0.94419,0.83048,0.54975,0.64353,0.42883,0.82048,0.54524,0.64377,0.43081,1.28287,2.14918,1.36895,1.28757,0.00992971,0.00992971,0.00992971
73,368.053,0.79975,1.13972,0.61731,0.96006,0.75339,0.53072,0.61489,0.40691,0.73861,0.5221,0.61987,0.41519,1.32639,2.22524,1.48759,1.29193,0.00992872,0.00992872,0.00992872
74,372.979,0.72737,1.05648,0.54529,0.93111,0.76169,0.54782,0.60474,0.42294,0.80709,0.57509,0.64172,0.41384,1.32784,2.25342,1.47274,1.34887,0.00992773,0.00992773,0.00992773
75,377.896,0.77751,1.10982,0.57029,0.93499,0.8144,0.48057,0.59661,0.38284,0.84321,0.48706,0.61261,0.38235,1.42606,2.24431,1.5817,1.40677,0.00992674,0.00992674,0.00992674
76,382.824,0.80242,1.14212,0.61263,0.93896,0.59864,0.57524,0.59402,0.36687,0.64469,0.56897,0.60902,0.36889,1.45828,2.13274,1.48769,1.44684,0.00992575,0.00992575,0.00992575
77,387.758,0.782,1.11629,0.56651,0.93312,0.71553,0.53683,0.60444,0.3639,0.72707,0.54545,0.60694,0.37321,1.47224,2.40414,1.65801,1.43693,0.00992476,0.00992476,0.00992476
78,392.716,0.79186,1.20971,0.59146,0.94013,0.63086,0.57524,0.63903,0.41449,0.62446,0.56661,0.62292,0.4039,1.30557,1.95483,1.49039,1.3014,0.00992377,0.00992377,0.00992377
79,397.659,0.76462,1.13881,0.59326,0.92617,0.65452,0.55631,0.62009,0.42062,0.65452,0.55631,0.61482,0.3827,1.29638,2.02384,1.41226,1.30392,0.00992278,0.00992278,0.00992278
80,402.568,0.75546,1.12628,0.58751,0.94878,0.64177,0.60031,0.62559,0.43138,0.64177,0.60031,0.62118,0.39267,1.2659,2.09635,1.33406,1.24388,0.00992179,0.00992179,0.00992179
81,407.531,0.78479,0.98736,0.6002,0.93142,0.8246,0.5627,0.66344,0.438,0.8246,0.5627,0.65502,0.41271,1.30475,2.08543,1.34186,1.27405,0.0099208,0.0099208,0.0099208
82,412.503,0.7937,1.16519,0.59351,0.91276,0.66777,0.57132,0.64971,0.44117,0.66777,0.57132,0.64569,0.41186,1.35073,2.15696,1.33572,1.37893,0.00991981,0.00991981,0.00991981
83,417.444,0.81286,1.15767,0.61898,0.94353,0.60686,0.53448,0.5904,0.40069,0.64889,0.49647,0.58385,0.35209,1.32962,2.28376,1.41988,1.35391,0.00991882,0.00991882,0.00991882
84,422.378,0.74142,1.0608,0.56814,0.92541,0.76348,0.53487,0.61298,0.39372,0.62072,0.57445,0.60215,0.36716,1.36873,2.3925,1.47657,1.35942,0.00991783,0.00991783,0.00991783
85,427.339,0.74967,1.17038,0.56112,0.92434,0.64261,0.6058,0.62923,0.41384,0.80892,0.51176,0.62312,0.37507,1.33675,2.51716,1.44576,1.33271,0.00991684,0.00991684,0.00991684
86,432.285,0.79444,1.23001,0.60232,0.94233,0.797,0.58438,0.66548,0.44194,0.797,0.58438,0.6607,0.41705,1.32905,2.42249,1.4641,1.34233,0.00991585,0.00991585,0.00991585
87,437.234,0.7684,1.12545,0.56686,0.92135,0.69767,0.63401,0.67033,0.44612,0.70764,0.64263,0.67158,0.42121,1.27409,2.56653,1.45391,1.31097,0.00991486,0.00991486,0.00991486
88,442.192,0.7966,1.08212,0.58174,0.91844,0.70648,0.58307,0.66134,0.4515,0.70648,0.58307,0.66751,0.43709,1.25918,2.59465,1.40049,1.28833,0.00991387,0.00991387,0.00991387
89,447.163,0.77085,1.12426,0.56276,0.92141,0.67823,0.64577,0.65491,0.45481,0.68055,0.64577,0.66154,0.43682,1.16441,2.46878,1.38292,1.20983,0.00991288,0.00991288,0.00991288
90,452.115,0.76263,1.09676,0.55737,0.93685,0.71219,0.59169,0.66563,0.44107,0.71219,0.59169,0.66206,0.42562,1.18699,2.6981,1.36267,1.26829,0.00991189,0.00991189,0.00991189
91,457.068,0.74627,1.05688,0.56181,0.91898,0.68845,0.59169,0.65542,0.40944,0.68845,0.59169,0.6577,0.418,1.24066,2.59848,1.40115,1.30442,0.0099109,0.0099109,0.0099109
92,462.035,0.78955,1.16422,0.60002,0.93042,0.68479,0.59169,0.66828,0.44155,0.80696,0.53626,0.65641,0.41527,1.18114,2.64555,1.29154,1.25437,0.00990991,0.00990991,0.00990991
93,466.999,0.72964,1.00707,0.5406,0.91315,0.64412,0.65287,0.63963,0.42196,0.65512,0.66149,0.65947,0.39364,1.2849,2.5953,1.51157,1.31339,0.00990892,0.00990892,0.00990892
94,471.94,0.78146,1.07126,0.56172,0.92917,0.61116,0.66998,0.64375,0.40525,0.64732,0.62539,0.65838,0.41075,1.38727,2.27651,1.65693,1.33279,0.00990793,0.00990793,0.00990793
95,476.888,0.78518,1.04226,0.57844,0.92476,0.63505,0.6501,0.66451,0.40159,0.60898,0.60061,0.63984,0.4145,1.29132,2.31577,1.67099,1.27776,0.00990694,0.00990694,0.00990694
96,481.869,0.70807,1.10677,0.5273,0.91606,0.72188,0.48041,0.60875,0.40292,0.7544,0.49451,0.62137,0.40103,1.34263,2.34742,1.73049,1.31724,0.00990595,0.00990595,0.00990595
97,486.843,0.72754,1.08044,0.5292,0.9394,0.6504,0.54859,0.62574,0.42082,0.65696,0.55408,0.62654,0.42676,1.26828,2.19521,1.6374,1.30381,0.00990496,0.00990496,0.00990496
98,491.822,0.70011,1.01207,0.53655,0.91219,0.70125,0.58066,0.66495,0.44899,0.68865,0.57656,0.64772,0.43787,1.24368,2.15842,1.60457,1.28566,0.00990397,0.00990397,0.00990397
99,496.812,0.72305,0.97664,0.54868,0.91449,0.79989,0.45335,0.65504,0.45334,0.78475,0.44637,0.63564,0.40886,1.1644,2.21312,1.40785,1.20879,0.00990298,0.00990298,0.00990298
100,501.758,0.72843,1.05531,0.56792,0.91718,0.62844,0.60407,0.6393,0.40603,0.61783,0.59545,0.622,0.41926,1.20171,2.13594,1.3742,1.25453,0.00990199,0.00990199,0.00990199
101,506.726,0.67888,1.01935,0.51412,0.90729,0.61358,0.58542,0.64422,0.4274,0.61358,0.58542,0.63954,0.42352,1.27648,2.05958,1.4238,1.29388,0.009901,0.009901,0.009901
102,511.724,0.73583,1.11745,0.53556,0.91691,0.74313,0.56034,0.66894,0.44045,0.73243,0.55172,0.656,0.42194,1.19107,2.12299,1.2612,1.25989,0.00990001,0.00990001,0.00990001
103,516.682,0.69951,1.04642,0.52315,0.91,0.81688,0.5431,0.69268,0.43602,0.80484,0.53448,0.6784,0.45767,1.20464,2.00251,1.22324,1.27294,0.00989902,0.00989902,0.00989902
104,521.657,0.71599,1.05049,0.52027,0.90091,0.73671,0.62539,0.68461,0.43405,0.72499,0.61677,0.65977,0.41048,1.24142,2.0918,1.45886,1.31073,0.00989803,0.00989803,0.00989803
105,526.621,0.72977,1.06801,0.54661,0.90972,0.71539,0.61796,0.68429,0.4621,0.70605,0.61009,0.67518,0.45223,1.20814,2.00388,1.29096,1.24548,0.00989704,0.00989704,0.00989704
106,531.59,0.7472,1.0445,0.53485,0.92227,0.71197,0.60266,0.67298,0.44236,0.62585,0.69671,0.67262,0.44194,1.19849,2.11739,1.46197,1.25263,0.00989605,0.00989605,0.00989605
107,536.541,0.70344,1.01363,0.54459,0.90191,0.7216,0.561,0.61908,0.40087,0.72572,0.5563,0.62746,0.3835,1.34331,2.34236,1.83593,1.31133,0.00989506,0.00989506,0.00989506
108,541.522,0.73714,1.01471,0.55685,0.91335,0.65974,0.55408,0.66862,0.44544,0.75909,0.49468,0.66119,0.41447,1.21851,2.17279,1.49145,1.24689,0.00989407,0.00989407,0.00989407
109,546.47,0.71055,0.96354,0.5361,0.92003,0.80514,0.55091,0.68232,0.47042,0.80514,0.55091,0.68034,0.44857,1.167,2.18286,1.27697,1.22675,0.00989308,0.00989308,0.00989308
110,551.408,0.71739,0.99406,0.5364,0.90153,0.74658,0.48276,0.61949,0.41723,0.78084,0.48638,0.6266,0.38082,1.29639,2.24602,1.54167,1.29882,0.00989209,0.00989209,0.00989209
111,556.385,0.68368,1.02351,0.52604,0.89942,0.71269,0.54175,0.62835,0.44808,0.71243,0.54105,0.63135,0.42516,1.2949,2.18132,1.43835,1.29102,0.0098911,0.0098911,0.0098911
112,561.346,0.71585,1.0552,0.52828,0.91169,0.76277,0.49459,0.60911,0.45004,0.76277,0.49459,0.62474,0.42552,1.25243,2.18075,1.45529,1.2836,0.00989011,0.00989011,0.00989011
113,566.324,0.70509,1.04518,0.53224,0.90337,0.56153,0.47082,0.52461,0.36134,0.57258,0.47944,0.53563,0.35534,1.27646,2.23347,1.84429,1.30266,0.00988912,0.00988912,0.00988912
114,571.306,0.71753,1.09597,0.55319,0.89359,0.74306,0.51176,0.60617,0.4275,0.74881,0.50541,0.60707,0.4111,1.2449,2.18926,1.58875,1.2737,0.00988813,0.00988813,0.00988813
115,576.299,0.7397,0.92944,0.52583,0.91613,0.71613,0.5627,0.66888,0.44597,0.60493,0.65125,0.65799,0.45251,1.28259,2.20306,1.50419,1.33849,0.00988714,0.00988714,0.00988714
116,581.275,0.69547,0.98019,0.53111,0.89836,0.82299,0.56092,0.66953,0.46894,0.8116,0.5523,0.67271,0.4574,1.29525,2.08349,1.56773,1.33527,0.00988615,0.00988615,0.00988615
117,586.276,0.71292,0.945,0.53191,0.91214,0.80071,0.54524,0.66022,0.43832,0.86656,0.54102,0.66661,0.44471,1.2503,2.02853,1.63937,1.29449,0.00988516,0.00988516,0.00988516
118,591.25,0.65092,0.97877,0.50007,0.89531,0.69893,0.60432,0.66197,0.44799,0.7211,0.62697,0.66443,0.44797,1.26036,1.95925,1.61319,1.31639,0.00988417,0.00988417,0.00988417
119,596.235,0.70254,0.96584,0.5092,0.90787,0.72379,0.59953,0.65371,0.44997,0.73717,0.59953,0.65408,0.43538,1.22512,1.93026,1.5484,1.23718,0.00988318,0.00988318,0.00988318
120,601.2,0.66279,0.96358,0.49324,0.89129,0.71504,0.62268,0.6619,0.44818,0.72587,0.6313,0.65977,0.43526,1.2597,1.94893,1.43914,1.22817,0.00988219,0.00988219,0.00988219
121,606.179,0.6996,0.96853,0.51973,0.898,0.66999,0.63399,0.66424,0.44789,0.67901,0.64261,0.66528,0.43121,1.18548,1.95262,1.3787,1.22373,0.0098812,0.0098812,0.0098812
122,611.15,0.64718,0.94029,0.50745,0.88924,0.64679,0.62533,0.66585,0.45745,0.64746,0.62462,0.6681,0.41922,1.22982,2.08903,1.39567,1.26025,0.00988021,0.00988021,0.00988021
123,616.131,0.69821,1.01697,0.54813,0.91502,0.67613,0.59718,0.62884,0.41518,0.67677,0.62695,0.66047,0.40418,1.31577,2.17154,1.40367,1.32423,0.00987922,0.00987922,0.00987922
124,621.114,0.66485,0.9119,0.53844,0.88938,0.6781,0.61055,0.67006,0.43961,0.7105,0.64038,0.7,0.43623,1.2833,2.08121,1.38773,1.29724,0.00987823,0.00987823,0.00987823
125,626.119,0.70184,0.94147,0.51775,0.88314,0.62799,0.56297,0.61891,0.43423,0.66487,0.59224,0.64532,0.42166,1.20651,2.23236,1.38542,1.24432,0.00987724,0.00987724,0.00987724
126,631.123,0.69293,1.0387,0.51326,0.89793,0.65573,0.62853,0.61826,0.42081,0.67274,0.63309,0.6317,0.41823,1.17806,2.12856,1.3268,1.2394,0.00987625,0.00987625,0.00987625
127,636.119,0.6683,0.98029,0.50102,0.88713,0.64731,0.54316,0.618,0.41125,0.64731,0.54316,0.60008,0.4284,1.28914,2.321,1.56861,1.31,0.00987526,0.00987526,0.00987526
128,641.102,0.66726,0.96999,0.52069,0.89324,0.587,0.59169,0.61341,0.42742,0.587,0.59169,0.61914,0.42051,1.21778,2.33025,1.45949,1.29561,0.00987427,0.00987427,0.00987427
129,646.082,0.6582,0.95084,0.50544,0.88987,0.59673,0.60893,0.55583,0.37405,0.59673,0.60893,0.56643,0.35287,1.26548,2.17728,1.48311,1.3353,0.00987328,0.00987328,0.00987328
130,651.074,0.69586,0.97588,0.53418,0.88767,0.52002,0.58856,0.55805,0.38783,0.53686,0.6058,0.58337,0.37494,1.27832,2.10678,1.45916,1.29861,0.00987229,0.00987229,0.00987229
131,656.079,0.68612,0.99298,0.51851,0.90604,0.56586,0.69776,0.61742,0.41042,0.56586,0.69776,0.62598,0.38036,1.23045,2.22025,1.26683,1.32977,0.0098713,0.0098713,0.0098713
132,661.071,0.6635,0.93999,0.5033,0.89944,0.6082,0.64577,0.62531,0.39742,0.6082,0.64577,0.61746,0.36919,1.19143,2.20262,1.23453,1.27272,0.00987031,0.00987031,0.00987031
133,666.048,0.7167,0.9487,0.52304,0.89649,0.66258,0.57445,0.66225,0.43926,0.67252,0.58307,0.66407,0.44606,1.2005,2.12695,1.19239,1.26168,0.00986932,0.00986932,0.00986932
134,671.02,0.73935,1.0196,0.54069,0.91545,0.65354,0.61809,0.65699,0.43723,0.61897,0.65439,0.64047,0.42044,1.22788,2.14438,1.24506,1.29084,0.00986833,0.00986833,0.00986833
135,676.03,0.64511,0.97028,0.49695,0.87915,0.69764,0.65674,0.66849,0.42354,0.67786,0.6395,0.63497,0.38959,1.22503,2.30672,1.40425,1.26336,0.00986734,0.00986734,0.00986734
136,681.018,0.66316,1.00267,0.50227,0.90054,0.72191,0.59718,0.67987,0.44859,0.6447,0.67558,0.68489,0.44344,1.22358,2.25191,1.29182,1.26788,0.00986635,0.00986635,0.00986635
137,686.017,0.69385,0.98912,0.50907,0.89132,0.70618,0.64263,0.69895,0.46646,0.70618,0.64263,0.69019,0.45596,1.18833,2.3112,1.37693,1.25575,0.00986536,0.00986536,0.00986536
138,691.001,0.65664,0.94695,0.49298,0.89723,0.78102,0.63951,0.73795,0.50391,0.77904,0.60815,0.72254,0.50877,1.16844,2.32583,1.34955,1.22925,0.00986437,0.00986437,0.00986437
139,696.038,0.65853,0.93713,0.49571,0.89198,0.80494,0.57786,0.68441,0.47913,0.68983,0.64332,0.69969,0.47044,1.16596,2.405,1.33196,1.238,0.00986338,0.00986338,0.00986338
140,700.994,0.70978,0.97046,0.51768,0.90327,0.7333,0.57445,0.64018,0.42878,0.69346,0.62646,0.64603,0.43286,1.27955,2.50873,1.68879,1.34323,0.00986239,0.00986239,0.00986239
141,705.987,0.63913,0.9456,0.48376,0.87823,0.78242,0.64577,0.71617,0.51053,0.80902,0.6685,0.73617,0.48758,1.12115,2.37659,1.29382,1.20408,0.0098614,0.0098614,0.0098614
142,710.99,0.64838,0.9895,0.4612,0.88615,0.7909,0.6685,0.71015,0.47556,0.7909,0.6685,0.70682,0.47243,1.15766,2.30202,1.38984,1.23171,0.00986041,0.00986041,0.00986041
143,715.977,0.64409,0.97474,0.48133,0.8871,0.8442,0.64028,0.71705,0.47783,0.8442,0.64028,0.71182,0.45774,1.20542,2.31029,1.23807,1.29172,0.00985942,0.00985942,0.00985942
144,720.948,0.64662,0.97227,0.48246,0.8865,0.78006,0.68736,0.72904,0.48699,0.78006,0.68736,0.72557,0.45109,1.17432,2.21196,1.26556,1.23553,0.00985843,0.00985843,0.00985843
145,725.941,0.65822,0.92917,0.49695,0.88323,0.76251,0.61442,0.68545,0.48103,0.72684,0.66813,0.70345,0.4333,1.19857,2.21056,1.23683,1.27973,0.00985744,0.00985744,0.00985744
146,730.919,0.65287,0.96816,0.51008,0.89818,0.66077,0.63715,0.64367,0.4457,0.67909,0.65439,0.66678,0.4253,1.15738,2.31464,1.33379,1.25808,0.00985645,0.00985645,0.00985645
147,735.895,0.68492,1.00656,0.51942,0.886,0.64156,0.65125,0.66052,0.40781,0.66025,0.67787,0.67338,0.40797,1.26935,2.27229,1.40116,1.30721,0.00985546,0.00985546,0.00985546
148,740.871,0.65805,0.95446,0.48982,0.90102,0.69405,0.78389,0.73601,0.48384,0.69405,0.78389,0.7434,0.46574,1.15187,2.1291,1.22285,1.25876,0.00985447,0.00985447,0.00985447
149,745.863,0.68749,0.90586,0.49677,0.88807,0.64827,0.78213,0.7133,0.4783,0.64827,0.78213,0.72369,0.46756,1.1974,2.04989,1.27424,1.28134,0.00985348,0.00985348,0.00985348
150,750.887,0.63498,0.90111,0.47513,0.86961,0.6071,0.75392,0.69014,0.45914,0.59937,0.7453,0.68486,0.45826,1.21625,1.95918,1.28572,1.289,0.00985249,0.00985249,0.00985249
151,755.866,0.66418,0.90722,0.48917,0.88308,0.70781,0.65125,0.68478,0.45853,0.6981,0.64263,0.6774,0.46687,1.18952,2.15275,1.35993,1.26409,0.0098515,0.0098515,0.0098515
152,760.855,0.66105,0.87091,0.49934,0.88764,0.74807,0.64268,0.68735,0.4528,0.73809,0.63437,0.66256,0.43843,1.21,2.20627,1.38111,1.25237,0.00985051,0.00985051,0.00985051
153,765.859,0.65007,0.8677,0.49292,0.88363,0.76673,0.58787,0.65204,0.45039,0.77883,0.5965,0.64981,0.44007,1.23406,2.26882,1.45026,1.28231,0.00984952,0.00984952,0.00984952
154,770.84,0.63659,0.87385,0.49103,0.89201,0.72662,0.57687,0.66473,0.45947,0.77113,0.60798,0.68104,0.4584,1.22829,2.17559,1.45592,1.23656,0.00984853,0.00984853,0.00984853
155,775.825,0.67096,0.90063,0.49974,0.88751,0.7395,0.59256,0.64651,0.43754,0.76489,0.61529,0.67263,0.40735,1.19012,2.27397,1.49565,1.25728,0.00984754,0.00984754,0.00984754
156,780.818,0.57809,0.86218,0.45236,0.8686,0.75826,0.55325,0.6598,0.46527,0.7229,0.59089,0.68469,0.42394,1.15708,2.27051,1.45474,1.25246,0.00984655,0.00984655,0.00984655
157,785.788,0.63598,0.89796,0.48881,0.88275,0.6437,0.57132,0.62965,0.45053,0.64577,0.58408,0.63877,0.42721,1.1493,2.29245,1.54267,1.25873,0.00984556,0.00984556,0.00984556
158,790.779,0.63461,0.93038,0.47077,0.88724,0.65085,0.57445,0.62445,0.44288,0.63109,0.61442,0.63033,0.41415,1.22877,2.37611,1.53095,1.30722,0.00984457,0.00984457,0.00984457
159,795.767,0.63591,0.91177,0.48536,0.8758,0.76216,0.50627,0.61945,0.44196,0.76216,0.50627,0.6127,0.40926,1.27379,2.39605,1.47249,1.34323,0.00984358,0.00984358,0.00984358
160,800.763,0.63418,0.98911,0.48608,0.8834,0.60554,0.57994,0.62779,0.43447,0.61532,0.58856,0.61984,0.40021,1.24998,2.34343,1.67486,1.32613,0.00984259,0.00984259,0.00984259
161,805.763,0.60968,0.93925,0.48545,0.87196,0.6543,0.58801,0.59743,0.4014,0.66293,0.59526,0.5923,0.36074,1.3093,2.44739,1.67268,1.31542,0.0098416,0.0098416,0.0098416
162,810.732,0.64986,0.86368,0.47941,0.88358,0.5866,0.63791,0.6301,0.41635,0.59569,0.64653,0.62644,0.38919,1.28108,2.40352,1.71466,1.32052,0.00984061,0.00984061,0.00984061
163,815.742,0.67166,0.9484,0.50821,0.8895,0.68894,0.59404,0.67362,0.48289,0.67748,0.58542,0.66247,0.43814,1.20065,2.2174,1.51466,1.29315,0.00983962,0.00983962,0.00983962
164,820.719,0.65143,0.91482,0.51541,0.89806,0.78886,0.59275,0.68891,0.47251,0.77876,0.58413,0.67837,0.43859,1.2459,2.20191,1.42251,1.31666,0.00983863,0.00983863,0.00983863
165,825.741,0.6542,0.9663,0.5078,0.87185,0.67039,0.55721,0.62636,0.42192,0.66031,0.54859,0.6191,0.41661,1.30823,2.20161,1.46148,1.35579,0.00983764,0.00983764,0.00983764
166,830.757,0.62916,0.90197,0.4746,0.88699,0.73602,0.57445,0.62838,0.41901,0.71421,0.55721,0.60625,0.42698,1.25379,2.3836,1.41105,1.32611,0.00983665,0.00983665,0.00983665
167,835.757,0.67453,0.994,0.49493,0.8891,0.60183,0.5768,0.62169,0.43014,0.62289,0.59953,0.63446,0.44054,1.20874,2.29524,1.46562,1.30823,0.00983566,0.00983566,0.00983566
168,840.732,0.66661,1.02114,0.52636,0.90371,0.72989,0.56932,0.66278,0.45969,0.72803,0.59404,0.67322,0.46893,1.19146,2.13548,1.42861,1.30279,0.00983467,0.00983467,0.00983467
169,845.709,0.63205,0.91889,0.4818,0.89355,0.7334,0.60919,0.6478,0.45731,0.72245,0.61129,0.66714,0.44464,1.16951,2.11692,1.44404,1.28406,0.00983368,0.00983368,0.00983368
170,850.696,0.62608,0.84525,0.49018,0.88715,0.75453,0.53167,0.6297,0.42694,0.68721,0.59091,0.66075,0.42777,1.2214,2.05688,1.51906,1.3058,0.00983269,0.00983269,0.00983269
171,855.703,0.61659,0.88896,0.49241,0.87389,0.69607,0.55101,0.6392,0.43456,0.70753,0.55963,0.65779,0.42087,1.24858,2.06208,1.58231,1.35619,0.0098317,0.0098317,0.0098317
172,860.704,0.63273,0.86027,0.49483,0.8753,0.69504,0.58542,0.64309,0.43942,0.70719,0.59404,0.65618,0.41858,1.21997,2.14512,1.66678,1.33751,0.00983071,0.00983071,0.00983071
173,865.7,0.60106,0.86969,0.47292,0.8626,0.72302,0.56204,0.65924,0.46648,0.66123,0.60858,0.67417,0.44626,1.1556,2.1387,1.60251,1.28081,0.00982972,0.00982972,0.00982972
174,870.702,0.6088,0.88899,0.45979,0.87731,0.75817,0.51496,0.65213,0.45876,0.69753,0.6395,0.6819,0.42474,1.20309,2.22083,1.50067,1.29975,0.00982873,0.00982873,0.00982873
175,875.7,0.63143,0.84389,0.46894,0.88244,0.61913,0.6058,0.67447,0.48436,0.6424,0.62853,0.69062,0.44656,1.20263,2.17707,1.37288,1.31068,0.00982774,0.00982774,0.00982774
176,880.684,0.61027,0.91327,0.46172,0.88147,0.67214,0.64577,0.69741,0.47866,0.71274,0.6685,0.71171,0.43486,1.21397,2.27308,1.35878,1.34444,0.00982675,0.00982675,0.00982675
177,885.685,0.59589,0.87822,0.44974,0.8792,0.59728,0.662,0.68394,0.50331,0.68779,0.63712,0.69714,0.46603,1.20973,2.24422,1.45039,1.34115,0.00982576,0.00982576,0.00982576
178,890.665,0.63394,0.87119,0.45731,0.86329,0.56052,0.71708,0.69232,0.48891,0.6955,0.60758,0.6956,0.46208,1.17886,2.28632,1.40179,1.30547,0.00982477,0.00982477,0.00982477
179,895.694,0.65866,0.90484,0.49199,0.88042,0.6274,0.68809,0.66342,0.47667,0.66399,0.71598,0.68199,0.42991,1.20948,2.39166,1.48004,1.32813,0.00982378,0.00982378,0.00982378
180,900.678,0.6524,0.8801,0.48018,0.88401,0.70327,0.62226,0.68006,0.49461,0.70327,0.62226,0.67562,0.44761,1.19862,2.47106,1.58024,1.29485,0.00982279,0.00982279,0.00982279
181,905.694,0.61469,0.85988,0.46291,0.87567,0.72666,0.66713,0.66282,0.47646,0.74222,0.6822,0.67303,0.45012,1.22804,2.36498,1.79296,1.2723,0.0098218,0.0098218,0.0098218
182,910.712,0.61181,0.85901,0.44957,0.86954,0.67518,0.6395,0.67899,0.48866,0.69721,0.66223,0.67276,0.4742,1.21441,2.41072,1.67691,1.24547,0.00982081,0.00982081,0.00982081
183,915.701,0.62854,0.87591,0.47593,0.89465,0.63435,0.6241,0.64055,0.44876,0.61896,0.64812,0.63694,0.43847,1.19546,2.52522,1.72502,1.2541,0.00981982,0.00981982,0.00981982
184,920.698,0.61371,0.855,0.44907,0.89335,0.59447,0.68746,0.64615,0.44797,0.65645,0.62323,0.64682,0.43483,1.16331,2.60964,1.66795,1.26346,0.00981883,0.00981883,0.00981883
185,925.684,0.56957,0.8635,0.42299,0.88224,0.61663,0.60285,0.64476,0.46432,0.5771,0.66223,0.62929,0.43607,1.17421,2.50877,1.66097,1.30153,0.00981784,0.00981784,0.00981784
186,930.699,0.60786,0.83627,0.45001,0.87,0.55753,0.68357,0.66424,0.47283,0.57755,0.70408,0.66766,0.45355,1.19014,2.48306,1.55735,1.2888,0.00981685,0.00981685,0.00981685
187,935.696,0.59862,0.8698,0.46124,0.88267,0.70133,0.50989,0.63882,0.4629,0.70133,0.50989,0.63195,0.42486,1.17334,2.40737,1.56468,1.28044,0.00981586,0.00981586,0.00981586
188,940.689,0.63029,0.86314,0.46714,0.88816,0.63848,0.59326,0.63478,0.44633,0.62797,0.58464,0.64033,0.4476,1.27096,2.40455,1.60219,1.35638,0.00981487,0.00981487,0.00981487
189,945.699,0.64935,0.93108,0.48264,0.89455,0.56599,0.67152,0.63148,0.44715,0.58157,0.69407,0.64764,0.42683,1.29847,2.26524,1.52556,1.3372,0.00981388,0.00981388,0.00981388
190,950.685,0.61997,0.84599,0.46075,0.87791,0.76046,0.56653,0.66012,0.44968,0.78335,0.59707,0.66885,0.43869,1.33045,2.29806,1.46999,1.36838,0.00981289,0.00981289,0.00981289
191,955.713,0.61022,0.84322,0.46034,0.87952,0.67711,0.64447,0.68828,0.46864,0.75162,0.61991,0.70105,0.48416,1.27355,2.31495,1.2737,1.30352,0.0098119,0.0098119,0.0098119
192,960.725,0.64381,0.96728,0.48372,0.9006,0.7565,0.60266,0.70375,0.47618,0.74984,0.61427,0.71825,0.47641,1.22717,2.45867,1.31823,1.27602,0.00981091,0.00981091,0.00981091
193,965.732,0.59919,0.83603,0.46146,0.86982,0.70546,0.65674,0.71293,0.48613,0.69397,0.64812,0.70271,0.49409,1.18003,2.61065,1.34852,1.24822,0.00980992,0.00980992,0.00980992
194,970.729,0.60906,0.93909,0.46897,0.87704,0.74769,0.58542,0.69776,0.4468,0.73134,0.58542,0.70949,0.46537,1.21172,2.50704,1.46047,1.27318,0.00980893,0.00980893,0.00980893
195,975.739,0.59763,0.8596,0.42587,0.87172,0.63119,0.62853,0.64866,0.43215,0.63119,0.62853,0.65189,0.44016,1.26958,2.40565,1.53495,1.32024,0.00980794,0.00980794,0.00980794
196,980.766,0.61452,0.8915,0.44826,0.86833,0.654,0.58856,0.64491,0.43126,0.66297,0.59718,0.64905,0.44019,1.21987,2.1559,1.5032,1.266,0.00980695,0.00980695,0.00980695
197,985.78,0.58022,0.84204,0.44131,0.87495,0.66716,0.62853,0.66333,0.44857,0.67619,0.63715,0.67244,0.44029,1.21383,2.11183,1.42877,1.27029,0.00980596,0.00980596,0.00980596
198,990.841,0.61255,0.93833,0.45104,0.88133,0.74804,0.54447,0.66484,0.46731,0.76909,0.56171,0.67455,0.44614,1.16828,2.14603,1.3674,1.24884,0.00980497,0.00980497,0.00980497
199,995.834,0.64339,0.92733,0.49029,0.88666,0.75432,0.60266,0.67033,0.48715,0.77819,0.61991,0.68882,0.42846,1.07638,2.14833,1.34596,1.17644,0.00980398,0.00980398,0.00980398
200,1000.82,0.60479,0.85137,0.46719,0.87132,0.64948,0.66449,0.68226,0.49967,0.65891,0.67311,0.68778,0.43587,1.07431,2.15744,1.44138,1.17832,0.00980299,0.00980299,0.00980299
201,1005.84,0.59449,0.82492,0.45031,0.86211,0.56819,0.62853,0.65023,0.44388,0.56671,0.62853,0.64756,0.42223,1.17485,2.30035,1.66233,1.25863,0.009802,0.009802,0.009802
202,1010.86,0.57932,0.84385,0.44812,0.8628,0.60757,0.55279,0.60886,0.41567,0.60757,0.55279,0.60093,0.40435,1.26107,2.40346,1.57269,1.31794,0.00980101,0.00980101,0.00980101
203,1015.88,0.59638,0.84001,0.45314,0.88009,0.62256,0.68574,0.63238,0.4151,0.62063,0.68508,0.62422,0.42599,1.23091,2.36042,1.38842,1.29654,0.00980002,0.00980002,0.00980002
204,1020.88,0.62938,0.97035,0.46717,0.86471,0.83503,0.54851,0.67406,0.45184,0.79083,0.58364,0.68138,0.46252,1.28251,2.43066,1.43993,1.34208,0.00979903,0.00979903,0.00979903
205,1025.9,0.5717,0.86063,0.43068,0.85776,0.7001,0.63129,0.68798,0.48544,0.73565,0.65125,0.70174,0.47381,1.25212,2.39524,1.32113,1.33278,0.00979804,0.00979804,0.00979804
206,1030.91,0.62802,0.90688,0.48214,0.89742,0.71982,0.6058,0.68235,0.46562,0.75748,0.63715,0.71598,0.47006,1.28463,2.39041,1.24965,1.33204,0.00979705,0.00979705,0.00979705
207,1035.91,0.57797,0.83486,0.44408,0.87153,0.64284,0.60125,0.5962,0.40751,0.64105,0.62539,0.61572,0.40858,1.40431,2.44176,1.63385,1.38508,0.00979606,0.00979606,0.00979606
208,1040.94,0.5802,0.82279,0.43924,0.88033,0.64933,0.6198,0.66836,0.45423,0.71656,0.61991,0.68074,0.44514,1.31274,2.33771,1.57152,1.31295,0.00979507,0.00979507,0.00979507
209,1045.96,0.59443,0.82381,0.43835,0.86129,0.65618,0.61346,0.63848,0.44313,0.71384,0.63121,0.67836,0.45961,1.27209,2.16365,1.52158,1.28777,0.00979408,0.00979408,0.00979408
210,1050.97,0.61647,0.82583,0.4583,0.87294,0.65273,0.61922,0.65308,0.45851,0.78376,0.5627,0.66008,0.45235,1.19786,2.02903,1.48277,1.248,0.00979309,0.00979309,0.00979309
211,1055.99,0.61337,0.83744,0.46589,0.8682,0.71521,0.59404,0.65903,0.48586,0.78627,0.58292,0.67824,0.4909,1.1513,1.97878,1.46374,1.23663,0.0097921,0.0097921,0.0097921
212,1060.95,0.56135,0.81491,0.42426,0.86059,0.66489,0.61129,0.6218,0.44276,0.69075,0.63401,0.6525,0.44051,1.23506,2.10168,1.61763,1.30163,0.00979111,0.00979111,0.00979111
213,1065.94,0.5837,0.76266,0.43693,0.86223,0.84329,0.49996,0.62122,0.43456,0.78699,0.52745,0.63653,0.448,1.33923,2.15844,1.55511,1.34776,0.00979012,0.00979012,0.00979012
214,1070.94,0.58507,0.78391,0.42294,0.86009,0.7114,0.57178,0.62082,0.44229,0.73917,0.59435,0.62953,0.43368,1.32347,2.31029,1.41699,1.38381,0.00978913,0.00978913,0.00978913
215,1075.97,0.5759,0.8764,0.42993,0.86991,0.67008,0.58582,0.61191,0.42413,0.6678,0.58307,0.6044,0.41333,1.33207,2.509,1.35977,1.43762,0.00978814,0.00978814,0.00978814
216,1080.96,0.56695,0.85924,0.44035,0.86772,0.68442,0.56034,0.61333,0.41536,0.67697,0.58264,0.6077,0.4098,1.23797,2.45312,1.36776,1.32779,0.00978715,0.00978715,0.00978715
217,1085.98,0.58246,0.83967,0.44729,0.87193,0.67973,0.68574,0.63987,0.43505,0.67621,0.69846,0.6461,0.44001,1.26451,2.36849,1.30766,1.35733,0.00978616,0.00978616,0.00978616
218,1090.97,0.57627,0.84502,0.4168,0.8569,0.68116,0.64577,0.624,0.43657,0.65534,0.62817,0.60597,0.41773,1.28901,2.54534,1.39414,1.41358,0.00978517,0.00978517,0.00978517
219,1095.99,0.57949,0.82973,0.45088,0.87824,0.82823,0.54517,0.64314,0.44482,0.80491,0.52793,0.64808,0.42395,1.20257,2.55394,1.44552,1.3293,0.00978418,0.00978418,0.00978418
220,1101.01,0.59694,0.86945,0.46718,0.86716,0.66282,0.61755,0.65545,0.45244,0.65381,0.60893,0.65458,0.43023,1.20108,2.48889,1.32163,1.32202,0.00978319,0.00978319,0.00978319
221,1106.03,0.57234,0.80018,0.45772,0.86054,0.69743,0.64191,0.67611,0.461,0.70616,0.65053,0.68301,0.44978,1.17699,2.30242,1.29919,1.28421,0.0097822,0.0097822,0.0097822
222,1111.07,0.60118,0.85279,0.4417,0.85498,0.55061,0.62853,0.64756,0.45551,0.59022,0.64577,0.65845,0.42883,1.22786,2.3807,1.43548,1.30741,0.00978121,0.00978121,0.00978121
223,1116.07,0.56177,0.79541,0.446,0.85593,0.61642,0.61442,0.64384,0.45116,0.64897,0.64577,0.66407,0.45515,1.2805,2.55542,1.42408,1.3484,0.00978022,0.00978022,0.00978022
224,1121.11,0.5726,0.83754,0.43255,0.87018,0.85072,0.48606,0.63332,0.43735,0.85699,0.48297,0.63018,0.41698,1.19261,2.52603,1.37102,1.27127,0.00977923,0.00977923,0.00977923
225,1126.12,0.55419,0.84345,0.44041,0.87402,0.79671,0.53554,0.64931,0.46653,0.80622,0.54416,0.64818,0.43124,1.17666,2.26609,1.33211,1.27861,0.00977824,0.00977824,0.00977824
226,1131.11,0.5842,0.8457,0.44453,0.87493,0.59897,0.65439,0.66907,0.47492,0.62518,0.62602,0.66918,0.43758,1.20105,2.36933,1.36058,1.3267,0.00977725,0.00977725,0.00977725
227,1136.12,0.58086,0.87667,0.43628,0.86138,0.64206,0.62697,0.68823,0.48938,0.65107,0.63559,0.68395,0.4397,1.14389,2.54315,1.29655,1.27429,0.00977626,0.00977626,0.00977626
228,1141.14,0.59638,0.85872,0.445,0.87349,0.54791,0.61442,0.63772,0.43786,0.55733,0.62304,0.63781,0.41221,1.25017,2.67221,1.39931,1.35902,0.00977527,0.00977527,0.00977527
229,1146.15,0.59451,0.84956,0.43183,0.86687,0.58454,0.64121,0.63225,0.45254,0.58454,0.64121,0.62161,0.41409,1.26298,2.37326,1.33999,1.37238,0.00977428,0.00977428,0.00977428
230,1151.17,0.59382,0.82987,0.45664,0.85962,0.59147,0.65361,0.60883,0.4215,0.61794,0.67085,0.61247,0.41235,1.21437,2.24266,1.44258,1.30456,0.00977329,0.00977329,0.00977329
231,1156.21,0.60589,0.79837,0.45522,0.85342,0.60607,0.6395,0.64366,0.45429,0.64636,0.67947,0.65782,0.43163,1.12621,2.13627,1.40103,1.20363,0.0097723,0.0097723,0.0097723
232,1161.23,0.56423,0.82087,0.43723,0.85957,0.66984,0.63233,0.69713,0.50489,0.72743,0.66885,0.70999,0.48829,1.10655,2.00355,1.30081,1.19483,0.00977131,0.00977131,0.00977131
233,1166.25,0.59298,0.79304,0.45848,0.86472,0.63184,0.70379,0.71638,0.52323,0.66867,0.73914,0.72863,0.48898,1.08069,1.97555,1.18704,1.21285,0.00977032,0.00977032,0.00977032
234,1171.28,0.58386,0.83528,0.44156,0.86819,0.74996,0.63198,0.73294,0.51403,0.67034,0.7497,0.74149,0.49209,1.14179,1.95214,1.26489,1.24548,0.00976933,0.00976933,0.00976933
235,1176.3,0.59591,0.82941,0.43696,0.87968,0.71437,0.70219,0.71253,0.50214,0.69322,0.73731,0.72235,0.49811,1.18104,2.03221,1.2726,1.30737,0.00976834,0.00976834,0.00976834
236,1181.28,0.52045,0.80819,0.4053,0.86645,0.71471,0.7594,0.69854,0.49067,0.72503,0.76803,0.72835,0.4768,1.18496,2.06738,1.29658,1.28411,0.00976735,0.00976735,0.00976735
237,1186.29,0.55447,0.79185,0.41239,0.8625,0.65221,0.72748,0.67836,0.50176,0.69806,0.74216,0.75953,0.50642,1.16312,2.12251,1.31079,1.24727,0.00976636,0.00976636,0.00976636
238,1191.29,0.5692,0.8015,0.42513,0.86794,0.69276,0.71477,0.74191,0.50938,0.69881,0.72758,0.75156,0.49876,1.13389,2.18466,1.36992,1.22431,0.00976537,0.00976537,0.00976537
239,1196.28,0.57681,0.84824,0.43633,0.87378,0.72336,0.66948,0.68934,0.51363,0.71924,0.68809,0.70246,0.48494,1.12467,2.29809,1.20902,1.27801,0.00976438,0.00976438,0.00976438
240,1201.28,0.52711,0.78005,0.40736,0.86132,0.71174,0.65627,0.67954,0.48343,0.69144,0.63966,0.68311,0.44899,1.22975,2.25117,1.26731,1.33087,0.00976339,0.00976339,0.00976339
241,1206.29,0.56767,0.81277,0.43667,0.86594,0.71532,0.60266,0.67692,0.46695,0.70278,0.59434,0.6736,0.44361,1.30583,2.25525,1.50844,1.36543,0.0097624,0.0097624,0.0097624
242,1211.3,0.5939,0.84735,0.43773,0.86741,0.6775,0.62035,0.65715,0.43921,0.66625,0.61173,0.6556,0.44386,1.31994,2.23783,1.43694,1.36295,0.00976141,0.00976141,0.00976141
243,1216.33,0.55434,0.78612,0.41587,0.85862,0.72434,0.53827,0.63286,0.43247,0.71034,0.52994,0.61379,0.41261,1.30382,2.21698,1.67306,1.34595,0.00976042,0.00976042,0.00976042
244,1221.35,0.53337,0.79997,0.40755,0.85587,0.81321,0.52236,0.67319,0.46293,0.79849,0.51374,0.66603,0.442,1.26271,2.22797,1.68364,1.35635,0.00975943,0.00975943,0.00975943
245,1226.38,0.56713,0.81914,0.41355,0.85396,0.78451,0.56249,0.66688,0.45581,0.79102,0.56464,0.66814,0.43219,1.20409,2.31636,1.51921,1.31608,0.00975844,0.00975844,0.00975844
246,1231.35,0.55918,0.8408,0.42739,0.87187,0.72573,0.57667,0.6691,0.4705,0.73805,0.58521,0.67081,0.43955,1.1767,2.33468,1.38715,1.29247,0.00975745,0.00975745,0.00975745
247,1236.35,0.5791,0.89239,0.44088,0.86764,0.76429,0.60106,0.68151,0.48273,0.76429,0.60106,0.68169,0.45713,1.17752,2.26714,1.43358,1.31191,0.00975646,0.00975646,0.00975646
248,1241.33,0.55056,0.82015,0.4184,0.85957,0.74662,0.63401,0.69572,0.50982,0.74483,0.63401,0.70324,0.47143,1.14844,2.27227,1.44752,1.30227,0.00975547,0.00975547,0.00975547
249,1246.32,0.6246,0.89194,0.44578,0.89634,0.70999,0.64263,0.71181,0.52431,0.71981,0.65125,0.71799,0.46047,1.16091,2.25217,1.28404,1.25114,0.00975448,0.00975448,0.00975448
250,1251.32,0.55468,0.7663,0.413,0.84256,0.7442,0.60703,0.69557,0.50036,0.75504,0.61565,0.7028,0.46342,1.16331,2.20138,1.27437,1.27968,0.00975349,0.00975349,0.00975349
251,1256.32,0.55897,0.79685,0.41142,0.87925,0.67672,0.70284,0.69146,0.48982,0.67249,0.69718,0.69014,0.46443,1.17943,2.29008,1.37719,1.30431,0.0097525,0.0097525,0.0097525
252,1261.33,0.55754,0.83064,0.43114,0.8492,0.58926,0.68469,0.66241,0.45061,0.64302,0.61129,0.66427,0.4439,1.21863,2.29165,1.51997,1.34232,0.00975151,0.00975151,0.00975151
253,1266.32,0.58201,0.81757,0.45353,0.8721,0.60507,0.61446,0.60076,0.39279,0.60507,0.61446,0.60426,0.3893,1.28494,2.34659,1.66313,1.36029,0.00975052,0.00975052,0.00975052
254,1271.36,0.52879,0.75131,0.40916,0.84519,0.56744,0.56034,0.57848,0.41249,0.58801,0.58307,0.62347,0.3902,1.1972,2.44475,1.61217,1.32938,0.00974953,0.00974953,0.00974953
255,1276.37,0.56984,0.81392,0.43553,0.86318,0.84143,0.46988,0.6284,0.42257,0.84143,0.46988,0.6315,0.38132,1.21905,2.67609,1.53856,1.34508,0.00974854,0.00974854,0.00974854
256,1281.39,0.5501,0.77252,0.40436,0.86116,0.75593,0.5,0.62447,0.41952,0.75593,0.5,0.60741,0.38981,1.2255,2.67798,1.53133,1.33924,0.00974755,0.00974755,0.00974755
257,1286.41,0.58014,0.80967,0.43289,0.86302,0.7503,0.52038,0.61841,0.43717,0.73902,0.51176,0.60383,0.39875,1.20819,2.57285,1.46701,1.33505,0.00974656,0.00974656,0.00974656
258,1291.41,0.55806,0.78611,0.4139,0.85996,0.80892,0.46317,0.63304,0.45046,0.63096,0.53567,0.62083,0.413,1.23012,2.63814,1.50729,1.32637,0.00974557,0.00974557,0.00974557
259,1296.44,0.54501,0.7695,0.4205,0.85422,0.77662,0.51575,0.67222,0.47635,0.76437,0.50713,0.65837,0.42517,1.18439,2.55001,1.36167,1.29632,0.00974458,0.00974458,0.00974458
260,1301.43,0.54145,0.83173,0.40991,0.86206,0.5839,0.72618,0.6763,0.46651,0.57612,0.71756,0.65972,0.43796,1.18149,2.43979,1.39247,1.28496,0.00974359,0.00974359,0.00974359
261,1306.44,0.55095,0.78516,0.42812,0.84978,0.67861,0.63166,0.6876,0.48724,0.66059,0.61442,0.66591,0.45576,1.16995,2.42309,1.33074,1.27514,0.0097426,0.0097426,0.0097426
262,1311.47,0.55435,0.77549,0.40238,0.85468,0.60908,0.71106,0.70322,0.49157,0.594,0.69382,0.68639,0.48312,1.19633,2.33931,1.33749,1.29523,0.00974161,0.00974161,0.00974161
263,1316.5,0.57231,0.79999,0.4195,0.85617,0.59059,0.73746,0.70001,0.50978,0.58465,0.72884,0.69034,0.47581,1.18046,2.29479,1.15121,1.3084,0.00974062,0.00974062,0.00974062
264,1321.5,0.51244,0.72413,0.39835,0.85284,0.6085,0.66958,0.69966,0.49231,0.59354,0.65278,0.6831,0.46857,1.21145,2.39655,1.32808,1.29752,0.00973963,0.00973963,0.00973963
265,1326.5,0.53116,0.76758,0.41244,0.85498,0.64032,0.71384,0.69541,0.50419,0.64032,0.71384,0.69692,0.47463,1.14857,2.29313,1.33483,1.25598,0.00973864,0.00973864,0.00973864
266,1331.5,0.55204,0.79494,0.42594,0.85985,0.65851,0.65216,0.67323,0.49118,0.64916,0.64412,0.66965,0.46313,1.22221,2.26757,1.40721,1.31338,0.00973765,0.00973765,0.00973765
267,1336.5,0.53166,0.78809,0.40095,0.84968,0.71969,0.58856,0.66531,0.49846,0.74059,0.57994,0.66879,0.4842,1.16604,2.28915,1.41252,1.2711,0.00973666,0.00973666,0.00973666
268,1341.51,0.51569,0.80196,0.39826,0.85786,0.77298,0.53683,0.64285,0.47075,0.80152,0.55408,0.66231,0.46482,1.20805,2.30921,1.57431,1.27349,0.00973567,0.00973567,0.00973567
269,1346.54,0.57086,0.73779,0.41724,0.86417,0.65455,0.64483,0.65708,0.47368,0.66524,0.65295,0.66451,0.49193,1.17718,2.21431,1.55303,1.23908,0.00973468,0.00973468,0.00973468
270,1351.56,0.53177,0.74713,0.41903,0.85954,0.78082,0.53076,0.63912,0.48803,0.78467,0.53571,0.65828,0.49204,1.13682,2.07377,1.60581,1.22615,0.00973369,0.00973369,0.00973369
271,1356.56,0.52175,0.77474,0.41119,0.84843,0.7213,0.53718,0.62128,0.47657,0.7213,0.53718,0.62156,0.45073,1.13511,2.09496,1.76846,1.20812,0.0097327,0.0097327,0.0097327
272,1361.58,0.55342,0.77916,0.43992,0.86726,0.74396,0.5793,0.62605,0.46976,0.74396,0.5793,0.62577,0.44003,1.11334,2.06423,1.63136,1.2119,0.00973171,0.00973171,0.00973171
273,1366.61,0.52296,0.7512,0.40868,0.85226,0.7207,0.59091,0.67027,0.51717,0.73426,0.59953,0.67094,0.48477,1.07533,2.10401,1.44672,1.19603,0.00973072,0.00973072,0.00973072
274,1371.62,0.54331,0.72404,0.40564,0.86358,0.72894,0.60266,0.66396,0.49502,0.74034,0.61129,0.67837,0.47523,1.09611,2.1922,1.33607,1.20337,0.00972973,0.00972973,0.00972973
275,1376.63,0.55153,0.76771,0.40944,0.86245,0.69038,0.64263,0.71382,0.54313,0.69038,0.64263,0.72794,0.49026,1.11018,2.15484,1.28954,1.23312,0.00972874,0.00972874,0.00972874
276,1381.67,0.53573,0.74903,0.40811,0.85321,0.60728,0.69984,0.70637,0.51612,0.63128,0.66135,0.69119,0.46812,1.15109,2.18213,1.38351,1.27542,0.00972775,0.00972775,0.00972775
277,1386.68,0.52656,0.75664,0.42074,0.84329,0.81661,0.5223,0.66534,0.47044,0.81661,0.5223,0.66552,0.43349,1.23459,2.1441,1.62342,1.3147,0.00972676,0.00972676,0.00972676
278,1391.71,0.54089,0.78464,0.42466,0.85711,0.75087,0.52273,0.65676,0.48314,0.75087,0.52273,0.63247,0.42128,1.09828,2.24716,1.58223,1.25169,0.00972577,0.00972577,0.00972577
279,1396.74,0.53325,0.78986,0.41532,0.8568,0.75711,0.5321,0.69756,0.51742,0.76708,0.54284,0.69286,0.47024,1.09789,2.33587,1.57997,1.26533,0.00972478,0.00972478,0.00972478
280,1401.74,0.54966,0.73933,0.40566,0.84957,0.64298,0.57132,0.65756,0.49773,0.64298,0.57132,0.65833,0.45148,1.05567,2.29854,1.48048,1.2018,0.00972379,0.00972379,0.00972379
281,1406.77,0.52907,0.71327,0.40258,0.84101,0.63582,0.56011,0.63616,0.48595,0.63482,0.56818,0.63959,0.4452,1.08425,2.32499,1.66907,1.21604,0.0097228,0.0097228,0.0097228
282,1411.79,0.5595,0.7237,0.41877,0.86023,0.5978,0.61766,0.66419,0.49967,0.59686,0.60815,0.65435,0.46802,1.11438,2.28952,1.56984,1.20908,0.00972181,0.00972181,0.00972181
283,1416.82,0.56566,0.78728,0.43262,0.85473,0.75149,0.58856,0.67466,0.5057,0.74348,0.5627,0.66087,0.47605,1.15499,2.31072,1.4335,1.21749,0.00972082,0.00972082,0.00972082
284,1421.85,0.56128,0.77223,0.41148,0.85147,0.67498,0.6489,0.68441,0.50042,0.66718,0.64028,0.68456,0.49104,1.11172,2.32536,1.32129,1.18602,0.00971983,0.00971983,0.00971983
285,1426.88,0.59734,0.89879,0.4215,0.87975,0.80287,0.58621,0.6866,0.50976,0.79253,0.57759,0.6732,0.47461,1.0793,2.28016,1.24284,1.20745,0.00971884,0.00971884,0.00971884
286,1431.92,0.52382,0.7511,0.39893,0.86355,0.75997,0.59483,0.64622,0.48291,0.74942,0.58621,0.65662,0.4345,1.06141,2.20295,1.23603,1.20363,0.00971785,0.00971785,0.00971785
287,1436.99,0.52578,0.75773,0.39462,0.83901,0.75824,0.5712,0.63882,0.46844,0.66514,0.62221,0.63627,0.43304,1.11701,2.1975,1.22838,1.22923,0.00971686,0.00971686,0.00971686
288,1442.01,0.55682,0.75826,0.4155,0.85454,0.64454,0.66307,0.65106,0.49447,0.64454,0.66307,0.6493,0.44415,1.10045,2.17212,1.22815,1.20929,0.00971587,0.00971587,0.00971587
289,1447,0.56513,0.77572,0.4243,0.86071,0.66431,0.67124,0.67986,0.48741,0.65726,0.65987,0.66945,0.45874,1.09169,2.17073,1.27256,1.19087,0.00971488,0.00971488,0.00971488
290,1452.04,0.56573,0.81648,0.42423,0.86848,0.67712,0.62853,0.67242,0.48812,0.71176,0.65987,0.68529,0.48435,1.12628,2.21607,1.31535,1.18966,0.00971389,0.00971389,0.00971389
291,1457.06,0.55319,0.71507,0.41209,0.86272,0.86991,0.53073,0.68148,0.50755,0.88317,0.53926,0.6862,0.45972,1.10698,2.27658,1.38913,1.20084,0.0097129,0.0097129,0.0097129
292,1462.06,0.54963,0.76638,0.42274,0.85786,0.71927,0.65598,0.6823,0.51424,0.71927,0.65598,0.68426,0.49179,1.07954,2.19909,1.49823,1.20262,0.00971191,0.00971191,0.00971191
293,1467.08,0.54244,0.751,0.42071,0.84396,0.70595,0.6356,0.6737,0.47494,0.81178,0.57994,0.67217,0.45664,1.12025,2.41785,1.70125,1.2157,0.00971092,0.00971092,0.00971092
294,1472.08,0.52328,0.76185,0.41418,0.85572,0.7799,0.66496,0.69809,0.50902,0.768,0.65634,0.68931,0.50187,1.15907,2.40636,1.48826,1.24204,0.00970993,0.00970993,0.00970993
295,1477.1,0.55374,0.75332,0.41705,0.8605,0.76308,0.66907,0.71024,0.52472,0.80892,0.61991,0.7017,0.52063,1.15902,2.42694,1.39084,1.27663,0.00970894,0.00970894,0.00970894
296,1482.16,0.54547,0.7308,0.40022,0.86143,0.74195,0.68032,0.70442,0.51783,0.73097,0.67318,0.69601,0.50747,1.15465,2.46026,1.44653,1.2845,0.00970795,0.00970795,0.00970795
297,1487.17,0.50774,0.75674,0.37956,0.84694,0.64654,0.68133,0.70201,0.51635,0.7074,0.61442,0.69459,0.49978,1.16334,2.38601,1.31227,1.29912,0.00970696,0.00970696,0.00970696
298,1492.19,0.54266,0.75747,0.42866,0.86591,0.60786,0.62618,0.65497,0.46504,0.60521,0.71708,0.66963,0.45837,1.24623,2.46293,1.30176,1.36127,0.00970597,0.00970597,0.00970597
299,1497.18,0.51851,0.76469,0.4197,0.8563,0.69853,0.60893,0.68244,0.48333,0.67947,0.59169,0.6537,0.45809,1.20991,2.60519,1.29291,1.3406,0.00970498,0.00970498,0.00970498
300,1502.19,0.53338,0.80881,0.41125,0.85503,0.68151,0.65196,0.67803,0.48347,0.66303,0.63552,0.66575,0.45721,1.16568,2.75353,1.38454,1.31183,0.00970399,0.00970399,0.00970399
301,1507.24,0.53644,0.75044,0.40428,0.85603,0.69593,0.59244,0.69594,0.49283,0.68621,0.58382,0.67692,0.46484,1.20723,2.70523,1.41062,1.31627,0.009703,0.009703,0.009703
302,1512.28,0.55299,0.75026,0.41727,0.8479,0.72217,0.60031,0.71527,0.515,0.60484,0.66429,0.69895,0.47418,1.16959,2.57514,1.38982,1.29765,0.00970201,0.00970201,0.00970201
303,1517.3,0.52892,0.68017,0.39513,0.84658,0.77081,0.67398,0.72884,0.54847,0.7605,0.66536,0.72445,0.49417,1.0759,2.39487,1.39094,1.25315,0.00970102,0.00970102,0.00970102
304,1522.35,0.51767,0.71768,0.38358,0.84847,0.80165,0.63599,0.7224,0.54863,0.79096,0.62755,0.71377,0.47911,1.11636,2.27555,1.34719,1.28763,0.00970003,0.00970003,0.00970003
305,1527.37,0.55809,0.78661,0.40909,0.86427,0.7797,0.63166,0.70602,0.50464,0.77611,0.62304,0.70312,0.4599,1.19304,2.32968,1.36369,1.32991,0.00969904,0.00969904,0.00969904
306,1532.39,0.55965,0.69425,0.41576,0.87353,0.77284,0.59051,0.67435,0.46773,0.78273,0.59913,0.67071,0.44207,1.17815,2.23118,1.29655,1.3292,0.00969805,0.00969805,0.00969805
307,1537.43,0.50681,0.77331,0.40078,0.85235,0.78331,0.61287,0.68216,0.4835,0.78475,0.59072,0.67121,0.43923,1.26654,2.45149,1.32982,1.33389,0.00969706,0.00969706,0.00969706
308,1542.46,0.54012,0.82234,0.40428,0.85044,0.64298,0.66096,0.6633,0.47631,0.617,0.65358,0.66393,0.4272,1.15708,2.28429,1.26562,1.27714,0.00969607,0.00969607,0.00969607
309,1547.48,0.507,0.74302,0.38296,0.85791,0.79893,0.5431,0.65288,0.47,0.79774,0.5431,0.65864,0.42772,1.17711,2.39055,1.38986,1.27517,0.00969508,0.00969508,0.00969508
310,1552.48,0.51806,0.77428,0.41074,0.85827,0.73092,0.54115,0.62877,0.45691,0.65508,0.61196,0.64378,0.42935,1.19314,2.48621,1.49327,1.28214,0.00969409,0.00969409,0.00969409
311,1557.49,0.5284,0.7281,0.41082,0.85304,0.85623,0.49451,0.63733,0.45947,0.76409,0.54917,0.65951,0.44297,1.19146,2.4393,1.54295,1.28443,0.0096931,0.0096931,0.0096931
312,1562.5,0.53486,0.7591,0.40136,0.84802,0.76146,0.60893,0.68702,0.50595,0.71721,0.67546,0.68616,0.474,1.23085,2.384,1.40265,1.35984,0.00969211,0.00969211,0.00969211
313,1567.53,0.52255,0.72594,0.39993,0.86366,0.72094,0.63715,0.68621,0.52257,0.76614,0.65987,0.6959,0.48765,1.2254,2.4425,1.48333,1.33747,0.00969112,0.00969112,0.00969112
314,1572.56,0.50468,0.72688,0.399,0.85274,0.77329,0.59169,0.66874,0.50165,0.76223,0.58307,0.65522,0.48154,1.18785,2.4706,1.45787,1.31739,0.00969013,0.00969013,0.00969013
315,1577.61,0.53216,0.76711,0.42122,0.83552,0.72159,0.65439,0.67169,0.49698,0.71464,0.64577,0.65504,0.47656,1.18022,2.63736,1.36811,1.30963,0.00968914,0.00968914,0.00968914
316,1582.61,0.5257,0.78516,0.42088,0.85772,0.71924,0.65552,0.66424,0.48074,0.70529,0.62304,0.65493,0.47477,1.2091,2.56686,1.42118,1.32388,0.00968815,0.00968815,0.00968815
317,1587.62,0.51882,0.72444,0.39802,0.84729,0.65101,0.61762,0.64146,0.47695,0.65826,0.62928,0.62845,0.44252,1.23731,2.43775,1.53616,1.36449,0.00968716,0.00968716,0.00968716
318,1592.6,0.51369,0.75909,0.39003,0.85233,0.70361,0.56034,0.63819,0.46462,0.71392,0.56897,0.65082,0.46113,1.29644,2.4132,1.54365,1.36901,0.00968617,0.00968617,0.00968617
319,1597.59,0.51672,0.74186,0.3975,0.84263,0.65153,0.64028,0.66651,0.46963,0.67099,0.6111,0.65222,0.4364,1.21946,2.37554,1.48778,1.3391,0.00968518,0.00968518,0.00968518
320,1602.62,0.50734,0.76641,0.38828,0.84073,0.58671,0.625,0.63662,0.44255,0.54907,0.66536,0.63787,0.41946,1.28316,2.39452,1.55411,1.38825,0.00968419,0.00968419,0.00968419
321,1607.63,0.52949,0.74754,0.4026,0.84344,0.79981,0.49767,0.66609,0.45782,0.72604,0.54545,0.66841,0.43747,1.26438,2.47257,1.53932,1.37567,0.0096832,0.0096832,0.0096832
322,1612.65,0.47398,0.71122,0.37301,0.83206,0.68345,0.58071,0.67366,0.47122,0.70913,0.60123,0.70745,0.4544,1.25336,2.48705,1.50023,1.33487,0.00968221,0.00968221,0.00968221
323,1617.65,0.52942,0.79535,0.41063,0.86016,0.70878,0.55956,0.66714,0.4714,0.69568,0.55094,0.67025,0.46083,1.19741,2.45854,1.51143,1.31204,0.00968122,0.00968122,0.00968122
324,1622.64,0.51568,0.71946,0.39821,0.84817,0.67875,0.61677,0.69372,0.47838,0.6687,0.60815,0.6952,0.4527,1.18641,2.50966,1.4122,1.31703,0.00968023,0.00968023,0.00968023
325,1627.65,0.51329,0.71081,0.381,0.84206,0.60486,0.65987,0.65478,0.45526,0.68437,0.56205,0.64762,0.43711,1.20216,2.58556,1.46723,1.3254,0.00967924,0.00967924,0.00967924
326,1632.64,0.49568,0.71919,0.37169,0.84125,0.72072,0.44684,0.58138,0.42703,0.60833,0.54859,0.59629,0.39235,1.16246,2.55057,1.73053,1.30031,0.00967825,0.00967825,0.00967825
327,1637.64,0.49928,0.78719,0.38946,0.84675,0.65841,0.51709,0.58971,0.43627,0.6347,0.52586,0.60105,0.41269,1.17845,2.39082,1.56966,1.30343,0.00967726,0.00967726,0.00967726
328,1642.61,0.4954,0.78659,0.39801,0.86562,0.76244,0.48948,0.60857,0.43731,0.7387,0.47359,0.58763,0.41974,1.25534,2.49257,1.52611,1.32939,0.00967627,0.00967627,0.00967627
329,1647.64,0.53205,0.68496,0.39965,0.85262,0.69193,0.56731,0.6208,0.44782,0.68236,0.55884,0.60815,0.4246,1.19957,2.46767,1.45318,1.28305,0.00967528,0.00967528,0.00967528
330,1652.64,0.53498,0.71573,0.41215,0.84092,0.6727,0.53825,0.57482,0.43238,0.6727,0.53825,0.5775,0.3947,1.21335,2.58409,1.57184,1.28041,0.00967429,0.00967429,0.00967429
331,1657.66,0.52899,0.77534,0.4063,0.84779,0.76988,0.52273,0.59999,0.4478,0.757,0.51411,0.60907,0.41909,1.19614,2.49277,1.66363,1.29238,0.0096733,0.0096733,0.0096733
332,1662.7,0.50399,0.71907,0.39103,0.84262,0.75219,0.48824,0.59445,0.46831,0.75219,0.48824,0.60682,0.43891,1.10493,2.3421,1.6449,1.23536,0.00967231,0.00967231,0.00967231
333,1667.71,0.52331,0.71263,0.39716,0.84713,0.73962,0.48824,0.5978,0.45922,0.73962,0.48824,0.61017,0.44358,1.12324,2.32502,1.76129,1.21604,0.00967132,0.00967132,0.00967132
334,1672.7,0.50679,0.72739,0.39085,0.83816,0.58577,0.58685,0.63489,0.48184,0.63289,0.63945,0.6594,0.48321,1.11547,2.28249,1.77294,1.21756,0.00967033,0.00967033,0.00967033
335,1677.7,0.52541,0.72033,0.41291,0.84451,0.59766,0.63215,0.62421,0.46311,0.62534,0.66232,0.64817,0.44785,1.07552,2.2451,1.66498,1.17475,0.00966934,0.00966934,0.00966934
336,1682.72,0.50254,0.69572,0.40395,0.84383,0.83889,0.51097,0.63953,0.50326,0.83889,0.51097,0.64945,0.47798,1.07345,2.30449,1.66885,1.17448,0.00966835,0.00966835,0.00966835
337,1687.74,0.50259,0.68432,0.38811,0.83812,0.70714,0.5627,0.63071,0.49066,0.70714,0.5627,0.64196,0.4684,1.10678,2.32509,1.66187,1.2279,0.00966736,0.00966736,0.00966736
338,1692.75,0.52183,0.74993,0.4145,0.85263,0.67606,0.56306,0.64919,0.46864,0.67606,0.56306,0.65193,0.46864,1.12494,2.41173,1.69248,1.2514,0.00966637,0.00966637,0.00966637
339,1697.81,0.50851,0.71928,0.3867,0.84938,0.76581,0.52586,0.65644,0.4618,0.76581,0.52586,0.66052,0.44081,1.14502,2.52632,1.52832,1.26737,0.00966538,0.00966538,0.00966538
340,1702.82,0.51225,0.7032,0.39289,0.84299,0.75505,0.5431,0.66531,0.46315,0.75505,0.5431,0.67054,0.45191,1.10785,2.61685,1.51982,1.21419,0.00966439,0.00966439,0.00966439
341,1707.85,0.55979,0.87882,0.43128,0.88084,0.73416,0.56583,0.66482,0.46535,0.73416,0.56583,0.66938,0.43913,1.12498,2.47954,1.41512,1.22357,0.0096634,0.0096634,0.0096634
342,1712.89,0.51455,0.74028,0.39225,0.8422,0.70107,0.52822,0.63401,0.45114,0.70107,0.52822,0.64135,0.4279,1.10365,2.50109,1.40982,1.24615,0.00966241,0.00966241,0.00966241
343,1717.91,0.51968,0.69594,0.40217,0.84181,0.56121,0.62646,0.61283,0.45383,0.56161,0.62543,0.61997,0.40983,1.16325,2.53812,1.54278,1.25094,0.00966142,0.00966142,0.00966142
344,1722.92,0.54381,0.78154,0.40701,0.84827,0.57948,0.59685,0.59002,0.44587,0.64812,0.53135,0.58372,0.40856,1.20044,2.56699,1.62444,1.32702,0.00966043,0.00966043,0.00966043
345,1727.96,0.49988,0.71091,0.37949,0.83245,0.6319,0.56128,0.60457,0.45736,0.62022,0.55266,0.59415,0.39914,1.15383,2.51418,1.74393,1.27426,0.00965944,0.00965944,0.00965944
346,1732.99,0.50555,0.72405,0.37556,0.83934,0.65703,0.51619,0.57463,0.42859,0.65703,0.51619,0.56991,0.41303,1.17312,2.47976,1.78525,1.25877,0.00965845,0.00965845,0.00965845
347,1738.01,0.54544,0.71003,0.42244,0.84474,0.62818,0.49953,0.59452,0.4482,0.62822,0.50379,0.59089,0.43347,1.1288,2.63649,1.7897,1.27172,0.00965746,0.00965746,0.00965746
348,1743.06,0.49698,0.72204,0.37286,0.84131,0.67106,0.49614,0.61441,0.47629,0.53769,0.60266,0.60919,0.42122,1.1223,2.69327,1.6744,1.29718,0.00965647,0.00965647,0.00965647
349,1748.08,0.50367,0.7326,0.38155,0.84898,0.68519,0.48824,0.61319,0.47401,0.68519,0.48824,0.63126,0.43656,1.15355,2.70756,1.81763,1.29735,0.00965548,0.00965548,0.00965548
350,1753.09,0.51666,0.77374,0.37863,0.8558,0.71294,0.48088,0.59841,0.47262,0.71294,0.48088,0.61823,0.44044,1.093,2.66862,1.75625,1.25159,0.00965449,0.00965449,0.00965449
351,1758.13,0.54266,0.73499,0.39696,0.84912,0.641,0.52173,0.60222,0.45584,0.641,0.52173,0.60725,0.43242,1.1305,2.6907,1.75531,1.26311,0.0096535,0.0096535,0.0096535
352,1763.16,0.50708,0.75575,0.39462,0.8583,0.56251,0.61578,0.62715,0.46441,0.56251,0.61578,0.62806,0.44378,1.09229,2.67282,1.74187,1.21697,0.00965251,0.00965251,0.00965251
353,1768.18,0.51639,0.71573,0.39248,0.85744,0.63789,0.5215,0.63335,0.4677,0.64995,0.53398,0.64148,0.46583,1.14665,2.62088,1.82795,1.25231,0.00965152,0.00965152,0.00965152
354,1773.2,0.57382,0.75724,0.42214,0.85323,0.60915,0.55736,0.62201,0.44854,0.58874,0.63038,0.63215,0.4499,1.14331,2.53782,1.74588,1.25797,0.00965053,0.00965053,0.00965053
355,1778.21,0.53898,0.78826,0.41504,0.83894,0.5986,0.63088,0.63949,0.46143,0.6085,0.6395,0.65388,0.47495,1.11417,2.39751,1.64506,1.2456,0.00964954,0.00964954,0.00964954
356,1783.24,0.51454,0.71884,0.39871,0.84475,0.63667,0.64846,0.66317,0.48269,0.64576,0.65708,0.67808,0.48725,1.07625,2.29564,1.581,1.24153,0.00964855,0.00964855,0.00964855
357,1788.28,0.51192,0.72151,0.38322,0.85192,0.66764,0.64458,0.69706,0.52159,0.67635,0.6532,0.70926,0.51835,1.04663,2.16612,1.4674,1.26935,0.00964756,0.00964756,0.00964756
358,1793.31,0.48279,0.7167,0.38584,0.85322,0.61299,0.68943,0.68094,0.51058,0.64074,0.72061,0.70253,0.49606,1.07665,2.1826,1.54951,1.25906,0.00964657,0.00964657,0.00964657
359,1798.32,0.52281,0.75565,0.38234,0.85117,0.64705,0.63715,0.68989,0.50241,0.63216,0.71847,0.69903,0.48581,1.08731,2.25882,1.58408,1.2598,0.00964558,0.00964558,0.00964558
360,1803.35,0.51511,0.68626,0.39556,0.83768,0.60206,0.71395,0.68965,0.49084,0.60955,0.72806,0.68242,0.4652,1.14575,2.33457,1.55695,1.31297,0.00964459,0.00964459,0.00964459
361,1808.37,0.48799,0.71274,0.37218,0.84969,0.6224,0.61746,0.67113,0.45843,0.64221,0.63789,0.66839,0.41298,1.19584,2.32959,1.61367,1.317,0.0096436,0.0096436,0.0096436
362,1813.4,0.52646,0.68851,0.40259,0.84573,0.69059,0.60783,0.69773,0.50903,0.69059,0.60783,0.69438,0.45758,1.12095,2.3176,1.48659,1.29321,0.00964261,0.00964261,0.00964261
363,1818.44,0.50777,0.72195,0.38233,0.84587,0.84233,0.51411,0.67177,0.50086,0.84233,0.51411,0.66565,0.45004,1.12739,2.3688,1.78282,1.29986,0.00964162,0.00964162,0.00964162
364,1823.47,0.46348,0.67039,0.36359,0.8314,0.72279,0.52942,0.6428,0.47838,0.75506,0.5499,0.63127,0.45114,1.16259,2.33162,1.97851,1.31391,0.00964063,0.00964063,0.00964063
365,1828.5,0.49302,0.70553,0.37437,0.84373,0.66935,0.57445,0.66004,0.48835,0.68392,0.55721,0.63675,0.45232,1.17441,2.28988,1.84516,1.32252,0.00963964,0.00963964,0.00963964
366,1833.5,0.5004,0.75125,0.38012,0.84667,0.65356,0.55721,0.64207,0.49147,0.67278,0.59894,0.64283,0.43317,1.19914,2.31934,1.75808,1.31085,0.00963865,0.00963865,0.00963865
367,1838.5,0.52894,0.73757,0.38626,0.86798,0.7222,0.50862,0.61943,0.48118,0.7222,0.50862,0.6151,0.424,1.15185,2.3583,1.73211,1.27402,0.00963766,0.00963766,0.00963766
368,1843.55,0.4966,0.77072,0.37537,0.83687,0.69437,0.53942,0.61673,0.47182,0.69325,0.52687,0.59689,0.42119,1.11693,2.37852,1.70126,1.26706,0.00963667,0.00963667,0.00963667
369,1848.55,0.51299,0.76756,0.388,0.84628,0.64096,0.59718,0.6299,0.4844,0.63168,0.58856,0.62327,0.43971,1.10887,2.42585,1.6555,1.27949,0.00963568,0.00963568,0.00963568
370,1853.58,0.52029,0.79133,0.39366,0.84203,0.60379,0.64597,0.64676,0.48526,0.61527,0.66008,0.65825,0.45507,1.15036,2.27867,1.68811,1.29442,0.00963469,0.00963469,0.00963469
371,1858.59,0.48743,0.70591,0.36916,0.83098,0.6712,0.58562,0.62992,0.48254,0.66135,0.57618,0.62677,0.43534,1.07737,2.14557,1.60198,1.25179,0.0096337,0.0096337,0.0096337
372,1863.61,0.47702,0.69488,0.35034,0.83615,0.6789,0.61991,0.64419,0.48607,0.67296,0.60238,0.64802,0.44325,1.0813,2.20393,1.51663,1.25398,0.00963271,0.00963271,0.00963271
373,1868.67,0.49739,0.75456,0.37862,0.84106,0.65282,0.66536,0.63961,0.47584,0.64309,0.64093,0.61495,0.4351,1.10894,2.4022,1.5613,1.28063,0.00963172,0.00963172,0.00963172
374,1873.7,0.46379,0.67256,0.36214,0.82605,0.78129,0.56034,0.65176,0.48583,0.74775,0.53448,0.62603,0.43527,1.13484,2.54385,1.49585,1.29688,0.00963073,0.00963073,0.00963073
375,1878.73,0.50304,0.73135,0.37771,0.8441,0.77488,0.57014,0.66922,0.49574,0.75243,0.55338,0.65037,0.45269,1.10943,2.66198,1.44957,1.26578,0.00962974,0.00962974,0.00962974
376,1883.77,0.51057,0.71434,0.38931,0.84293,0.67976,0.63194,0.64641,0.47051,0.65972,0.61559,0.62905,0.43312,1.08445,2.48505,1.49229,1.23366,0.00962875,0.00962875,0.00962875
377,1888.79,0.50695,0.78598,0.38998,0.84907,0.66687,0.48981,0.50331,0.35623,0.66961,0.5047,0.50795,0.33291,1.43998,2.45074,2.47807,1.42746,0.00962776,0.00962776,0.00962776
378,1893.82,0.51033,0.72447,0.37628,0.8429,0.68541,0.64026,0.65137,0.44685,0.71993,0.61487,0.65734,0.43053,1.19068,2.22124,1.61536,1.28863,0.00962677,0.00962677,0.00962677
379,1898.84,0.50826,0.6786,0.40226,0.8512,0.61993,0.59169,0.61503,0.4307,0.59223,0.59169,0.61808,0.39325,1.13996,2.1738,1.52362,1.25656,0.00962578,0.00962578,0.00962578
380,1903.87,0.49624,0.74077,0.38822,0.84558,0.61752,0.58736,0.63575,0.4724,0.61047,0.57549,0.64652,0.41774,1.10049,2.10893,1.52746,1.23551,0.00962479,0.00962479,0.00962479
381,1908.92,0.48795,0.67967,0.37249,0.83504,0.69762,0.51922,0.63098,0.47653,0.79843,0.46871,0.61376,0.41448,1.156,2.21922,1.82324,1.24317,0.0096238,0.0096238,0.0096238
382,1913.97,0.52566,0.7413,0.40011,0.84282,0.73752,0.47284,0.61166,0.46204,0.73752,0.47284,0.61525,0.40509,1.16523,2.23587,1.94724,1.24504,0.00962281,0.00962281,0.00962281
383,1919.01,0.48386,0.65009,0.36987,0.83755,0.77773,0.49516,0.63644,0.46743,0.77773,0.49516,0.62901,0.42173,1.14061,2.17132,1.83074,1.24427,0.00962182,0.00962182,0.00962182
384,1924.04,0.4915,0.72562,0.36895,0.84064,0.64186,0.5768,0.64193,0.45228,0.63909,0.5768,0.64753,0.42324,1.16773,2.24447,2.02764,1.25556,0.00962083,0.00962083,0.00962083
385,1929.07,0.49632,0.72793,0.38417,0.84637,0.62407,0.62539,0.63808,0.45842,0.71813,0.55408,0.63607,0.41721,1.20386,2.26796,1.95164,1.30949,0.00961984,0.00961984,0.00961984
386,1934.07,0.48988,0.67255,0.37701,0.83952,0.75589,0.48276,0.61188,0.44362,0.67051,0.53544,0.59987,0.40109,1.18934,2.19878,1.72014,1.29892,0.00961885,0.00961885,0.00961885
387,1939.08,0.50221,0.73294,0.38164,0.83556,0.79635,0.52059,0.66287,0.45714,0.78131,0.51206,0.6318,0.41061,1.14748,2.19765,1.64468,1.26528,0.00961786,0.00961786,0.00961786
388,1944.1,0.50908,0.65708,0.3877,0.84148,0.65572,0.59203,0.66251,0.47506,0.65755,0.58945,0.65959,0.4277,1.10654,2.17541,1.55336,1.27298,0.00961687,0.00961687,0.00961687
389,1949.14,0.46504,0.68241,0.36457,0.83836,0.6796,0.65674,0.69252,0.51406,0.68793,0.64812,0.68984,0.47569,1.04754,2.14817,1.47155,1.23291,0.00961588,0.00961588,0.00961588
390,1954.15,0.4985,0.70645,0.37852,0.83887,0.68941,0.61129,0.67189,0.50796,0.69416,0.61677,0.68228,0.4643,1.07511,2.08276,1.51821,1.2306,0.00961489,0.00961489,0.00961489
391,1959.19,0.4966,0.69133,0.38006,0.84424,0.67002,0.6685,0.70028,0.50231,0.66492,0.65987,0.69268,0.47581,1.09374,2.14864,1.59432,1.23048,0.0096139,0.0096139,0.0096139
392,1964.22,0.5388,0.76648,0.41205,0.86732,0.6149,0.64092,0.68454,0.49536,0.66975,0.6335,0.69977,0.48541,1.0545,2.23721,1.5857,1.19921,0.00961291,0.00961291,0.00961291
393,1969.26,0.46929,0.67538,0.35225,0.84124,0.64988,0.67398,0.67873,0.49719,0.65945,0.6826,0.67372,0.48266,1.04718,2.25144,1.50611,1.19309,0.00961192,0.00961192,0.00961192
394,1974.25,0.5121,0.68058,0.38787,0.84063,0.64641,0.65465,0.68219,0.50393,0.78046,0.60149,0.71747,0.50486,1.07047,2.2437,1.59187,1.21779,0.00961093,0.00961093,0.00961093
395,1979.27,0.4794,0.69027,0.37681,0.84203,0.65173,0.59627,0.6649,0.49659,0.59324,0.75254,0.70086,0.4903,1.06166,2.21596,1.42732,1.22986,0.00960994,0.00960994,0.00960994
396,1984.29,0.522,0.71263,0.38994,0.8399,0.61665,0.58856,0.64216,0.47705,0.6169,0.67947,0.6748,0.49537,1.07324,2.2163,1.63718,1.25979,0.00960895,0.00960895,0.00960895
397,1989.33,0.49781,0.73358,0.39067,0.85179,0.59592,0.64822,0.62426,0.46741,0.56271,0.70219,0.6237,0.46175,1.13306,2.21827,1.58004,1.27218,0.00960796,0.00960796,0.00960796
398,1994.37,0.4976,0.70127,0.37403,0.84985,0.61481,0.67947,0.64773,0.47877,0.61481,0.67947,0.63566,0.43943,1.16949,2.25141,1.6765,1.29856,0.00960697,0.00960697,0.00960697
399,1999.4,0.50059,0.69154,0.39006,0.83691,0.63054,0.64064,0.63427,0.44915,0.64562,0.66468,0.63869,0.43298,1.21935,2.27099,1.75393,1.32394,0.00960598,0.00960598,0.00960598
400,2004.43,0.52908,0.71024,0.39266,0.84797,0.70512,0.55999,0.61972,0.43037,0.70512,0.55999,0.60704,0.41717,1.22534,2.3043,1.78497,1.31213,0.00960499,0.00960499,0.00960499
401,2009.46,0.47752,0.67914,0.38902,0.84321,0.66626,0.56147,0.5868,0.4137,0.66626,0.56147,0.58934,0.3851,1.18215,2.30708,1.72889,1.2624,0.009604,0.009604,0.009604
402,2014.46,0.51652,0.68005,0.38726,0.85047,0.76197,0.52273,0.62903,0.44432,0.76197,0.52273,0.61886,0.41759,1.13229,2.31046,1.77634,1.22988,0.00960301,0.00960301,0.00960301
403,2019.47,0.49501,0.70212,0.37775,0.83345,0.67339,0.60815,0.64776,0.48557,0.64822,0.64475,0.6573,0.44147,1.073,2.33778,1.76922,1.21172,0.00960202,0.00960202,0.00960202
404,2024.49,0.48586,0.72782,0.38644,0.84057,0.61646,0.66637,0.65937,0.48687,0.66128,0.61991,0.66008,0.46116,1.05385,2.37884,1.64726,1.22398,0.00960103,0.00960103,0.00960103
405,2029.53,0.48975,0.71576,0.37495,0.84561,0.61337,0.68065,0.67872,0.49245,0.6433,0.65125,0.67267,0.47131,1.03531,2.43128,1.54707,1.20197,0.00960004,0.00960004,0.00960004
406,2034.57,0.52514,0.76579,0.39453,0.85523,0.60946,0.65664,0.67885,0.49049,0.60135,0.6471,0.67318,0.47084,1.06692,2.43498,1.58825,1.2355,0.00959905,0.00959905,0.00959905
407,2039.58,0.49182,0.72942,0.37989,0.85115,0.57922,0.67398,0.65106,0.47389,0.62354,0.62539,0.64382,0.44526,1.09607,2.41534,1.56703,1.28661,0.00959806,0.00959806,0.00959806
408,2044.58,0.47033,0.7186,0.37407,0.84451,0.6851,0.61035,0.64965,0.47081,0.67381,0.60173,0.64316,0.45745,1.1297,2.29199,1.68532,1.30883,0.00959707,0.00959707,0.00959707
409,2049.62,0.49761,0.69541,0.38912,0.82625,0.65933,0.63088,0.65706,0.50466,0.64873,0.62226,0.65051,0.48621,1.09093,2.17408,1.93333,1.2618,0.00959608,0.00959608,0.00959608
410,2054.66,0.48737,0.67522,0.38218,0.8357,0.66757,0.59141,0.64831,0.48223,0.65543,0.58352,0.64007,0.46689,1.13742,2.19319,1.9131,1.29436,0.00959509,0.00959509,0.00959509
411,2059.7,0.44374,0.65008,0.35682,0.83636,0.75602,0.51651,0.63282,0.4505,0.74161,0.50789,0.64298,0.45427,1.20361,2.14733,2.17944,1.32747,0.0095941,0.0095941,0.0095941
412,2064.72,0.4794,0.68117,0.37357,0.8368,0.6902,0.51085,0.62051,0.46293,0.67691,0.50223,0.62602,0.45388,1.18922,2.09767,2.16051,1.33525,0.00959311,0.00959311,0.00959311
413,2069.76,0.51121,0.70684,0.38962,0.83891,0.69665,0.55931,0.60836,0.44355,0.68186,0.55094,0.60665,0.43786,1.16829,2.10906,2.11044,1.30907,0.00959212,0.00959212,0.00959212
414,2074.8,0.48723,0.70941,0.38153,0.85159,0.63682,0.58576,0.62285,0.44162,0.62804,0.57611,0.60582,0.44619,1.15938,2.13728,2.19238,1.33121,0.00959113,0.00959113,0.00959113
415,2079.85,0.49923,0.6803,0.37428,0.83917,0.66104,0.64258,0.64322,0.46086,0.64716,0.63535,0.64006,0.46253,1.12696,2.11228,2.10924,1.28665,0.00959014,0.00959014,0.00959014
416,2084.91,0.51511,0.68577,0.37697,0.85095,0.59838,0.64044,0.63552,0.45242,0.60157,0.65029,0.63216,0.44752,1.13558,2.19891,1.8556,1.30168,0.00958915,0.00958915,0.00958915
417,2089.93,0.49406,0.77359,0.39506,0.85921,0.70043,0.53683,0.63277,0.46342,0.66814,0.61669,0.65212,0.46098,1.26294,2.28723,1.83301,1.38901,0.00958816,0.00958816,0.00958816
418,2094.96,0.48447,0.70222,0.37381,0.84921,0.61974,0.61991,0.63893,0.47533,0.61974,0.61991,0.64324,0.45673,1.20806,2.31742,1.68135,1.33872,0.00958717,0.00958717,0.00958717
419,2099.99,0.5107,0.78701,0.39631,0.85922,0.78471,0.51097,0.61834,0.41688,0.74946,0.50776,0.60625,0.39645,1.4192,2.76125,2.25087,1.45767,0.00958618,0.00958618,0.00958618
420,2105.02,0.48629,0.74205,0.37348,0.85395,0.7102,0.65316,0.69576,0.48414,0.7102,0.65316,0.6979,0.47963,1.21631,2.20194,1.49909,1.32101,0.00958519,0.00958519,0.00958519
421,2110.08,0.47466,0.75542,0.36632,0.83523,0.64007,0.7332,0.71656,0.48647,0.66801,0.73482,0.71409,0.49008,1.21883,2.199,1.57774,1.31825,0.0095842,0.0095842,0.0095842
422,2115.1,0.47397,0.69779,0.37967,0.8376,0.83856,0.5845,0.70121,0.49909,0.76559,0.62211,0.70336,0.50046,1.17941,2.3331,1.60494,1.27408,0.00958321,0.00958321,0.00958321
423,2120.12,0.48837,0.73899,0.37877,0.84932,0.84552,0.5703,0.68841,0.49335,0.84552,0.5703,0.68433,0.45866,1.18722,2.4811,1.63752,1.31214,0.00958222,0.00958222,0.00958222
424,2125.1,0.46748,0.68495,0.36208,0.83966,0.71577,0.62112,0.68998,0.49343,0.70477,0.61271,0.6793,0.47026,1.19405,2.29529,1.60132,1.30721,0.00958123,0.00958123,0.00958123
425,2130.15,0.47236,0.70366,0.38011,0.85133,0.78144,0.62613,0.71827,0.53671,0.76419,0.61995,0.70599,0.48713,1.10275,2.23176,1.54005,1.26302,0.00958024,0.00958024,0.00958024
426,2135.16,0.49542,0.68638,0.36211,0.8501,0.78494,0.62539,0.72186,0.5483,0.77318,0.61677,0.71358,0.48863,1.0621,2.2317,1.57546,1.22757,0.00957925,0.00957925,0.00957925
427,2140.18,0.5239,0.79391,0.40251,0.85095,0.72261,0.62539,0.69555,0.5122,0.78881,0.55681,0.67963,0.49329,1.04102,2.34357,1.61838,1.21008,0.00957826,0.00957826,0.00957826
428,2145.19,0.47008,0.70162,0.36296,0.84539,0.74322,0.56818,0.68784,0.5128,0.72966,0.55956,0.67003,0.4728,1.06076,2.29506,1.68147,1.23406,0.00957727,0.00957727,0.00957727
429,2150.24,0.48722,0.74376,0.37174,0.84357,0.78208,0.54611,0.68916,0.50481,0.7679,0.53749,0.67514,0.4738,1.08775,2.35507,1.66077,1.25539,0.00957628,0.00957628,0.00957628
430,2155.29,0.48494,0.71942,0.35773,0.84904,0.70589,0.60266,0.67145,0.48655,0.70589,0.60266,0.65686,0.45944,1.11343,2.33243,1.63522,1.26407,0.00957529,0.00957529,0.00957529
431,2160.34,0.49138,0.71718,0.37452,0.83976,0.77501,0.56932,0.68156,0.49994,0.76375,0.5607,0.66184,0.46285,1.12621,2.38534,1.64526,1.26624,0.0095743,0.0095743,0.0095743
432,2165.39,0.49644,0.65486,0.38821,0.8241,0.83091,0.58573,0.71456,0.51505,0.81839,0.5774,0.69685,0.49476,1.1123,2.35835,1.6462,1.23691,0.00957331,0.00957331,0.00957331
433,2170.42,0.47365,0.64678,0.3599,0.84233,0.69498,0.62813,0.69619,0.49742,0.6841,0.61951,0.68152,0.47005,1.13281,2.22892,1.60525,1.25372,0.00957232,0.00957232,0.00957232
434,2175.43,0.5243,0.7624,0.39035,0.84752,0.73505,0.65156,0.70769,0.51693,0.72341,0.64317,0.69303,0.4791,1.07103,2.29022,1.47654,1.22518,0.00957133,0.00957133,0.00957133
435,2180.48,0.47982,0.77072,0.38078,0.84284,0.75704,0.56583,0.68185,0.50135,0.62436,0.66482,0.68311,0.45292,1.0868,2.30358,1.46321,1.26563,0.00957034,0.00957034,0.00957034
436,2185.52,0.4593,0.64791,0.35579,0.84201,0.62807,0.72571,0.70138,0.51164,0.61397,0.70846,0.68606,0.46255,1.10484,2.29427,1.40385,1.28228,0.00956935,0.00956935,0.00956935
437,2190.56,0.45018,0.68234,0.35767,0.83355,0.79976,0.61495,0.6998,0.48698,0.79047,0.60633,0.69327,0.47628,1.16795,2.39246,1.44176,1.32261,0.00956836,0.00956836,0.00956836
438,2195.59,0.50246,0.70331,0.3863,0.85453,0.81313,0.61755,0.69666,0.49294,0.80337,0.60893,0.69998,0.48239,1.18259,2.48282,1.35026,1.37532,0.00956737,0.00956737,0.00956737
439,2200.63,0.45414,0.66659,0.35726,0.83809,0.80201,0.64002,0.71398,0.52341,0.7923,0.63139,0.71381,0.50363,1.18227,2.48147,1.20996,1.38998,0.00956638,0.00956638,0.00956638
440,2205.65,0.4879,0.72328,0.37481,0.84427,0.80033,0.60638,0.6832,0.51935,0.80033,0.60638,0.69961,0.49774,1.17482,2.42299,1.24854,1.38404,0.00956539,0.00956539,0.00956539
441,2210.7,0.48053,0.6444,0.35875,0.83499,0.73299,0.60266,0.66445,0.49192,0.73299,0.60266,0.66112,0.45278,1.17417,2.41388,1.59625,1.3653,0.0095644,0.0095644,0.0095644
442,2215.73,0.50204,0.70439,0.38827,0.84177,0.78507,0.56652,0.66415,0.49463,0.7715,0.55856,0.6558,0.43649,1.16015,2.44168,1.92519,1.33819,0.00956341,0.00956341,0.00956341
443,2220.76,0.45739,0.6769,0.3555,0.83613,0.69114,0.58542,0.63112,0.45723,0.67994,0.5768,0.62105,0.41927,1.16885,2.39968,1.90915,1.32498,0.00956242,0.00956242,0.00956242
444,2225.78,0.49622,0.66083,0.36799,0.85075,0.70944,0.54925,0.65544,0.48165,0.70944,0.54925,0.65212,0.45781,1.19721,2.38847,1.72517,1.34027,0.00956143,0.00956143,0.00956143
445,2230.8,0.49611,0.67933,0.37326,0.84623,0.72866,0.56367,0.67122,0.48676,0.71891,0.55553,0.66736,0.46526,1.15572,2.36387,1.60183,1.32559,0.00956044,0.00956044,0.00956044
446,2235.85,0.44495,0.62823,0.35285,0.83025,0.82967,0.46317,0.64765,0.46658,0.82967,0.46317,0.65053,0.44623,1.17624,2.3257,1.69065,1.33412,0.00955945,0.00955945,0.00955945
447,2240.86,0.45548,0.62716,0.35727,0.83745,0.69027,0.52038,0.63989,0.45823,0.78955,0.47179,0.62974,0.43898,1.17314,2.30986,1.65012,1.32525,0.00955846,0.00955846,0.00955846
448,2245.88,0.46697,0.65498,0.36062,0.83617,0.83048,0.48041,0.62704,0.44895,0.82377,0.46317,0.61909,0.418,1.14922,2.39818,1.68884,1.31645,0.00955747,0.00955747,0.00955747
449,2250.91,0.49152,0.73305,0.36488,0.8477,0.77898,0.52586,0.6713,0.46477,0.77898,0.52586,0.67945,0.44706,1.13173,2.41247,1.55644,1.28959,0.00955648,0.00955648,0.00955648
450,2255.93,0.46477,0.66369,0.34672,0.84285,0.72336,0.50395,0.62629,0.45752,0.7342,0.51257,0.63616,0.41236,1.11158,2.37567,1.52069,1.28756,0.00955549,0.00955549,0.00955549
451,2260.96,0.46538,0.72144,0.3618,0.83855,0.60871,0.63269,0.65462,0.45958,0.61998,0.66704,0.66861,0.4272,1.15396,2.3983,1.49155,1.31836,0.0095545,0.0095545,0.0095545
452,2266.03,0.47526,0.72426,0.38644,0.83587,0.65112,0.63137,0.6607,0.47118,0.66931,0.64234,0.68293,0.43211,1.12099,2.34457,1.43066,1.28302,0.00955351,0.00955351,0.00955351
453,2271.05,0.50063,0.74774,0.37091,0.84906,0.76034,0.63731,0.70281,0.49598,0.76034,0.63731,0.71108,0.45911,1.1069,2.36231,1.41539,1.26606,0.00955252,0.00955252,0.00955252
454,2276.09,0.5111,0.79348,0.39077,0.83389,0.7903,0.61991,0.69452,0.51082,0.79292,0.61991,0.70796,0.48214,1.13289,2.25548,1.39716,1.28622,0.00955153,0.00955153,0.00955153
455,2281.13,0.49792,0.65395,0.3774,0.83115,0.79703,0.63401,0.71772,0.52147,0.72511,0.67743,0.72062,0.50285,1.16557,2.14852,1.56007,1.32095,0.00955054,0.00955054,0.00955054
456,2286.16,0.46262,0.67588,0.35019,0.85213,0.86549,0.55893,0.7182,0.52053,0.86549,0.55893,0.72048,0.50672,1.11925,2.0731,1.60562,1.29473,0.00954955,0.00954955,0.00954955
457,2291.19,0.45315,0.67968,0.34649,0.84946,0.75716,0.59953,0.72018,0.51982,0.75387,0.63076,0.72557,0.51513,1.12943,2.11889,1.66422,1.30009,0.00954856,0.00954856,0.00954856
458,2296.27,0.4701,0.68583,0.35762,0.83479,0.74442,0.59021,0.69992,0.50723,0.72795,0.62226,0.70337,0.4864,1.13315,2.09661,1.62571,1.27596,0.00954757,0.00954757,0.00954757
459,2301.29,0.47201,0.66086,0.35199,0.83148,0.70605,0.59953,0.70438,0.50152,0.72866,0.62226,0.70942,0.49434,1.11989,2.13486,1.6123,1.2659,0.00954658,0.00954658,0.00954658
460,2306.32,0.43584,0.63773,0.34397,0.84029,0.6585,0.6395,0.68727,0.49887,0.68085,0.63651,0.6886,0.48963,1.10456,2.0715,1.58079,1.25535,0.00954559,0.00954559,0.00954559
461,2311.36,0.45919,0.68475,0.35482,0.84209,0.70738,0.59953,0.69741,0.50003,0.717,0.62226,0.6977,0.49495,1.11879,2.096,1.55135,1.25225,0.0095446,0.0095446,0.0095446
462,2316.38,0.47609,0.64722,0.35365,0.82979,0.63749,0.72279,0.69701,0.49487,0.65758,0.74121,0.70222,0.49107,1.1401,2.17264,1.54598,1.24875,0.00954361,0.00954361,0.00954361
463,2321.4,0.47822,0.64098,0.3748,0.83977,0.63445,0.69411,0.6886,0.49963,0.64664,0.69996,0.69638,0.49764,1.16307,2.2405,1.53007,1.25695,0.00954262,0.00954262,0.00954262
464,2326.45,0.44533,0.62008,0.36102,0.82463,0.65325,0.58889,0.6421,0.47883,0.67328,0.61052,0.6653,0.44093,1.16909,2.35949,1.51998,1.252,0.00954163,0.00954163,0.00954163
465,2331.47,0.46212,0.70116,0.36096,0.84004,0.58669,0.68809,0.65632,0.49069,0.6172,0.73354,0.67148,0.46586,1.16603,2.30588,1.43345,1.25376,0.00954064,0.00954064,0.00954064
466,2336.48,0.44346,0.64507,0.35912,0.83612,0.57466,0.71395,0.68602,0.49044,0.67281,0.60266,0.69614,0.48795,1.14507,2.29408,1.32639,1.25695,0.00953965,0.00953965,0.00953965
467,2341.5,0.45405,0.68943,0.34534,0.83679,0.59652,0.69767,0.70745,0.4922,0.67838,0.64812,0.71041,0.47702,1.14005,2.30796,1.34733,1.2365,0.00953866,0.00953866,0.00953866
468,2346.54,0.46734,0.69831,0.35758,0.83277,0.65908,0.64812,0.70951,0.50448,0.65685,0.69474,0.71283,0.49457,1.13501,2.26296,1.35284,1.23005,0.00953767,0.00953767,0.00953767
469,2351.58,0.45316,0.62806,0.3437,0.83471,0.64014,0.70944,0.70248,0.51516,0.65664,0.72257,0.71301,0.51098,1.11828,2.22351,1.31169,1.22622,0.00953668,0.00953668,0.00953668
470,2356.61,0.45866,0.63628,0.34377,0.83716,0.60736,0.70325,0.70051,0.51215,0.65396,0.72257,0.71758,0.49991,1.16566,2.27438,1.41762,1.24781,0.00953569,0.00953569,0.00953569
471,2361.63,0.46526,0.68943,0.37667,0.84573,0.63289,0.66106,0.68099,0.48574,0.73562,0.64498,0.69265,0.47085,1.1518,2.30325,1.45653,1.24405,0.0095347,0.0095347,0.0095347
472,2366.69,0.48077,0.66333,0.37317,0.83927,0.71874,0.67085,0.70426,0.50414,0.73793,0.69357,0.69956,0.48753,1.15214,2.22284,1.51997,1.25704,0.00953371,0.00953371,0.00953371
473,2371.78,0.47618,0.65513,0.3634,0.83355,0.75943,0.63636,0.70861,0.51948,0.77331,0.64498,0.70316,0.49285,1.12938,2.22658,1.53702,1.26586,0.00953272,0.00953272,0.00953272
474,2376.79,0.46449,0.66893,0.36711,0.84372,0.74145,0.63739,0.69636,0.51651,0.7198,0.68854,0.70022,0.49989,1.14348,2.2533,1.56383,1.26151,0.00953173,0.00953173,0.00953173
475,2381.82,0.44872,0.64426,0.34725,0.81701,0.73545,0.6395,0.70781,0.53515,0.7602,0.68203,0.71651,0.50142,1.15865,2.27073,1.53781,1.26429,0.00953074,0.00953074,0.00953074
476,2386.87,0.46851,0.6285,0.34673,0.84963,0.75744,0.67677,0.72007,0.527,0.75781,0.67597,0.71685,0.49308,1.13377,2.27734,1.68329,1.26023,0.00952975,0.00952975,0.00952975
477,2391.94,0.45252,0.64089,0.35306,0.82633,0.69941,0.64694,0.70826,0.50499,0.72899,0.64035,0.70629,0.50411,1.14433,2.21474,1.68118,1.25808,0.00952876,0.00952876,0.00952876
478,2396.98,0.45839,0.67039,0.34101,0.8414,0.69484,0.65125,0.69652,0.51468,0.69111,0.65559,0.69416,0.49251,1.15783,2.19939,1.53821,1.31347,0.00952777,0.00952777,0.00952777
479,2402.02,0.44579,0.66503,0.34222,0.8443,0.69784,0.61374,0.68698,0.49405,0.72387,0.63884,0.69219,0.49131,1.14113,2.28274,1.44616,1.31476,0.00952678,0.00952678,0.00952678
480,2407.07,0.468,0.69239,0.36597,0.84303,0.80881,0.66443,0.73282,0.55037,0.80881,0.66443,0.73194,0.50494,1.08206,2.30371,1.3627,1.26423,0.00952579,0.00952579,0.00952579
481,2412.15,0.47595,0.62122,0.35177,0.82665,0.80533,0.6352,0.73749,0.54644,0.80533,0.6352,0.73768,0.51197,1.14459,2.35751,1.39284,1.29755,0.0095248,0.0095248,0.0095248
482,2417.22,0.43915,0.6112,0.34115,0.84064,0.83155,0.65987,0.74937,0.55115,0.83155,0.65987,0.74588,0.52869,1.13315,2.36642,1.48375,1.26446,0.00952381,0.00952381,0.00952381
483,2422.27,0.44368,0.60718,0.3318,0.82754,0.79707,0.67917,0.74913,0.57482,0.7856,0.67055,0.74487,0.51928,1.11997,2.29016,1.45995,1.26613,0.00952282,0.00952282,0.00952282
484,2427.35,0.46815,0.70176,0.35743,0.83051,0.77956,0.65635,0.75033,0.58217,0.77956,0.65635,0.74651,0.51277,1.0703,2.4208,1.45177,1.25209,0.00952183,0.00952183,0.00952183
485,2432.44,0.44576,0.6221,0.33379,0.83834,0.7718,0.6646,0.72719,0.55473,0.7718,0.6646,0.72712,0.50986,1.10251,2.50029,1.40692,1.28221,0.00952084,0.00952084,0.00952084
486,2437.48,0.48385,0.63874,0.36813,0.83602,0.71201,0.67398,0.71787,0.54546,0.73263,0.69671,0.75223,0.51403,1.1336,2.44943,1.37112,1.30111,0.00951985,0.00951985,0.00951985
487,2442.56,0.4498,0.66518,0.34615,0.82698,0.68892,0.62539,0.69948,0.53366,0.71848,0.64812,0.7324,0.51243,1.13625,2.34647,1.39639,1.28333,0.00951886,0.00951886,0.00951886
488,2447.59,0.47243,0.63782,0.36514,0.83757,0.60596,0.65539,0.6971,0.52242,0.613,0.72047,0.72012,0.50393,1.15931,2.28617,1.36431,1.27224,0.00951787,0.00951787,0.00951787
489,2452.64,0.45144,0.62662,0.34886,0.8339,0.62903,0.65361,0.68852,0.52468,0.74131,0.59026,0.70624,0.47769,1.18967,2.41194,1.43738,1.29077,0.00951688,0.00951688,0.00951688
490,2457.69,0.43064,0.6393,0.33262,0.82755,0.71314,0.58298,0.68233,0.51282,0.7663,0.59639,0.68714,0.47721,1.19482,2.46117,1.45359,1.30958,0.00951589,0.00951589,0.00951589
491,2462.75,0.47543,0.67755,0.36636,0.83865,0.64948,0.68456,0.69278,0.51884,0.64886,0.68541,0.69756,0.48164,1.1474,2.39363,1.49564,1.30591,0.0095149,0.0095149,0.0095149
492,2467.78,0.4525,0.65037,0.35439,0.82867,0.76523,0.56028,0.68957,0.51392,0.79117,0.58293,0.70277,0.46486,1.14354,2.36437,1.53347,1.32807,0.00951391,0.00951391,0.00951391
493,2472.82,0.4699,0.72078,0.37644,0.83874,0.7608,0.58542,0.6759,0.49214,0.78838,0.60815,0.69716,0.44162,1.15158,2.34912,1.50278,1.3313,0.00951292,0.00951292,0.00951292
494,2477.91,0.45943,0.63776,0.35199,0.82696,0.77696,0.58542,0.67496,0.49605,0.77696,0.58542,0.6831,0.46657,1.10765,2.21778,1.47231,1.2961,0.00951193,0.00951193,0.00951193
495,2482.97,0.46301,0.63573,0.34976,0.84127,0.75224,0.60168,0.68292,0.50604,0.75224,0.60168,0.69269,0.46021,1.10541,2.22741,1.51587,1.29912,0.00951094,0.00951094,0.00951094
496,2488.02,0.48982,0.6433,0.36875,0.83689,0.7581,0.53669,0.64249,0.47413,0.7581,0.53669,0.64798,0.42929,1.1463,2.29805,1.63926,1.29774,0.00950995,0.00950995,0.00950995
497,2493.09,0.4595,0.64075,0.35456,0.83043,0.65711,0.6461,0.64448,0.49108,0.8138,0.52171,0.65621,0.44924,1.05584,2.30571,1.50093,1.27522,0.00950896,0.00950896,0.00950896
498,2498.14,0.48913,0.65814,0.37339,0.82759,0.59935,0.64363,0.63184,0.47671,0.60041,0.65655,0.63956,0.44257,1.04592,2.33793,1.54918,1.24195,0.00950797,0.00950797,0.00950797
499,2503.22,0.44342,0.66745,0.34878,0.82789,0.7837,0.54362,0.67548,0.5017,0.7837,0.54362,0.67024,0.47189,1.03905,2.36146,1.49715,1.22214,0.00950698,0.00950698,0.00950698
500,2508.26,0.45098,0.65108,0.34713,0.83776,0.82452,0.51555,0.6767,0.51683,0.76818,0.5768,0.68774,0.47739,1.06811,2.31973,1.48008,1.23364,0.00950599,0.00950599,0.00950599
501,2513.31,0.46463,0.60119,0.36403,0.82852,0.69072,0.60815,0.67171,0.50932,0.69072,0.60815,0.67171,0.47975,1.12343,2.31438,1.629,1.25631,0.009505,0.009505,0.009505
502,2518.34,0.45934,0.6358,0.36025,0.83497,0.87164,0.51959,0.68368,0.51419,0.87164,0.51959,0.67218,0.45665,1.17925,2.39027,1.6022,1.26569,0.00950401,0.00950401,0.00950401
503,2523.4,0.44857,0.69901,0.35617,0.82992,0.8778,0.46552,0.67379,0.51578,0.6146,0.6395,0.66367,0.45059,1.12095,2.50592,1.49199,1.24307,0.00950302,0.00950302,0.00950302
504,2528.46,0.49961,0.6975,0.38304,0.84277,0.90832,0.47414,0.655,0.48994,0.90832,0.47414,0.65937,0.44772,1.14001,2.48167,1.53536,1.27688,0.00950203,0.00950203,0.00950203
505,2533.53,0.46445,0.6925,0.35328,0.83314,0.72382,0.50379,0.64228,0.48527,0.72382,0.50379,0.64488,0.44502,1.14292,2.46294,1.66889,1.29797,0.00950104,0.00950104,0.00950104
506,2538.6,0.464,0.63895,0.35849,0.84468,0.76201,0.48824,0.64095,0.48576,0.5771,0.59578,0.64481,0.43973,1.13144,2.42697,1.74379,1.2953,0.00950005,0.00950005,0.00950005
507,2543.64,0.44238,0.64689,0.35909,0.8352,0.85542,0.471,0.6665,0.49984,0.85542,0.471,0.6721,0.46953,1.10459,2.44875,1.70406,1.26568,0.00949906,0.00949906,0.00949906
508,2548.69,0.43401,0.69632,0.33782,0.83076,0.92486,0.47915,0.68523,0.52376,0.92486,0.47915,0.68786,0.49002,1.08624,2.47948,1.72787,1.24473,0.00949807,0.00949807,0.00949807
509,2553.76,0.45082,0.66777,0.34746,0.82734,0.70741,0.5768,0.69338,0.52771,0.70346,0.62729,0.69753,0.51391,1.06622,2.49568,1.59152,1.19252,0.00949708,0.00949708,0.00949708
510,2558.83,0.43274,0.63435,0.34187,0.82911,0.76296,0.56866,0.71153,0.54747,0.75713,0.64733,0.7327,0.52017,1.10189,2.41424,1.63409,1.23025,0.00949609,0.00949609,0.00949609
511,2563.88,0.43294,0.68859,0.35533,0.82568,0.72865,0.58542,0.68996,0.53723,0.73638,0.63545,0.69236,0.51055,1.07473,2.41699,1.58696,1.21677,0.0094951,0.0094951,0.0094951
512,2568.95,0.45542,0.62484,0.35432,0.82766,0.76255,0.5367,0.68495,0.52674,0.65017,0.66779,0.6946,0.49975,1.04426,2.43284,1.47596,1.19531,0.00949411,0.00949411,0.00949411
513,2573.99,0.46581,0.71017,0.36234,0.83698,0.74607,0.53849,0.67899,0.52746,0.69077,0.61129,0.68752,0.49513,1.04204,2.43899,1.47209,1.20052,0.00949312,0.00949312,0.00949312
514,2579.05,0.4291,0.62474,0.34272,0.83102,0.71473,0.61933,0.69055,0.54075,0.71473,0.61933,0.69336,0.49502,1.06591,2.41031,1.41861,1.21042,0.00949213,0.00949213,0.00949213
515,2584.09,0.44727,0.64112,0.34552,0.83061,0.77022,0.58908,0.70683,0.53392,0.68345,0.69984,0.71366,0.49433,1.08182,2.34071,1.41102,1.20177,0.00949114,0.00949114,0.00949114
516,2589.12,0.46918,0.61371,0.36047,0.84262,0.68377,0.59348,0.66122,0.50685,0.73662,0.63753,0.68374,0.46513,1.10999,2.38611,1.49234,1.2264,0.00949015,0.00949015,0.00949015
517,2594.17,0.43756,0.65051,0.33961,0.8359,0.63919,0.60984,0.628,0.46487,0.65133,0.62324,0.63051,0.45694,1.1329,2.40457,1.63316,1.24469,0.00948916,0.00948916,0.00948916
518,2599.24,0.44399,0.60559,0.36104,0.83804,0.56134,0.58741,0.62551,0.47774,0.56823,0.59468,0.62999,0.4551,1.14701,2.4887,1.7441,1.27166,0.00948817,0.00948817,0.00948817
519,2604.28,0.43772,0.62207,0.34348,0.8219,0.65091,0.50079,0.62226,0.47119,0.59463,0.58542,0.62752,0.43046,1.1362,2.54283,1.78094,1.25418,0.00948718,0.00948718,0.00948718
520,2609.35,0.44033,0.64439,0.34197,0.83928,0.56517,0.56244,0.61956,0.48838,0.58966,0.58229,0.63172,0.44322,1.1767,2.63022,1.74704,1.3143,0.00948619,0.00948619,0.00948619
521,2614.39,0.43437,0.64114,0.34744,0.83732,0.67744,0.47738,0.61339,0.45632,0.66575,0.51646,0.61496,0.42149,1.22656,2.79896,1.69403,1.32596,0.0094852,0.0094852,0.0094852
522,2619.45,0.4483,0.61914,0.35614,0.84553,0.70493,0.51747,0.61937,0.4676,0.58096,0.57988,0.62618,0.43607,1.23193,2.84118,1.71916,1.3271,0.00948421,0.00948421,0.00948421
523,2624.52,0.44235,0.64749,0.35194,0.82184,0.63399,0.56025,0.64259,0.48641,0.57727,0.64993,0.64884,0.43373,1.19688,2.7484,1.56818,1.3183,0.00948322,0.00948322,0.00948322
524,2629.58,0.43293,0.61493,0.34138,0.82853,0.68355,0.56463,0.66268,0.50684,0.64697,0.58457,0.66206,0.45869,1.07963,2.69509,1.50792,1.24403,0.00948223,0.00948223,0.00948223
525,2634.63,0.42636,0.61451,0.34894,0.8357,0.63017,0.63856,0.66353,0.52442,0.63017,0.63856,0.66355,0.49179,1.06595,2.57808,1.51418,1.24598,0.00948124,0.00948124,0.00948124
526,2639.7,0.43018,0.62008,0.32547,0.82021,0.61698,0.65527,0.67644,0.53194,0.61698,0.65527,0.67153,0.48889,1.00933,2.52609,1.53864,1.20867,0.00948025,0.00948025,0.00948025
527,2644.74,0.4759,0.7066,0.36406,0.83791,0.68872,0.61264,0.68024,0.54263,0.69792,0.59436,0.67334,0.4867,1.04317,2.54454,1.57987,1.24379,0.00947926,0.00947926,0.00947926
528,2649.81,0.43596,0.6124,0.33175,0.82356,0.65737,0.65081,0.68413,0.53075,0.66182,0.6119,0.66845,0.49144,1.04709,2.46555,1.49985,1.23523,0.00947827,0.00947827,0.00947827
529,2654.89,0.43619,0.63067,0.3359,0.82727,0.70656,0.60082,0.68576,0.52662,0.69571,0.59032,0.67452,0.48107,1.02579,2.5083,1.46731,1.21323,0.00947728,0.00947728,0.00947728
530,2659.94,0.44712,0.64135,0.34712,0.82977,0.65992,0.63955,0.67776,0.53228,0.65327,0.62974,0.67189,0.4976,1.0358,2.54903,1.42804,1.2231,0.00947629,0.00947629,0.00947629
531,2665,0.44779,0.64391,0.35704,0.82836,0.6844,0.64392,0.70705,0.5434,0.83412,0.55505,0.69947,0.51119,0.99853,2.47181,1.37621,1.19341,0.0094753,0.0094753,0.0094753
532,2670.04,0.4439,0.6243,0.36061,0.83356,0.66816,0.67163,0.71617,0.53032,0.66816,0.67163,0.71287,0.51152,1.02073,2.39015,1.3844,1.21478,0.00947431,0.00947431,0.00947431
533,2675.09,0.44093,0.6253,0.35247,0.83051,0.67634,0.68938,0.68982,0.49717,0.68573,0.69735,0.69664,0.48856,1.04641,2.38255,1.41875,1.20886,0.00947332,0.00947332,0.00947332
534,2680.15,0.4302,0.59656,0.34757,0.83955,0.68813,0.65765,0.66458,0.48864,0.69812,0.66627,0.67616,0.45301,1.07417,2.29844,1.48474,1.21366,0.00947233,0.00947233,0.00947233
535,2685.2,0.44913,0.6568,0.34408,0.84098,0.62813,0.68504,0.66327,0.49011,0.6372,0.69367,0.67053,0.45118,1.08884,2.3149,1.45998,1.23923,0.00947134,0.00947134,0.00947134
536,2690.26,0.43654,0.63397,0.34523,0.82913,0.68506,0.65125,0.67351,0.51545,0.68506,0.65125,0.67967,0.47856,1.04463,2.26626,1.36492,1.23826,0.00947035,0.00947035,0.00947035
537,2695.29,0.44501,0.61313,0.35376,0.83156,0.72872,0.60266,0.68389,0.52621,0.73993,0.61129,0.69482,0.49608,1.07802,2.33135,1.39612,1.26294,0.00946936,0.00946936,0.00946936
538,2700.34,0.41474,0.64195,0.329,0.83287,0.66581,0.73478,0.69383,0.53357,0.66581,0.73478,0.6975,0.50386,1.08531,2.27706,1.39318,1.25953,0.00946837,0.00946837,0.00946837
539,2705.37,0.44288,0.65803,0.35309,0.82543,0.6736,0.69551,0.70318,0.53223,0.67855,0.6839,0.70051,0.49855,1.09139,2.33226,1.47191,1.25968,0.00946738,0.00946738,0.00946738
540,2710.43,0.4671,0.65208,0.35651,0.83625,0.65573,0.6685,0.68928,0.53072,0.65328,0.6685,0.68814,0.49213,1.14024,2.38825,1.46349,1.29079,0.00946639,0.00946639,0.00946639
541,2715.5,0.4251,0.63337,0.34301,0.82034,0.7708,0.56962,0.67224,0.50477,0.73012,0.59006,0.66778,0.48881,1.17477,2.55679,1.50202,1.30816,0.0094654,0.0094654,0.0094654
542,2720.53,0.44973,0.67187,0.35505,0.83341,0.68106,0.56583,0.67418,0.50332,0.62898,0.6058,0.66023,0.46679,1.19013,2.69078,1.43544,1.3487,0.00946441,0.00946441,0.00946441
543,2725.57,0.4462,0.64487,0.34747,0.82825,0.74269,0.50834,0.65607,0.50438,0.56805,0.64868,0.63658,0.45138,1.18709,2.64272,1.47564,1.34733,0.00946342,0.00946342,0.00946342
544,2730.62,0.44044,0.63638,0.34478,0.82664,0.59646,0.64742,0.65495,0.48244,0.60785,0.66301,0.64058,0.43972,1.21752,2.60543,1.43533,1.37984,0.00946243,0.00946243,0.00946243
545,2735.66,0.43708,0.58296,0.34392,0.82616,0.74675,0.52351,0.64232,0.48178,0.72317,0.49765,0.62387,0.43275,1.16452,2.48425,1.36859,1.35587,0.00946144,0.00946144,0.00946144
546,2740.71,0.44294,0.6013,0.35048,0.82772,0.90868,0.48021,0.63691,0.47441,0.90733,0.46961,0.60883,0.4233,1.16894,2.51586,1.45727,1.36037,0.00946045,0.00946045,0.00946045
547,2745.78,0.43111,0.66166,0.33831,0.82713,0.7923,0.52038,0.62821,0.47366,0.78066,0.51176,0.62137,0.42614,1.14325,2.60235,1.31828,1.35869,0.00945946,0.00945946,0.00945946
548,2750.85,0.45936,0.64301,0.35476,0.8378,0.8447,0.4711,0.62098,0.47533,0.59708,0.6685,0.64382,0.44631,1.14676,2.78978,1.46065,1.34567,0.00945847,0.00945847,0.00945847
549,2755.88,0.42084,0.62392,0.34156,0.81792,0.90899,0.46865,0.65931,0.49056,0.90899,0.46865,0.64002,0.44157,1.17319,2.76926,1.49273,1.32066,0.00945748,0.00945748,0.00945748
550,2760.95,0.44705,0.59736,0.34302,0.8399,0.86328,0.47333,0.66333,0.49362,0.86328,0.47333,0.65372,0.47704,1.13613,2.47553,1.56929,1.28132,0.00945649,0.00945649,0.00945649
551,2766.02,0.43327,0.61788,0.34299,0.8215,0.8884,0.49016,0.68649,0.52164,0.8884,0.49016,0.67886,0.48631,1.11543,2.41404,1.5486,1.2602,0.0094555,0.0094555,0.0094555
552,2771.04,0.4387,0.65269,0.35207,0.8325,0.83098,0.52608,0.69574,0.54058,0.70784,0.6758,0.71617,0.50462,1.10629,2.39321,1.55774,1.24083,0.00945451,0.00945451,0.00945451
553,2776.1,0.44001,0.59675,0.34105,0.82087,0.73974,0.62008,0.71907,0.54085,0.77655,0.65133,0.73127,0.52085,1.14849,2.33726,1.55402,1.26252,0.00945352,0.00945352,0.00945352
554,2781.18,0.44602,0.61868,0.34092,0.81996,0.8425,0.57367,0.72935,0.54524,0.85892,0.58229,0.73794,0.52297,1.12228,2.33995,1.51844,1.27562,0.00945253,0.00945253,0.00945253
555,2786.24,0.45842,0.64147,0.36131,0.83574,0.84588,0.60551,0.7381,0.55819,0.76425,0.70195,0.74505,0.51968,1.11499,2.35231,1.45851,1.28804,0.00945154,0.00945154,0.00945154
556,2791.3,0.4404,0.63831,0.35048,0.83133,0.78161,0.57194,0.70449,0.52347,0.69653,0.67303,0.72605,0.50533,1.13304,2.38823,1.57922,1.26411,0.00945055,0.00945055,0.00945055
557,2796.32,0.42718,0.58909,0.33822,0.82196,0.89407,0.48956,0.70194,0.51606,0.89407,0.48956,0.71134,0.51059,1.13715,2.42046,1.61179,1.28115,0.00944956,0.00944956,0.00944956
558,2801.39,0.43145,0.64345,0.34668,0.83134,0.6946,0.57255,0.67939,0.50247,0.69017,0.57132,0.68061,0.48298,1.13845,2.45254,1.75992,1.30428,0.00944857,0.00944857,0.00944857
559,2806.44,0.44816,0.58921,0.35211,0.82007,0.92266,0.43779,0.66876,0.50041,0.64524,0.59403,0.66765,0.48998,1.15884,2.54883,1.85601,1.2893,0.00944758,0.00944758,0.00944758
560,2811.51,0.42772,0.62706,0.33947,0.82009,0.92455,0.44828,0.65792,0.49932,0.92455,0.44828,0.6549,0.46188,1.12203,2.56629,1.84293,1.26352,0.00944659,0.00944659,0.00944659
561,2816.57,0.44053,0.63194,0.33975,0.82716,0.90332,0.4569,0.65648,0.49759,0.90332,0.4569,0.66545,0.48025,1.14279,2.48729,1.75047,1.263,0.0094456,0.0094456,0.0094456
562,2821.63,0.46797,0.61867,0.35945,0.83916,0.71067,0.59404,0.66588,0.49727,0.71067,0.59404,0.66542,0.45167,1.13173,2.53151,1.56041,1.26673,0.00944461,0.00944461,0.00944461
563,2826.72,0.42509,0.60024,0.33924,0.8353,0.70305,0.62853,0.67346,0.4909,0.72339,0.65125,0.67617,0.46068,1.11396,2.60389,1.51415,1.26114,0.00944362,0.00944362,0.00944362
564,2831.77,0.44576,0.61997,0.34201,0.8279,0.66147,0.61764,0.67076,0.50998,0.68079,0.63981,0.6798,0.48656,1.10075,2.58932,1.58671,1.26816,0.00944263,0.00944263,0.00944263
565,2836.84,0.45417,0.64584,0.35621,0.84182,0.71697,0.5781,0.65285,0.49518,0.74137,0.59851,0.6663,0.49517,1.07638,2.5814,1.60551,1.25248,0.00944164,0.00944164,0.00944164
566,2841.89,0.42736,0.62435,0.35042,0.83759,0.79852,0.51959,0.67564,0.51001,0.75618,0.63088,0.70504,0.5063,1.12116,2.59561,1.59037,1.26693,0.00944065,0.00944065,0.00944065
567,2846.92,0.42595,0.62377,0.33398,0.83355,0.78121,0.58947,0.68645,0.49572,0.80618,0.61172,0.70371,0.48628,1.10346,2.59689,1.52009,1.23927,0.00943966,0.00943966,0.00943966
568,2851.95,0.42358,0.62146,0.33574,0.82978,0.83244,0.5296,0.66189,0.49321,0.77721,0.58241,0.68827,0.47692,1.08648,2.53278,1.51115,1.22639,0.00943867,0.00943867,0.00943867
569,2857.04,0.43827,0.61702,0.33563,0.83437,0.76568,0.53683,0.66371,0.50481,0.69564,0.64812,0.69948,0.48965,1.07121,2.51717,1.48152,1.21339,0.00943768,0.00943768,0.00943768
570,2862.11,0.43938,0.61238,0.33889,0.82788,0.70787,0.58542,0.64927,0.50576,0.73893,0.61677,0.68275,0.46792,1.05814,2.47146,1.48891,1.22074,0.00943669,0.00943669,0.00943669
571,2867.16,0.45312,0.62728,0.33149,0.8323,0.63314,0.64756,0.64902,0.49133,0.65388,0.65674,0.67649,0.45876,1.08549,2.50135,1.56833,1.24286,0.0094357,0.0094357,0.0094357
572,2872.21,0.43042,0.61785,0.32949,0.82618,0.62181,0.62055,0.63761,0.48442,0.66158,0.66044,0.66198,0.46652,1.04645,2.56429,1.62408,1.23777,0.00943471,0.00943471,0.00943471
573,2877.26,0.42227,0.66307,0.34088,0.83941,0.69284,0.52038,0.63307,0.48651,0.57242,0.65125,0.64031,0.44557,1.03678,2.70505,1.5851,1.24763,0.00943372,0.00943372,0.00943372
574,2882.33,0.42709,0.60072,0.33732,0.83346,0.58038,0.59868,0.61745,0.46972,0.55918,0.6826,0.62164,0.44357,1.10222,2.74841,1.64541,1.29122,0.00943273,0.00943273,0.00943273
575,2887.38,0.41756,0.59263,0.321,0.82414,0.56318,0.62262,0.58337,0.42556,0.58326,0.64263,0.59296,0.41309,1.15269,2.84301,1.72396,1.30972,0.00943174,0.00943174,0.00943174
576,2892.43,0.45267,0.65376,0.34592,0.83805,0.62126,0.57994,0.57339,0.42935,0.65599,0.61129,0.6015,0.41571,1.16792,2.7549,1.63343,1.32933,0.00943075,0.00943075,0.00943075
577,2897.48,0.43825,0.64443,0.34527,0.82331,0.71173,0.61351,0.6326,0.4562,0.69064,0.61014,0.60777,0.43825,1.25926,2.82899,1.69022,1.37441,0.00942976,0.00942976,0.00942976
578,2902.54,0.46069,0.71243,0.36585,0.83628,0.67502,0.51097,0.58804,0.46878,0.62783,0.57849,0.60648,0.43368,1.1545,2.75901,1.68863,1.33492,0.00942877,0.00942877,0.00942877
579,2907.61,0.41748,0.64084,0.32968,0.82581,0.50367,0.60502,0.56209,0.45018,0.59457,0.5357,0.58209,0.42824,1.14647,2.84282,1.77519,1.30879,0.00942778,0.00942778,0.00942778
580,2912.71,0.43104,0.62535,0.33437,0.8225,0.54501,0.58777,0.57528,0.45045,0.57801,0.58229,0.59658,0.42299,1.12633,2.77085,1.82308,1.28453,0.00942679,0.00942679,0.00942679
581,2917.79,0.45778,0.6174,0.3572,0.84548,0.53937,0.60188,0.57522,0.43253,0.60356,0.62737,0.61206,0.42494,1.14193,2.6836,1.85153,1.29042,0.0094258,0.0094258,0.0094258
582,2922.84,0.4278,0.61738,0.33313,0.82547,0.6105,0.60188,0.63181,0.45712,0.69136,0.59275,0.64828,0.44563,1.11681,2.64761,1.83908,1.24611,0.00942481,0.00942481,0.00942481
583,2927.9,0.45286,0.68724,0.35483,0.83388,0.66605,0.61912,0.65496,0.48504,0.71595,0.62016,0.66282,0.46858,1.1084,2.52869,1.76741,1.27217,0.00942382,0.00942382,0.00942382
584,2932.94,0.4302,0.60048,0.33014,0.82592,0.62886,0.60113,0.65423,0.47094,0.77155,0.57053,0.66393,0.4713,1.12007,2.50019,1.76533,1.26765,0.00942283,0.00942283,0.00942283
585,2938,0.44042,0.60214,0.34266,0.83291,0.73435,0.55171,0.61724,0.47085,0.73862,0.61204,0.63603,0.46051,1.1327,2.39009,1.83593,1.26221,0.00942184,0.00942184,0.00942184
586,2943.08,0.4535,0.64671,0.34633,0.83472,0.59674,0.57472,0.61964,0.48669,0.73993,0.55094,0.64547,0.46215,1.11544,2.36737,1.88484,1.25531,0.00942085,0.00942085,0.00942085
587,2948.14,0.41466,0.60136,0.33704,0.83403,0.73874,0.55277,0.64897,0.4917,0.7922,0.57744,0.65614,0.46368,1.12167,2.29495,1.90154,1.25553,0.00941986,0.00941986,0.00941986
588,2953.19,0.42963,0.67406,0.34078,0.82195,0.70175,0.57717,0.66732,0.4981,0.72279,0.59523,0.66369,0.47981,1.07917,2.23799,1.65732,1.21236,0.00941887,0.00941887,0.00941887
589,2958.28,0.48577,0.73711,0.36593,0.84342,0.67435,0.58536,0.658,0.49267,0.70803,0.61552,0.66576,0.47997,1.06773,2.13938,1.54802,1.22623,0.00941788,0.00941788,0.00941788
590,2963.34,0.43424,0.61099,0.33996,0.82503,0.65347,0.5949,0.6462,0.49608,0.72554,0.59091,0.65919,0.48179,1.11639,2.16527,1.59027,1.24841,0.00941689,0.00941689,0.00941689
591,2968.39,0.47029,0.64805,0.34862,0.84147,0.80294,0.49687,0.6078,0.46807,0.67652,0.56839,0.61414,0.44396,1.10903,2.22937,1.63603,1.24926,0.0094159,0.0094159,0.0094159
592,2973.44,0.44356,0.6475,0.34753,0.8349,0.77136,0.53462,0.62963,0.48026,0.687,0.56505,0.618,0.44252,1.14394,2.29861,1.72091,1.28099,0.00941491,0.00941491,0.00941491
593,2978.49,0.43392,0.61809,0.33713,0.8119,0.70729,0.56927,0.62753,0.49084,0.70286,0.57476,0.62494,0.45616,1.1569,2.31097,1.59766,1.3232,0.00941392,0.00941392,0.00941392
594,2983.55,0.46425,0.60069,0.35457,0.83555,0.81651,0.57094,0.64588,0.48032,0.71997,0.61129,0.63691,0.45091,1.19158,2.36869,1.55595,1.32537,0.00941293,0.00941293,0.00941293
595,2988.61,0.45574,0.62571,0.35791,0.82757,0.71302,0.55721,0.64262,0.48206,0.68945,0.59349,0.63878,0.45584,1.1631,2.40469,1.46106,1.29505,0.00941194,0.00941194,0.00941194
596,2993.7,0.44002,0.5989,0.34293,0.83326,0.69118,0.54859,0.63576,0.47776,0.69118,0.54859,0.6289,0.43995,1.15433,2.45358,1.4762,1.27835,0.00941095,0.00941095,0.00941095
597,2998.75,0.43396,0.63112,0.3308,0.82928,0.62943,0.56077,0.62739,0.47387,0.62943,0.56077,0.62133,0.43764,1.182,2.55177,1.56036,1.30423,0.00940996,0.00940996,0.00940996
598,3003.8,0.45953,0.66391,0.35643,0.82291,0.59346,0.63306,0.62904,0.47992,0.60426,0.64082,0.62923,0.45561,1.21228,2.46544,1.64151,1.32318,0.00940897,0.00940897,0.00940897
599,3008.87,0.43722,0.61727,0.33962,0.83345,0.6252,0.61793,0.63389,0.49192,0.63656,0.6253,0.63745,0.464,1.14357,2.4875,1.55103,1.2565,0.00940798,0.00940798,0.00940798
600,3013.98,0.42693,0.62851,0.33597,0.82329,0.60182,0.60266,0.64007,0.49022,0.60182,0.60266,0.63504,0.45517,1.1081,2.4479,1.59696,1.20474,0.00940699,0.00940699,0.00940699
601,3019.04,0.43429,0.57669,0.33357,0.83154,0.60943,0.60027,0.63527,0.48122,0.62794,0.61525,0.64536,0.46423,1.10913,2.49402,1.63902,1.20589,0.009406,0.009406,0.009406
602,3024.12,0.42641,0.62957,0.33246,0.82704,0.60883,0.55067,0.63969,0.49446,0.60883,0.55067,0.63476,0.44366,1.08879,2.48978,1.76988,1.19032,0.00940501,0.00940501,0.00940501
603,3029.16,0.42215,0.58265,0.33168,0.82694,0.59809,0.57413,0.64992,0.50068,0.59809,0.57413,0.64497,0.45335,1.11221,2.54659,1.76117,1.20281,0.00940402,0.00940402,0.00940402
604,3034.26,0.40597,0.63253,0.31648,0.8284,0.64678,0.61203,0.66181,0.49036,0.63527,0.60341,0.64402,0.43976,1.12076,2.61475,1.76872,1.22255,0.00940303,0.00940303,0.00940303
605,3039.33,0.43914,0.59434,0.33714,0.83479,0.66386,0.65674,0.64993,0.49403,0.64617,0.63279,0.63459,0.42456,1.13998,2.67615,1.6354,1.23584,0.00940204,0.00940204,0.00940204
606,3044.36,0.4245,0.57754,0.33127,0.82733,0.65025,0.6484,0.65639,0.49931,0.64002,0.6405,0.64438,0.44051,1.1456,2.57925,1.45546,1.24714,0.00940105,0.00940105,0.00940105
607,3049.42,0.44391,0.66018,0.34676,0.82328,0.66804,0.66536,0.66844,0.50212,0.66804,0.66536,0.67397,0.45688,1.1255,2.52492,1.41757,1.21656,0.00940006,0.00940006,0.00940006
608,3054.51,0.43611,0.62279,0.34297,0.82929,0.75582,0.59404,0.68615,0.5083,0.6346,0.69079,0.68435,0.45045,1.09904,2.53171,1.43538,1.22284,0.00939907,0.00939907,0.00939907
609,3059.56,0.40071,0.66367,0.31637,0.82505,0.78109,0.63088,0.71709,0.52594,0.76664,0.62226,0.70967,0.47449,1.10541,2.50665,1.46461,1.23093,0.00939808,0.00939808,0.00939808
610,3064.63,0.42765,0.61247,0.33044,0.83131,0.75172,0.63267,0.69796,0.51089,0.76138,0.6444,0.7214,0.46528,1.14161,2.485,1.53781,1.24955,0.00939709,0.00939709,0.00939709
611,3069.7,0.43028,0.65188,0.33375,0.83636,0.73509,0.65164,0.68026,0.49971,0.77316,0.6547,0.69957,0.4543,1.15328,2.4438,1.53063,1.25677,0.0093961,0.0093961,0.0093961
612,3074.76,0.4442,0.63269,0.34729,0.84031,0.69124,0.65125,0.68979,0.49954,0.68077,0.64263,0.68021,0.44585,1.17783,2.42751,1.50398,1.27705,0.00939511,0.00939511,0.00939511
613,3079.83,0.39808,0.58211,0.3228,0.82576,0.77655,0.59688,0.70659,0.51863,0.76357,0.58838,0.69327,0.47268,1.1795,2.33385,1.46927,1.26285,0.00939412,0.00939412,0.00939412
614,3084.86,0.43724,0.62676,0.34321,0.83308,0.7238,0.63304,0.71759,0.51418,0.71246,0.62512,0.70846,0.47613,1.18819,2.32194,1.41743,1.26726,0.00939313,0.00939313,0.00939313
615,3089.94,0.43709,0.63371,0.32279,0.82431,0.7417,0.61832,0.70803,0.51745,0.74538,0.61772,0.7026,0.48166,1.17742,2.32467,1.4431,1.26455,0.00939214,0.00939214,0.00939214
616,3095.02,0.4578,0.64463,0.34516,0.82773,0.7631,0.56094,0.69787,0.51591,0.7631,0.56094,0.69162,0.4692,1.2033,2.34495,1.41953,1.28568,0.00939115,0.00939115,0.00939115
617,3100.11,0.43683,0.63358,0.34397,0.82236,0.73696,0.55408,0.67981,0.50336,0.73696,0.55408,0.67708,0.48255,1.24762,2.46736,1.48088,1.30566,0.00939016,0.00939016,0.00939016
618,3105.19,0.4146,0.60961,0.31667,0.81837,0.78882,0.55655,0.69066,0.49897,0.78882,0.55655,0.69991,0.45718,1.20287,2.48491,1.65653,1.27701,0.00938917,0.00938917,0.00938917
619,3110.27,0.42736,0.57695,0.32535,0.81268,0.65127,0.70219,0.67997,0.4865,0.63849,0.67321,0.67816,0.45141,1.19994,2.48286,1.54233,1.28685,0.00938818,0.00938818,0.00938818
620,3115.34,0.43123,0.62126,0.32147,0.81982,0.6632,0.64812,0.67608,0.49897,0.63647,0.63088,0.66549,0.45068,1.20968,2.46288,1.50856,1.29071,0.00938719,0.00938719,0.00938719
621,3120.49,0.42238,0.56613,0.33097,0.82712,0.78897,0.54781,0.68848,0.52521,0.73588,0.57367,0.6791,0.5021,1.21274,2.43588,1.57711,1.31179,0.0093862,0.0093862,0.0093862
622,3125.56,0.4223,0.61269,0.32238,0.82091,0.74372,0.56505,0.70441,0.54162,0.74372,0.56505,0.68755,0.51948,1.2081,2.40424,1.49551,1.33341,0.00938521,0.00938521,0.00938521
623,3130.66,0.43952,0.58985,0.34028,0.81429,0.76952,0.56505,0.71089,0.55253,0.76064,0.56505,0.69482,0.51478,1.16199,2.39181,1.54729,1.32734,0.00938422,0.00938422,0.00938422
624,3135.74,0.41984,0.5976,0.33067,0.82736,0.6849,0.59341,0.70681,0.54018,0.69569,0.5809,0.68299,0.51683,1.18361,2.40775,1.59866,1.36844,0.00938323,0.00938323,0.00938323
625,3140.83,0.4897,0.76062,0.3786,0.84375,0.60834,0.63674,0.6763,0.51598,0.67176,0.57367,0.67334,0.48044,1.13052,2.4783,1.54106,1.33525,0.00938224,0.00938224,0.00938224
626,3145.92,0.42741,0.57792,0.33603,0.82846,0.70279,0.60117,0.67586,0.50893,0.70279,0.60117,0.66648,0.46426,1.1183,2.46199,1.52312,1.31033,0.00938125,0.00938125,0.00938125
627,3151.02,0.41089,0.57976,0.3191,0.81872,0.68605,0.63157,0.67931,0.5085,0.68605,0.63157,0.67365,0.46439,1.11761,2.4365,1.49357,1.30244,0.00938026,0.00938026,0.00938026
628,3156.06,0.40948,0.60172,0.32673,0.82915,0.67976,0.57398,0.65143,0.50498,0.67976,0.57398,0.65123,0.46609,1.07922,2.48589,1.57208,1.2551,0.00937927,0.00937927,0.00937927
629,3161.13,0.39484,0.60561,0.31522,0.83121,0.76342,0.51724,0.66464,0.52232,0.67842,0.58559,0.66584,0.48466,1.08243,2.55981,1.55397,1.25183,0.00937828,0.00937828,0.00937828
630,3166.23,0.42962,0.61749,0.33564,0.82893,0.73428,0.55012,0.67244,0.49328,0.79731,0.50862,0.67052,0.47695,1.1641,2.57906,1.56042,1.3116,0.00937729,0.00937729,0.00937729
631,3171.31,0.40612,0.56928,0.32967,0.83667,0.721,0.57994,0.67194,0.49543,0.66053,0.60815,0.66167,0.48201,1.14503,2.54455,1.51868,1.29251,0.0093763,0.0093763,0.0093763
632,3176.37,0.42301,0.63116,0.32691,0.83316,0.72994,0.59727,0.66559,0.50631,0.73502,0.61481,0.66585,0.4903,1.13587,2.5225,1.57017,1.29262,0.00937531,0.00937531,0.00937531
633,3181.45,0.431,0.66733,0.33694,0.82559,0.72793,0.57132,0.64657,0.48601,0.70084,0.60815,0.64697,0.45463,1.11549,2.42584,1.5469,1.2943,0.00937432,0.00937432,0.00937432
634,3186.53,0.43209,0.69164,0.33548,0.83171,0.6746,0.62539,0.65125,0.4923,0.66388,0.61677,0.64544,0.44291,1.09421,2.27866,1.45553,1.27185,0.00937333,0.00937333,0.00937333
635,3191.58,0.42267,0.59096,0.33247,0.83787,0.71033,0.56097,0.65872,0.51467,0.72041,0.57507,0.65216,0.46636,1.07436,2.2008,1.48579,1.24466,0.00937234,0.00937234,0.00937234
636,3196.71,0.4134,0.57615,0.31699,0.83474,0.59587,0.60702,0.63189,0.49692,0.6786,0.5389,0.63152,0.46508,1.11293,2.21594,1.56487,1.25851,0.00937135,0.00937135,0.00937135
637,3201.82,0.41682,0.60354,0.33701,0.83026,0.56947,0.5897,0.63174,0.49434,0.61871,0.56818,0.62847,0.46297,1.1275,2.2666,1.57623,1.28101,0.00937036,0.00937036,0.00937036
638,3206.87,0.42108,0.57522,0.32733,0.82228,0.66231,0.52612,0.63428,0.48749,0.6483,0.5175,0.62028,0.45696,1.16215,2.30493,1.68999,1.28989,0.00936937,0.00936937,0.00936937
639,3211.93,0.41779,0.58874,0.33231,0.82425,0.71639,0.55094,0.63423,0.48677,0.71639,0.55094,0.63423,0.45725,1.14731,2.26104,1.67568,1.29412,0.00936838,0.00936838,0.00936838
640,3217.05,0.40943,0.63051,0.32985,0.83004,0.71337,0.55094,0.63226,0.48791,0.71337,0.55094,0.63251,0.4319,1.11692,2.23215,1.82934,1.27552,0.00936739,0.00936739,0.00936739
641,3222.12,0.39212,0.61886,0.31549,0.83299,0.7319,0.56726,0.65455,0.50355,0.7319,0.56726,0.64768,0.46339,1.08821,2.24167,1.66511,1.25698,0.0093664,0.0093664,0.0093664
642,3227.21,0.42266,0.5881,0.32278,0.82693,0.65146,0.68466,0.66872,0.52218,0.65146,0.68466,0.66257,0.4713,1.08466,2.21066,1.5713,1.25441,0.00936541,0.00936541,0.00936541
643,3232.31,0.43976,0.60366,0.34238,0.82373,0.62426,0.66223,0.69267,0.535,0.62426,0.66223,0.68441,0.47842,1.0642,2.20138,1.52463,1.23725,0.00936442,0.00936442,0.00936442
644,3237.42,0.44263,0.61657,0.3388,0.81835,0.71855,0.58552,0.69446,0.53974,0.71855,0.58552,0.68655,0.47279,1.0562,2.30696,1.38584,1.22969,0.00936343,0.00936343,0.00936343
645,3242.51,0.42158,0.61966,0.33675,0.83187,0.74707,0.54859,0.68836,0.52864,0.77786,0.57132,0.69385,0.4927,1.02693,2.26606,1.42206,1.20676,0.00936244,0.00936244,0.00936244
646,3247.58,0.42078,0.58817,0.31576,0.82554,0.70737,0.61205,0.69245,0.5397,0.68431,0.5949,0.68602,0.48065,1.09359,2.26976,1.48471,1.25434,0.00936145,0.00936145,0.00936145
647,3252.67,0.41967,0.62883,0.3263,0.82975,0.78725,0.57132,0.6906,0.53089,0.77398,0.5627,0.66722,0.48969,1.09276,2.27962,1.56692,1.23612,0.00936046,0.00936046,0.00936046
648,3257.76,0.39509,0.55803,0.32464,0.81594,0.69896,0.56583,0.67366,0.51007,0.68415,0.55721,0.65773,0.47108,1.11118,2.29469,1.63073,1.25904,0.00935947,0.00935947,0.00935947
649,3262.83,0.41641,0.57881,0.3235,0.81393,0.63198,0.53302,0.65629,0.50802,0.63198,0.53302,0.64662,0.46259,1.06993,2.28411,1.67562,1.23659,0.00935848,0.00935848,0.00935848
650,3267.89,0.43133,0.62494,0.34173,0.83365,0.86716,0.42006,0.62742,0.48305,0.6612,0.51411,0.64124,0.47099,1.05679,2.20357,1.6725,1.24389,0.00935749,0.00935749,0.00935749
651,3272.94,0.41954,0.59195,0.32618,0.82888,0.59877,0.5503,0.64399,0.49838,0.6195,0.54877,0.65834,0.47652,1.04511,2.16157,1.63437,1.23374,0.0093565,0.0093565,0.0093565
652,3278.03,0.40933,0.56479,0.32061,0.81171,0.57753,0.57445,0.67405,0.52571,0.90707,0.44011,0.66831,0.49715,1.03782,2.15588,1.55005,1.24305,0.00935551,0.00935551,0.00935551
653,3283.13,0.425,0.56603,0.32691,0.82307,0.67889,0.59718,0.67083,0.52867,0.67889,0.59718,0.67305,0.49951,1.0168,2.20678,1.4512,1.23157,0.00935452,0.00935452,0.00935452
654,3288.19,0.4215,0.58328,0.33827,0.82354,0.80277,0.5431,0.68447,0.52333,0.83574,0.56583,0.7101,0.51217,1.06442,2.27864,1.44116,1.25777,0.00935353,0.00935353,0.00935353
655,3293.26,0.41782,0.59657,0.3328,0.83892,0.76468,0.55077,0.65969,0.50973,0.76468,0.55077,0.66244,0.49593,1.05483,2.41747,1.45622,1.26781,0.00935254,0.00935254,0.00935254
656,3298.36,0.44328,0.64358,0.34458,0.83407,0.77605,0.54257,0.65729,0.51379,0.76323,0.53422,0.65148,0.47861,1.05807,2.50784,1.52056,1.26814,0.00935155,0.00935155,0.00935155
657,3303.46,0.44001,0.62812,0.32815,0.83452,0.6248,0.63715,0.63814,0.49604,0.6248,0.63715,0.63486,0.46968,1.05714,2.5414,1.5197,1.26582,0.00935056,0.00935056,0.00935056
658,3308.58,0.44119,0.65665,0.35052,0.8256,0.55855,0.63366,0.62428,0.47733,0.57054,0.63715,0.61911,0.4606,1.11671,2.58291,1.52412,1.3209,0.00934957,0.00934957,0.00934957
659,3313.64,0.40907,0.57516,0.3135,0.82325,0.75441,0.50214,0.6265,0.47581,0.69873,0.54466,0.63092,0.45255,1.11693,2.52144,1.52206,1.31021,0.00934858,0.00934858,0.00934858
660,3318.71,0.41672,0.59002,0.32731,0.82737,0.72436,0.51118,0.62967,0.47253,0.7158,0.53068,0.6319,0.47218,1.09489,2.40168,1.49699,1.29569,0.00934759,0.00934759,0.00934759
661,3323.78,0.44438,0.58487,0.3437,0.82847,0.65835,0.6249,0.64742,0.49954,0.65183,0.63166,0.6552,0.46756,1.0623,2.27759,1.47776,1.27716,0.0093466,0.0093466,0.0093466
662,3328.86,0.38909,0.58412,0.3119,0.82821,0.62481,0.61442,0.63863,0.49659,0.65007,0.62304,0.63783,0.45403,1.06533,2.20558,1.51969,1.28652,0.00934561,0.00934561,0.00934561
663,3333.92,0.42021,0.61794,0.32597,0.84084,0.75853,0.51761,0.65059,0.50921,0.77048,0.52605,0.6628,0.47302,1.06482,2.21323,1.54557,1.27205,0.00934462,0.00934462,0.00934462
664,3339.02,0.40165,0.60489,0.31435,0.81075,0.77095,0.51724,0.65974,0.51333,0.77095,0.51724,0.66945,0.48232,1.01755,2.23236,1.66356,1.21952,0.00934363,0.00934363,0.00934363
665,3344.08,0.39882,0.57315,0.30807,0.83164,0.59272,0.64173,0.63301,0.50073,0.59244,0.64581,0.64339,0.46768,1.04063,2.19403,1.75919,1.24461,0.00934264,0.00934264,0.00934264
666,3349.18,0.42267,0.59013,0.3353,0.82377,0.61305,0.61116,0.6348,0.4997,0.62525,0.62952,0.64584,0.46644,1.08716,2.19789,1.72489,1.26647,0.00934165,0.00934165,0.00934165
667,3354.27,0.41845,0.59852,0.31878,0.82374,0.62699,0.64093,0.64499,0.50324,0.63575,0.63853,0.65468,0.47005,1.10699,2.21383,1.6593,1.26358,0.00934066,0.00934066,0.00934066
668,3359.35,0.40506,0.56832,0.3245,0.8159,0.63028,0.61364,0.64073,0.48274,0.63028,0.61364,0.63335,0.46432,1.12327,2.23796,1.73735,1.25864,0.00933967,0.00933967,0.00933967
669,3364.42,0.41729,0.55806,0.32731,0.8333,0.68225,0.57444,0.64254,0.48694,0.69611,0.58306,0.64721,0.46665,1.1426,2.33757,1.74132,1.28166,0.00933868,0.00933868,0.00933868
670,3369.51,0.40789,0.58353,0.32215,0.83216,0.66341,0.61315,0.6456,0.49646,0.6753,0.62073,0.6518,0.47659,1.1308,2.39358,1.74738,1.27831,0.00933769,0.00933769,0.00933769
671,3374.62,0.4135,0.58209,0.32356,0.82167,0.60716,0.60815,0.64863,0.50915,0.62832,0.57912,0.65993,0.47706,1.1079,2.45862,1.75664,1.28491,0.0093367,0.0093367,0.0093367
672,3379.73,0.41262,0.62785,0.34059,0.82841,0.67487,0.65649,0.67583,0.52646,0.66321,0.65674,0.68387,0.48512,1.10978,2.40535,1.61131,1.28984,0.00933571,0.00933571,0.00933571
673,3384.77,0.405,0.58621,0.33128,0.82906,0.69709,0.64102,0.6788,0.52311,0.69998,0.63012,0.69874,0.48986,1.02483,2.41944,1.47824,1.2296,0.00933472,0.00933472,0.00933472
674,3389.85,0.40703,0.58788,0.31767,0.82203,0.65856,0.59895,0.66681,0.50532,0.73031,0.64812,0.69248,0.47559,1.09238,2.49984,1.57766,1.28441,0.00933373,0.00933373,0.00933373
675,3394.94,0.43245,0.59956,0.33467,0.82347,0.79189,0.52559,0.68749,0.5042,0.72365,0.65054,0.70177,0.47182,1.13022,2.49467,1.55098,1.31641,0.00933274,0.00933274,0.00933274
676,3400.01,0.42751,0.57221,0.33833,0.82514,0.66711,0.61129,0.67644,0.49048,0.75138,0.63024,0.7026,0.47317,1.18342,2.40756,1.61321,1.33897,0.00933175,0.00933175,0.00933175
677,3405.08,0.41428,0.61081,0.3246,0.81957,0.73567,0.60101,0.66047,0.48257,0.78372,0.63569,0.69923,0.46669,1.19544,2.36691,1.57098,1.34221,0.00933076,0.00933076,0.00933076
678,3410.17,0.41817,0.58219,0.32656,0.83648,0.67564,0.56571,0.653,0.47049,0.75103,0.60325,0.68212,0.45127,1.17458,2.32166,1.62616,1.31029,0.00932977,0.00932977,0.00932977
679,3415.28,0.41693,0.61952,0.32021,0.82158,0.74106,0.55255,0.63974,0.47791,0.77742,0.60815,0.67818,0.46627,1.18176,2.28941,1.58467,1.33035,0.00932878,0.00932878,0.00932878
680,3420.4,0.41355,0.6337,0.31962,0.83043,0.7875,0.58504,0.6457,0.46413,0.83545,0.62226,0.67414,0.45291,1.23453,2.39742,1.52343,1.37039,0.00932779,0.00932779,0.00932779
681,3425.48,0.40369,0.60567,0.32321,0.82199,0.64991,0.63031,0.6614,0.49015,0.66504,0.65751,0.68078,0.47322,1.13746,2.36198,1.55243,1.31577,0.0093268,0.0093268,0.0093268
682,3430.6,0.44151,0.6208,0.35515,0.8328,0.68297,0.61036,0.64901,0.48054,0.71829,0.64078,0.67875,0.46799,1.11861,2.32695,1.59964,1.29745,0.00932581,0.00932581,0.00932581
683,3435.68,0.39696,0.56015,0.31356,0.82292,0.66061,0.61364,0.64507,0.47038,0.70448,0.65361,0.67393,0.46284,1.14887,2.33523,1.49758,1.32184,0.00932482,0.00932482,0.00932482
684,3440.8,0.41768,0.59282,0.32158,0.80929,0.66493,0.68713,0.67078,0.49262,0.7914,0.66802,0.73244,0.47755,1.17023,2.31471,1.4049,1.34996,0.00932383,0.00932383,0.00932383
685,3445.88,0.44312,0.57478,0.33585,0.83806,0.66575,0.63798,0.66302,0.47533,0.69646,0.67947,0.68923,0.46972,1.16236,2.2195,1.38673,1.33572,0.00932284,0.00932284,0.00932284
686,3451,0.39173,0.54778,0.31713,0.81958,0.72732,0.62539,0.67497,0.47726,0.71736,0.67947,0.68931,0.47104,1.15675,2.2737,1.39037,1.32808,0.00932185,0.00932185,0.00932185
687,3456.08,0.41393,0.61583,0.3257,0.81818,0.75561,0.64985,0.67944,0.50205,0.75561,0.64985,0.69374,0.47917,1.14801,2.31248,1.51505,1.30405,0.00932086,0.00932086,0.00932086
688,3461.15,0.39233,0.56552,0.30232,0.81974,0.70998,0.62627,0.66381,0.48588,0.72152,0.63489,0.67717,0.46514,1.11478,2.38352,1.64468,1.25219,0.00931987,0.00931987,0.00931987
689,3466.25,0.39558,0.58618,0.31222,0.83547,0.67176,0.5646,0.63412,0.47324,0.68447,0.57322,0.64727,0.45217,1.13116,2.3578,1.7714,1.24489,0.00931888,0.00931888,0.00931888
690,3471.33,0.42245,0.59023,0.31389,0.83669,0.76025,0.51766,0.64013,0.48351,0.76025,0.51766,0.64274,0.45813,1.1381,2.32035,1.91041,1.24199,0.00931789,0.00931789,0.00931789
691,3476.45,0.43821,0.68483,0.33285,0.82867,0.67937,0.51959,0.6259,0.47275,0.69085,0.52821,0.63763,0.44631,1.13034,2.32181,2.03251,1.24144,0.0093169,0.0093169,0.0093169
692,3481.52,0.38157,0.57559,0.31154,0.8214,0.65741,0.54664,0.63469,0.46461,0.65736,0.54718,0.64421,0.44443,1.13853,2.38464,2.01151,1.25262,0.00931591,0.00931591,0.00931591
693,3486.65,0.44545,0.58503,0.33688,0.81661,0.6321,0.55408,0.64248,0.47415,0.63302,0.55408,0.64693,0.45184,1.17928,2.42633,2.01324,1.29383,0.00931492,0.00931492,0.00931492
694,3491.73,0.44348,0.6053,0.33103,0.82775,0.74334,0.5423,0.66999,0.48071,0.73012,0.53367,0.67202,0.46046,1.18516,2.47846,1.93106,1.29761,0.00931393,0.00931393,0.00931393
695,3496.84,0.42333,0.61926,0.32342,0.82921,0.70412,0.56818,0.67064,0.49913,0.65462,0.58102,0.66669,0.45981,1.21454,2.51796,1.87264,1.32088,0.00931294,0.00931294,0.00931294
696,3501.95,0.38747,0.58962,0.30079,0.80699,0.66432,0.58229,0.67853,0.50122,0.65917,0.61364,0.68286,0.47478,1.20807,2.54586,1.81598,1.30404,0.00931195,0.00931195,0.00931195
697,3507.04,0.3933,0.59523,0.31634,0.8208,0.63446,0.60266,0.69572,0.514,0.64192,0.61221,0.69686,0.50606,1.16385,2.58457,1.77468,1.28484,0.00931096,0.00931096,0.00931096
698,3512.15,0.40567,0.61416,0.31662,0.81357,0.64658,0.6064,0.67844,0.5101,0.63754,0.59777,0.68371,0.48437,1.14933,2.60174,1.78918,1.2726,0.00930997,0.00930997,0.00930997
699,3517.27,0.42136,0.57363,0.32019,0.82064,0.6406,0.57853,0.68523,0.53535,0.64613,0.59202,0.68796,0.5,1.11958,2.57967,1.77329,1.25721,0.00930898,0.00930898,0.00930898
700,3522.36,0.40829,0.59024,0.32063,0.83243,0.68721,0.6095,0.70372,0.53351,0.69746,0.62115,0.70316,0.4949,1.15351,2.61101,1.74323,1.29201,0.00930799,0.00930799,0.00930799
701,3527.45,0.42151,0.5685,0.32867,0.81748,0.81565,0.51649,0.70454,0.54814,0.74004,0.58542,0.6949,0.51168,1.13058,2.61772,1.83156,1.28836,0.009307,0.009307,0.009307
702,3532.56,0.41484,0.62315,0.32481,0.82328,0.70314,0.60004,0.70051,0.54428,0.74664,0.57826,0.6947,0.50027,1.14295,2.59362,1.84495,1.29601,0.00930601,0.00930601,0.00930601
703,3537.66,0.38971,0.56821,0.30614,0.8228,0.7272,0.59953,0.66926,0.51588,0.7412,0.58881,0.66085,0.47108,1.15665,2.64456,1.84343,1.29059,0.00930502,0.00930502,0.00930502
704,3542.78,0.36282,0.5574,0.29901,0.81779,0.71971,0.59953,0.67485,0.51844,0.76709,0.57367,0.66599,0.47903,1.1117,2.63007,1.87634,1.24647,0.00930403,0.00930403,0.00930403
705,3547.9,0.40564,0.5732,0.31693,0.82248,0.69437,0.58472,0.66587,0.52107,0.78104,0.55305,0.66212,0.48726,1.07991,2.51077,1.96429,1.22714,0.00930304,0.00930304,0.00930304
706,3552.97,0.4522,0.6366,0.34761,0.83654,0.71625,0.58108,0.66545,0.50307,0.78759,0.52895,0.6622,0.50361,1.11083,2.52553,1.85095,1.2425,0.00930205,0.00930205,0.00930205
707,3558.06,0.40248,0.61008,0.31405,0.82288,0.64867,0.59484,0.66062,0.51392,0.75929,0.54376,0.6667,0.46832,1.08903,2.52537,1.86931,1.21384,0.00930106,0.00930106,0.00930106
708,3563.16,0.39279,0.54523,0.31335,0.81987,0.63867,0.55501,0.64579,0.50073,0.69698,0.54545,0.64506,0.47252,1.08598,2.53505,1.87292,1.21679,0.00930007,0.00930007,0.00930007
709,3568.23,0.40558,0.56734,0.32029,0.8068,0.74638,0.52775,0.63913,0.48589,0.7377,0.5186,0.62565,0.46594,1.0841,2.57718,1.78281,1.24828,0.00929908,0.00929908,0.00929908
710,3573.3,0.4139,0.5627,0.32603,0.83005,0.73099,0.47866,0.63562,0.49571,0.73099,0.47866,0.63099,0.47313,1.02675,2.50233,1.92554,1.2176,0.00929809,0.00929809,0.00929809
711,3578.38,0.43168,0.64463,0.33399,0.83029,0.60725,0.56376,0.63308,0.49004,0.60725,0.56376,0.63861,0.47167,1.07766,2.41752,1.74692,1.26095,0.0092971,0.0092971,0.0092971
712,3583.48,0.4059,0.62853,0.31697,0.8153,0.63405,0.56761,0.61293,0.46629,0.6603,0.55094,0.60605,0.44441,1.08526,2.39159,1.85738,1.26521,0.00929611,0.00929611,0.00929611
713,3588.56,0.39178,0.55423,0.31422,0.81869,0.64516,0.51411,0.61535,0.47289,0.62395,0.55404,0.61281,0.44737,1.1187,2.4135,1.9039,1.29741,0.00929512,0.00929512,0.00929512
714,3593.67,0.39364,0.58478,0.30062,0.82261,0.65146,0.52273,0.63052,0.48401,0.65623,0.53135,0.63199,0.47584,1.07953,2.4658,1.88717,1.2716,0.00929413,0.00929413,0.00929413
715,3598.76,0.42726,0.61209,0.33177,0.8366,0.65092,0.60815,0.64377,0.48125,0.65302,0.60815,0.64166,0.46583,1.08755,2.51827,1.8306,1.27812,0.00929314,0.00929314,0.00929314
716,3603.86,0.41995,0.63028,0.31953,0.82934,0.62587,0.63715,0.64024,0.47925,0.64433,0.64263,0.64274,0.45345,1.05488,2.59752,1.66845,1.26707,0.00929215,0.00929215,0.00929215
717,3608.96,0.39825,0.55555,0.31407,0.81732,0.67434,0.65547,0.63123,0.47824,0.67186,0.65125,0.62408,0.4379,1.02865,2.583,1.58966,1.25558,0.00929116,0.00929116,0.00929116
718,3614.05,0.42418,0.59194,0.33841,0.81885,0.64638,0.61474,0.63306,0.48315,0.64982,0.61663,0.62896,0.45179,1.04352,2.57678,1.60186,1.24594,0.00929017,0.00929017,0.00929017
719,3619.13,0.41124,0.58792,0.31724,0.81251,0.65407,0.58355,0.63335,0.48351,0.64851,0.55962,0.63424,0.4583,1.0603,2.45384,1.69447,1.23462,0.00928918,0.00928918,0.00928918
720,3624.19,0.40658,0.55585,0.31647,0.82002,0.64766,0.57994,0.63836,0.47353,0.65877,0.58856,0.63749,0.45581,1.11178,2.43688,1.64673,1.26735,0.00928819,0.00928819,0.00928819
721,3629.29,0.40119,0.58959,0.32912,0.81922,0.68553,0.5768,0.65057,0.48959,0.68553,0.5768,0.64667,0.42912,1.16816,2.38054,1.77286,1.2998,0.0092872,0.0092872,0.0092872
722,3634.41,0.40648,0.58264,0.30895,0.82878,0.66107,0.57767,0.65395,0.48233,0.67176,0.59673,0.6639,0.43311,1.15957,2.37071,1.74433,1.29441,0.00928621,0.00928621,0.00928621
723,3639.54,0.38845,0.56991,0.29965,0.82406,0.65857,0.59639,0.64234,0.48173,0.65501,0.58777,0.63555,0.46111,1.19291,2.37205,1.87134,1.29738,0.00928522,0.00928522,0.00928522
724,3644.61,0.3797,0.55569,0.30669,0.82349,0.63272,0.58229,0.62709,0.47431,0.61878,0.5766,0.61993,0.45246,1.16638,2.47298,1.89272,1.25712,0.00928423,0.00928423,0.00928423
725,3649.66,0.4076,0.65207,0.31862,0.832,0.67458,0.54789,0.62148,0.47352,0.6695,0.56605,0.61551,0.45447,1.19521,2.54239,1.80748,1.30463,0.00928324,0.00928324,0.00928324
726,3654.73,0.42378,0.68738,0.33957,0.84192,0.66208,0.55094,0.6132,0.47363,0.64886,0.54232,0.60606,0.43525,1.14314,2.57136,1.77163,1.25024,0.00928225,0.00928225,0.00928225
727,3659.84,0.40264,0.60174,0.31243,0.82107,0.64521,0.58054,0.59047,0.44471,0.63501,0.5768,0.57974,0.42795,1.10438,2.42891,1.66353,1.24009,0.00928126,0.00928126,0.00928126
728,3664.93,0.41572,0.57035,0.32582,0.82444,0.65893,0.52273,0.59375,0.43853,0.64689,0.51411,0.58233,0.41934,1.15061,2.36778,1.70091,1.28427,0.00928027,0.00928027,0.00928027
729,3670.05,0.41872,0.57049,0.31649,0.82618,0.65271,0.51545,0.60897,0.45861,0.76941,0.46545,0.60518,0.44567,1.17083,2.36055,1.80817,1.27246,0.00927928,0.00927928,0.00927928
730,3675.1,0.39738,0.55296,0.30619,0.82535,0.73971,0.50757,0.63906,0.48226,0.73971,0.50757,0.63338,0.46193,1.16399,2.3557,1.76974,1.26349,0.00927829,0.00927829,0.00927829
731,3680.18,0.41617,0.61705,0.34135,0.82546,0.68211,0.56818,0.65666,0.49265,0.64201,0.58946,0.66008,0.47228,1.19923,2.62477,1.5694,1.31894,0.0092773,0.0092773,0.0092773
732,3685.27,0.42515,0.65414,0.32524,0.82336,0.71379,0.53438,0.64177,0.48023,0.71379,0.53438,0.64093,0.47693,1.17066,2.60615,1.59162,1.31382,0.00927631,0.00927631,0.00927631
733,3690.36,0.41653,0.59894,0.31524,0.82209,0.75867,0.54545,0.64272,0.48558,0.75867,0.54545,0.64428,0.46253,1.2069,2.56579,1.53854,1.34462,0.00927532,0.00927532,0.00927532
734,3695.48,0.42106,0.60052,0.32144,0.8231,0.74989,0.52735,0.64777,0.50024,0.74989,0.52735,0.65514,0.47798,1.1659,2.53015,1.53708,1.32859,0.00927433,0.00927433,0.00927433
735,3700.56,0.43344,0.55859,0.33169,0.82616,0.82314,0.51411,0.65911,0.50662,0.82314,0.51411,0.66022,0.45991,1.15331,2.44868,1.53323,1.33759,0.00927334,0.00927334,0.00927334
736,3705.66,0.38726,0.55137,0.31166,0.81594,0.74956,0.55721,0.64594,0.47676,0.73798,0.54859,0.6507,0.4565,1.15715,2.37571,1.53663,1.34627,0.00927235,0.00927235,0.00927235
737,3710.78,0.40851,0.61152,0.32085,0.82976,0.74798,0.54389,0.65956,0.4873,0.662,0.59404,0.65673,0.46068,1.12698,2.27738,1.57956,1.30291,0.00927136,0.00927136,0.00927136
738,3715.9,0.42062,0.60474,0.33439,0.82144,0.60788,0.61991,0.66889,0.49001,0.73391,0.52273,0.66526,0.47194,1.11017,2.10387,1.62852,1.25795,0.00927037,0.00927037,0.00927037
739,3720.96,0.39866,0.57984,0.32157,0.82667,0.6701,0.63625,0.69285,0.5231,0.70006,0.59713,0.68634,0.48812,1.11684,2.17133,1.6112,1.25811,0.00926938,0.00926938,0.00926938
740,3726.08,0.4298,0.57121,0.32572,0.82526,0.78205,0.59196,0.69773,0.52439,0.76975,0.58334,0.68844,0.49352,1.09702,2.1801,1.59471,1.24571,0.00926839,0.00926839,0.00926839
741,3731.17,0.39175,0.58518,0.31758,0.83692,0.74084,0.63401,0.69059,0.51752,0.72817,0.62539,0.68287,0.50092,1.09352,2.20421,1.54568,1.25421,0.0092674,0.0092674,0.0092674
742,3736.28,0.42808,0.5924,0.32328,0.83728,0.79847,0.58162,0.67678,0.50333,0.79847,0.58162,0.67294,0.49326,1.13183,2.29592,1.52076,1.2991,0.00926641,0.00926641,0.00926641
743,3741.39,0.39075,0.56958,0.31161,0.82166,0.68619,0.65987,0.69656,0.50783,0.66654,0.64263,0.68136,0.49614,1.12598,2.29226,1.50135,1.31245,0.00926542,0.00926542,0.00926542
744,3746.5,0.43036,0.64036,0.33377,0.82209,0.65497,0.69671,0.69285,0.50409,0.642,0.68809,0.6782,0.49206,1.10113,2.23989,1.38396,1.28111,0.00926443,0.00926443,0.00926443
745,3751.6,0.41813,0.57567,0.31719,0.83417,0.69261,0.69259,0.70511,0.51763,0.68102,0.68397,0.68834,0.49878,1.10313,2.25979,1.40346,1.29863,0.00926344,0.00926344,0.00926344
746,3756.67,0.41474,0.58306,0.33079,0.81891,0.68707,0.65965,0.6897,0.52134,0.70427,0.65974,0.67565,0.49939,1.12296,2.33205,1.4674,1.35058,0.00926245,0.00926245,0.00926245
747,3761.77,0.41084,0.58675,0.31617,0.82192,0.58674,0.62701,0.67975,0.5044,0.67848,0.60266,0.66747,0.49121,1.1543,2.39468,1.50853,1.34883,0.00926146,0.00926146,0.00926146
748,3766.89,0.39458,0.5729,0.30803,0.82423,0.76299,0.5572,0.67291,0.48698,0.75182,0.54517,0.66918,0.47374,1.16388,2.55265,1.53229,1.35119,0.00926047,0.00926047,0.00926047
749,3771.96,0.38533,0.65524,0.30028,0.81528,0.76227,0.55066,0.64074,0.46483,0.77162,0.51811,0.63201,0.4367,1.2054,2.73567,1.63155,1.35129,0.00925948,0.00925948,0.00925948
750,3777.06,0.4021,0.6046,0.31848,0.8308,0.75599,0.52586,0.62619,0.4617,0.75599,0.52586,0.63752,0.45726,1.20098,2.7961,1.50773,1.36203,0.00925849,0.00925849,0.00925849
751,3782.16,0.39762,0.57008,0.30778,0.81617,0.72559,0.53448,0.64289,0.46971,0.72273,0.55293,0.64742,0.46548,1.18763,2.82263,1.49545,1.38502,0.0092575,0.0092575,0.0092575
752,3787.23,0.37872,0.53177,0.3047,0.8107,0.61122,0.56144,0.6288,0.46148,0.54155,0.57868,0.644,0.44759,1.20659,2.77005,1.56164,1.40929,0.00925651,0.00925651,0.00925651
753,3792.32,0.3795,0.53783,0.29999,0.81891,0.54733,0.62038,0.63376,0.47899,0.59724,0.6211,0.63211,0.45297,1.16935,2.65633,1.55236,1.35887,0.00925552,0.00925552,0.00925552
754,3797.41,0.40489,0.58807,0.32637,0.81814,0.60378,0.62539,0.63141,0.47888,0.62639,0.63368,0.62958,0.44773,1.14323,2.77069,1.58373,1.33637,0.00925453,0.00925453,0.00925453
755,3802.5,0.39251,0.56537,0.32264,0.81841,0.66191,0.60374,0.61849,0.46297,0.66191,0.60374,0.61195,0.42744,1.17092,2.69006,1.57188,1.35796,0.00925354,0.00925354,0.00925354
756,3807.59,0.37393,0.58608,0.2909,0.83115,0.69488,0.58429,0.63488,0.47621,0.69488,0.58429,0.63476,0.43938,1.26964,2.56815,1.67318,1.39217,0.00925255,0.00925255,0.00925255
757,3812.66,0.37735,0.56963,0.30471,0.81177,0.73893,0.62181,0.67119,0.50668,0.73893,0.62181,0.67298,0.46291,1.2123,2.50343,1.686,1.34454,0.00925156,0.00925156,0.00925156
758,3817.75,0.39141,0.55333,0.30794,0.82295,0.65587,0.64812,0.66876,0.51057,0.65991,0.64812,0.66618,0.47091,1.17473,2.66617,1.57141,1.32945,0.00925057,0.00925057,0.00925057
759,3822.86,0.39917,0.53628,0.31714,0.82857,0.73745,0.54545,0.64839,0.49516,0.76289,0.56818,0.65164,0.44974,1.14373,2.6926,1.64031,1.28756,0.00924958,0.00924958,0.00924958
760,3827.95,0.41772,0.64516,0.32861,0.83073,0.77911,0.55279,0.65087,0.49248,0.83022,0.59913,0.67018,0.45226,1.17943,2.50803,1.75708,1.27788,0.00924859,0.00924859,0.00924859
761,3833.05,0.38645,0.55354,0.30993,0.82735,0.69668,0.53713,0.64808,0.50076,0.78959,0.54134,0.6697,0.47324,1.17007,2.64692,1.69665,1.26967,0.0092476,0.0092476,0.0092476
762,3838.15,0.39665,0.57125,0.30506,0.8184,0.71058,0.54107,0.64898,0.51599,0.73175,0.57994,0.66221,0.47341,1.12731,2.6473,1.64584,1.26275,0.00924661,0.00924661,0.00924661
763,3843.25,0.42067,0.59224,0.31595,0.82038,0.60787,0.55935,0.64375,0.50574,0.68376,0.57836,0.6586,0.46773,1.13298,2.69071,1.63202,1.26692,0.00924562,0.00924562,0.00924562
764,3848.33,0.38533,0.58147,0.29554,0.83404,0.64305,0.61426,0.65452,0.50065,0.7217,0.61364,0.67619,0.47047,1.14814,2.59782,1.56227,1.28018,0.00924463,0.00924463,0.00924463
765,3853.4,0.38409,0.60492,0.29624,0.83178,0.78937,0.48824,0.64344,0.49387,0.68914,0.62226,0.67426,0.468,1.18088,2.68933,1.52735,1.31386,0.00924364,0.00924364,0.00924364
766,3858.46,0.42179,0.56469,0.31599,0.84256,0.78794,0.49138,0.60226,0.46596,0.67484,0.56818,0.61876,0.42306,1.1807,2.64235,1.55236,1.30381,0.00924265,0.00924265,0.00924265
767,3863.56,0.38214,0.58542,0.3019,0.81641,0.75074,0.52636,0.61973,0.47162,0.76908,0.57155,0.64026,0.44323,1.10664,2.65939,1.50406,1.25581,0.00924166,0.00924166,0.00924166
768,3868.7,0.4214,0.60567,0.3225,0.83496,0.76499,0.52191,0.6131,0.45907,0.76877,0.54983,0.62762,0.4247,1.15021,2.70256,1.53105,1.2848,0.00924067,0.00924067,0.00924067
769,3873.78,0.37742,0.55153,0.2943,0.8186,0.7972,0.53135,0.63031,0.47583,0.70871,0.61129,0.64796,0.42616,1.16583,2.63554,1.55467,1.30357,0.00923968,0.00923968,0.00923968
770,3878.85,0.41806,0.56646,0.32359,0.82044,0.89231,0.4667,0.65583,0.47593,0.70853,0.60066,0.67134,0.45682,1.14824,2.67906,1.59199,1.29088,0.00923869,0.00923869,0.00923869
771,3883.95,0.39081,0.56482,0.30257,0.82861,0.90144,0.45141,0.64325,0.46899,0.73403,0.53683,0.65806,0.44838,1.1891,2.71518,1.58227,1.32758,0.0092377,0.0092377,0.0092377
772,3889.04,0.41104,0.55419,0.31424,0.81832,0.7099,0.50549,0.62303,0.46421,0.71887,0.57,0.65022,0.43911,1.23229,2.66062,1.61164,1.35782,0.00923671,0.00923671,0.00923671
773,3894.15,0.40339,0.55228,0.31497,0.81775,0.70842,0.53683,0.61729,0.47356,0.71391,0.5808,0.64222,0.42088,1.21146,2.61872,1.58451,1.3367,0.00923572,0.00923572,0.00923572
774,3899.27,0.40202,0.61324,0.31591,0.83039,0.6434,0.54545,0.62374,0.48643,0.72909,0.50732,0.6335,0.45712,1.1717,2.60215,1.61097,1.30721,0.00923473,0.00923473,0.00923473
775,3904.39,0.40037,0.58807,0.32425,0.82509,0.73706,0.51411,0.64005,0.49428,0.78025,0.55956,0.67549,0.44568,1.16521,2.58674,1.5342,1.30367,0.00923374,0.00923374,0.00923374
776,3909.51,0.39367,0.55352,0.307,0.81586,0.76956,0.48824,0.64219,0.49407,0.79542,0.51097,0.65324,0.46567,1.18865,2.52889,1.58873,1.29357,0.00923275,0.00923275,0.00923275
777,3914.62,0.39741,0.58319,0.3174,0.8247,0.79763,0.51411,0.64235,0.50576,0.75701,0.53683,0.65783,0.47616,1.18645,2.48301,1.47347,1.30836,0.00923176,0.00923176,0.00923176
778,3919.72,0.40014,0.58691,0.31448,0.82443,0.74087,0.53209,0.64727,0.49645,0.76787,0.55373,0.65868,0.47247,1.18304,2.55494,1.58512,1.29752,0.00923077,0.00923077,0.00923077
779,3924.85,0.40787,0.59034,0.32028,0.82413,0.84231,0.47414,0.66058,0.49377,0.66439,0.6014,0.6708,0.47376,1.1637,2.51428,1.62018,1.26322,0.00922978,0.00922978,0.00922978
780,3929.98,0.40094,0.54833,0.31096,0.81858,0.88556,0.4677,0.65817,0.49506,0.66286,0.58931,0.66581,0.48208,1.16303,2.45456,1.6989,1.25329,0.00922879,0.00922879,0.00922879
781,3935.05,0.3859,0.58859,0.30574,0.8163,0.88568,0.46552,0.66669,0.48998,0.75248,0.52473,0.67065,0.45894,1.11138,2.44268,1.76858,1.19896,0.0092278,0.0092278,0.0092278
782,3940.15,0.39057,0.53461,0.30866,0.81896,0.88756,0.46529,0.65636,0.47676,0.88756,0.46529,0.669,0.48416,1.11242,2.47435,1.90158,1.20066,0.00922681,0.00922681,0.00922681
783,3945.24,0.39067,0.54796,0.30916,0.82489,0.86137,0.45611,0.65507,0.49744,0.86137,0.45611,0.66251,0.48197,1.08902,2.40982,2.04275,1.181,0.00922582,0.00922582,0.00922582
784,3950.35,0.38139,0.56448,0.30097,0.82598,0.79951,0.45251,0.63067,0.48449,0.77438,0.46612,0.64904,0.45044,1.08123,2.45465,2.04977,1.15835,0.00922483,0.00922483,0.00922483
